-- Sultan Defense urunleri (docs/product-images) — lokal storage + i18n
SET NAMES utf8mb4;

INSERT INTO storage_assets (id,name,bucket,path,folder,mime,size,url,provider,provider_public_id,provider_resource_type,provider_format,created_at,updated_at) VALUES ('43b10261-2431-6525-2ba6-5fc89cc36024','garanti-kompozit-1.jpg','products','sultandefense/products/garanti-kompozit/garanti-kompozit-1.jpg','sultandefense/products/garanti-kompozit','image/jpeg',70667,'/media/sultandefense/products/garanti-kompozit/garanti-kompozit-1.jpg','local','sultandefense/products/garanti-kompozit/garanti-kompozit-1.jpg','image','jpg',NOW(3),NOW(3)) ON DUPLICATE KEY UPDATE url=VALUES(url),path=VALUES(path),size=VALUES(size),updated_at=NOW(3);
INSERT INTO storage_assets (id,name,bucket,path,folder,mime,size,url,provider,provider_public_id,provider_resource_type,provider_format,created_at,updated_at) VALUES ('92cd331f-c103-e242-34c9-084271e94967','garanti-kompozit-2.jpg','products','sultandefense/products/garanti-kompozit/garanti-kompozit-2.jpg','sultandefense/products/garanti-kompozit','image/jpeg',99629,'/media/sultandefense/products/garanti-kompozit/garanti-kompozit-2.jpg','local','sultandefense/products/garanti-kompozit/garanti-kompozit-2.jpg','image','jpg',NOW(3),NOW(3)) ON DUPLICATE KEY UPDATE url=VALUES(url),path=VALUES(path),size=VALUES(size),updated_at=NOW(3);
INSERT INTO storage_assets (id,name,bucket,path,folder,mime,size,url,provider,provider_public_id,provider_resource_type,provider_format,created_at,updated_at) VALUES ('bee9d501-c6ee-d1ea-547a-757ad78afc41','garanti-kompozit-3.jpg','products','sultandefense/products/garanti-kompozit/garanti-kompozit-3.jpg','sultandefense/products/garanti-kompozit','image/jpeg',25336,'/media/sultandefense/products/garanti-kompozit/garanti-kompozit-3.jpg','local','sultandefense/products/garanti-kompozit/garanti-kompozit-3.jpg','image','jpg',NOW(3),NOW(3)) ON DUPLICATE KEY UPDATE url=VALUES(url),path=VALUES(path),size=VALUES(size),updated_at=NOW(3);
INSERT INTO storage_assets (id,name,bucket,path,folder,mime,size,url,provider,provider_public_id,provider_resource_type,provider_format,created_at,updated_at) VALUES ('cbbaf98e-8d70-ca42-44f1-c5c7c54c6f04','garanti-kompozit-4.jpg','products','sultandefense/products/garanti-kompozit/garanti-kompozit-4.jpg','sultandefense/products/garanti-kompozit','image/jpeg',83923,'/media/sultandefense/products/garanti-kompozit/garanti-kompozit-4.jpg','local','sultandefense/products/garanti-kompozit/garanti-kompozit-4.jpg','image','jpg',NOW(3),NOW(3)) ON DUPLICATE KEY UPDATE url=VALUES(url),path=VALUES(path),size=VALUES(size),updated_at=NOW(3);
INSERT INTO storage_assets (id,name,bucket,path,folder,mime,size,url,provider,provider_public_id,provider_resource_type,provider_format,created_at,updated_at) VALUES ('c0ff2800-1938-6d97-d379-cfd8fe657e4b','garanti-kompozit-5.jpg','products','sultandefense/products/garanti-kompozit/garanti-kompozit-5.jpg','sultandefense/products/garanti-kompozit','image/jpeg',31888,'/media/sultandefense/products/garanti-kompozit/garanti-kompozit-5.jpg','local','sultandefense/products/garanti-kompozit/garanti-kompozit-5.jpg','image','jpg',NOW(3),NOW(3)) ON DUPLICATE KEY UPDATE url=VALUES(url),path=VALUES(path),size=VALUES(size),updated_at=NOW(3);
INSERT INTO storage_assets (id,name,bucket,path,folder,mime,size,url,provider,provider_public_id,provider_resource_type,provider_format,created_at,updated_at) VALUES ('46014db2-8d63-8a00-fb86-278c29e11b12','garanti-kompozit-6.jpg','products','sultandefense/products/garanti-kompozit/garanti-kompozit-6.jpg','sultandefense/products/garanti-kompozit','image/jpeg',27557,'/media/sultandefense/products/garanti-kompozit/garanti-kompozit-6.jpg','local','sultandefense/products/garanti-kompozit/garanti-kompozit-6.jpg','image','jpg',NOW(3),NOW(3)) ON DUPLICATE KEY UPDATE url=VALUES(url),path=VALUES(path),size=VALUES(size),updated_at=NOW(3);
INSERT INTO storage_assets (id,name,bucket,path,folder,mime,size,url,provider,provider_public_id,provider_resource_type,provider_format,created_at,updated_at) VALUES ('200759a0-4ddf-35bc-3a72-ad5eaae6ad1d','garanti-kompozit-7.jpg','products','sultandefense/products/garanti-kompozit/garanti-kompozit-7.jpg','sultandefense/products/garanti-kompozit','image/jpeg',29220,'/media/sultandefense/products/garanti-kompozit/garanti-kompozit-7.jpg','local','sultandefense/products/garanti-kompozit/garanti-kompozit-7.jpg','image','jpg',NOW(3),NOW(3)) ON DUPLICATE KEY UPDATE url=VALUES(url),path=VALUES(path),size=VALUES(size),updated_at=NOW(3);
INSERT INTO products (id,item_type,category_id,price,image_url,storage_asset_id,images,storage_image_ids,is_active,is_featured,order_num,created_at,updated_at) VALUES ('14b78448-c464-bb37-f6e4-3751b1df448a','sultandefense','cccc0001-4001-4001-8001-cccccccc0001',0,'/media/sultandefense/products/garanti-kompozit/garanti-kompozit-1.jpg','43b10261-2431-6525-2ba6-5fc89cc36024','["/media/sultandefense/products/garanti-kompozit/garanti-kompozit-1.jpg","/media/sultandefense/products/garanti-kompozit/garanti-kompozit-2.jpg","/media/sultandefense/products/garanti-kompozit/garanti-kompozit-3.jpg","/media/sultandefense/products/garanti-kompozit/garanti-kompozit-4.jpg","/media/sultandefense/products/garanti-kompozit/garanti-kompozit-5.jpg","/media/sultandefense/products/garanti-kompozit/garanti-kompozit-6.jpg","/media/sultandefense/products/garanti-kompozit/garanti-kompozit-7.jpg"]','["43b10261-2431-6525-2ba6-5fc89cc36024","92cd331f-c103-e242-34c9-084271e94967","bee9d501-c6ee-d1ea-547a-757ad78afc41","cbbaf98e-8d70-ca42-44f1-c5c7c54c6f04","c0ff2800-1938-6d97-d379-cfd8fe657e4b","46014db2-8d63-8a00-fb86-278c29e11b12","200759a0-4ddf-35bc-3a72-ad5eaae6ad1d"]',1,0,101,NOW(3),NOW(3)) ON DUPLICATE KEY UPDATE category_id=VALUES(category_id),image_url=VALUES(image_url),storage_asset_id=VALUES(storage_asset_id),images=VALUES(images),storage_image_ids=VALUES(storage_image_ids),is_active=1,updated_at=NOW(3);
INSERT INTO product_i18n (product_id,locale,title,slug,description,alt,tags,specifications,meta_title,meta_description,created_at,updated_at) VALUES ('14b78448-c464-bb37-f6e4-3751b1df448a','en','Garanti Kompozit','garanti-kompozit','<p>Part of Sultan Defense''s verified manufacturer and supplier network. Contact our export team for B2B procurement, technical specifications and export-ready quotations.</p>','Garanti Kompozit','[]','{}','Garanti Kompozit — Sultan Defense','Part of Sultan Defense''s verified manufacturer and supplier network. Contact our export team for B2B procurement, technical specifications and export-ready quot',NOW(3),NOW(3)) ON DUPLICATE KEY UPDATE title=VALUES(title),slug=VALUES(slug),description=VALUES(description),alt=VALUES(alt),meta_title=VALUES(meta_title),meta_description=VALUES(meta_description),updated_at=NOW(3);
INSERT INTO product_i18n (product_id,locale,title,slug,description,alt,tags,specifications,meta_title,meta_description,created_at,updated_at) VALUES ('14b78448-c464-bb37-f6e4-3751b1df448a','tr','Garanti Kompozit','garanti-kompozit','<p>Sultan Defense''in doğrulanmış üretici ve tedarikçi ağının bir parçası. B2B tedarik, teknik şartname ve ihracata hazır teklifler için ihracat ekibimizle iletişime geçin.</p>','Garanti Kompozit','[]','{}','Garanti Kompozit — Sultan Defense','Sultan Defense''in doğrulanmış üretici ve tedarikçi ağının bir parçası. B2B tedarik, teknik şartname ve ihracata hazır teklifler için ihracat ekibimizle iletişim',NOW(3),NOW(3)) ON DUPLICATE KEY UPDATE title=VALUES(title),slug=VALUES(slug),description=VALUES(description),alt=VALUES(alt),meta_title=VALUES(meta_title),meta_description=VALUES(meta_description),updated_at=NOW(3);
INSERT INTO product_i18n (product_id,locale,title,slug,description,alt,tags,specifications,meta_title,meta_description,created_at,updated_at) VALUES ('14b78448-c464-bb37-f6e4-3751b1df448a','de','Garanti Kompozit','garanti-kompozit','<p>Teil des geprüften Hersteller- und Lieferantennetzwerks von Sultan Defense. Kontaktieren Sie unser Exportteam für B2B-Beschaffung, technische Spezifikationen und exportfertige Angebote.</p>','Garanti Kompozit','[]','{}','Garanti Kompozit — Sultan Defense','Teil des geprüften Hersteller- und Lieferantennetzwerks von Sultan Defense. Kontaktieren Sie unser Exportteam für B2B-Beschaffung, technische Spezifikationen un',NOW(3),NOW(3)) ON DUPLICATE KEY UPDATE title=VALUES(title),slug=VALUES(slug),description=VALUES(description),alt=VALUES(alt),meta_title=VALUES(meta_title),meta_description=VALUES(meta_description),updated_at=NOW(3);
INSERT INTO product_i18n (product_id,locale,title,slug,description,alt,tags,specifications,meta_title,meta_description,created_at,updated_at) VALUES ('14b78448-c464-bb37-f6e4-3751b1df448a','ar','Garanti Kompozit','garanti-kompozit','<p>جزء من شبكة الموردين والمصنّعين المعتمدة لدى Sultan Defense. تواصل مع فريق التصدير لدينا للحصول على التوريد B2B والمواصفات الفنية وعروض الأسعار الجاهزة للتصدير.</p>','Garanti Kompozit','[]','{}','Garanti Kompozit — Sultan Defense','جزء من شبكة الموردين والمصنّعين المعتمدة لدى Sultan Defense. تواصل مع فريق التصدير لدينا للحصول على التوريد B2B والمواصفات الفنية وعروض الأسعار الجاهزة للتصدير.',NOW(3),NOW(3)) ON DUPLICATE KEY UPDATE title=VALUES(title),slug=VALUES(slug),description=VALUES(description),alt=VALUES(alt),meta_title=VALUES(meta_title),meta_description=VALUES(meta_description),updated_at=NOW(3);
INSERT INTO product_i18n (product_id,locale,title,slug,description,alt,tags,specifications,meta_title,meta_description,created_at,updated_at) VALUES ('14b78448-c464-bb37-f6e4-3751b1df448a','ru','Garanti Kompozit','garanti-kompozit','<p>Часть проверенной сети производителей и поставщиков Sultan Defense. Свяжитесь с нашим экспортным отделом для B2B-закупок, технических характеристик и готовых к экспорту предложений.</p>','Garanti Kompozit','[]','{}','Garanti Kompozit — Sultan Defense','Часть проверенной сети производителей и поставщиков Sultan Defense. Свяжитесь с нашим экспортным отделом для B2B-закупок, технических характеристик и готовых к ',NOW(3),NOW(3)) ON DUPLICATE KEY UPDATE title=VALUES(title),slug=VALUES(slug),description=VALUES(description),alt=VALUES(alt),meta_title=VALUES(meta_title),meta_description=VALUES(meta_description),updated_at=NOW(3);

INSERT INTO storage_assets (id,name,bucket,path,folder,mime,size,url,provider,provider_public_id,provider_resource_type,provider_format,created_at,updated_at) VALUES ('1c86ccfe-834e-f72f-af41-a36b1a3a9f56','karel-1.jpg','products','sultandefense/products/karel/karel-1.jpg','sultandefense/products/karel','image/jpeg',94042,'/media/sultandefense/products/karel/karel-1.jpg','local','sultandefense/products/karel/karel-1.jpg','image','jpg',NOW(3),NOW(3)) ON DUPLICATE KEY UPDATE url=VALUES(url),path=VALUES(path),size=VALUES(size),updated_at=NOW(3);
INSERT INTO storage_assets (id,name,bucket,path,folder,mime,size,url,provider,provider_public_id,provider_resource_type,provider_format,created_at,updated_at) VALUES ('c56b1cde-9339-9fb5-557b-a59befbf4dbb','karel-2.jpg','products','sultandefense/products/karel/karel-2.jpg','sultandefense/products/karel','image/jpeg',23573,'/media/sultandefense/products/karel/karel-2.jpg','local','sultandefense/products/karel/karel-2.jpg','image','jpg',NOW(3),NOW(3)) ON DUPLICATE KEY UPDATE url=VALUES(url),path=VALUES(path),size=VALUES(size),updated_at=NOW(3);
INSERT INTO storage_assets (id,name,bucket,path,folder,mime,size,url,provider,provider_public_id,provider_resource_type,provider_format,created_at,updated_at) VALUES ('f59ecbd8-987d-d95f-7c5e-e62f5eab53bf','karel-3.jpg','products','sultandefense/products/karel/karel-3.jpg','sultandefense/products/karel','image/jpeg',30381,'/media/sultandefense/products/karel/karel-3.jpg','local','sultandefense/products/karel/karel-3.jpg','image','jpg',NOW(3),NOW(3)) ON DUPLICATE KEY UPDATE url=VALUES(url),path=VALUES(path),size=VALUES(size),updated_at=NOW(3);
INSERT INTO storage_assets (id,name,bucket,path,folder,mime,size,url,provider,provider_public_id,provider_resource_type,provider_format,created_at,updated_at) VALUES ('ab4f51bc-4c05-ef02-5d87-acfaaa86e29a','karel-4.jpg','products','sultandefense/products/karel/karel-4.jpg','sultandefense/products/karel','image/jpeg',16212,'/media/sultandefense/products/karel/karel-4.jpg','local','sultandefense/products/karel/karel-4.jpg','image','jpg',NOW(3),NOW(3)) ON DUPLICATE KEY UPDATE url=VALUES(url),path=VALUES(path),size=VALUES(size),updated_at=NOW(3);
INSERT INTO storage_assets (id,name,bucket,path,folder,mime,size,url,provider,provider_public_id,provider_resource_type,provider_format,created_at,updated_at) VALUES ('e1be7a20-97cb-ea6d-3443-26757e0822ce','karel-5.jpg','products','sultandefense/products/karel/karel-5.jpg','sultandefense/products/karel','image/jpeg',14696,'/media/sultandefense/products/karel/karel-5.jpg','local','sultandefense/products/karel/karel-5.jpg','image','jpg',NOW(3),NOW(3)) ON DUPLICATE KEY UPDATE url=VALUES(url),path=VALUES(path),size=VALUES(size),updated_at=NOW(3);
INSERT INTO products (id,item_type,category_id,price,image_url,storage_asset_id,images,storage_image_ids,is_active,is_featured,order_num,created_at,updated_at) VALUES ('d6d8eaa2-a863-8ae3-ba0c-2c2162181e50','sultandefense','cccc0002-4002-4002-8002-cccccccc0002',0,'/media/sultandefense/products/karel/karel-1.jpg','1c86ccfe-834e-f72f-af41-a36b1a3a9f56','["/media/sultandefense/products/karel/karel-1.jpg","/media/sultandefense/products/karel/karel-2.jpg","/media/sultandefense/products/karel/karel-3.jpg","/media/sultandefense/products/karel/karel-4.jpg","/media/sultandefense/products/karel/karel-5.jpg"]','["1c86ccfe-834e-f72f-af41-a36b1a3a9f56","c56b1cde-9339-9fb5-557b-a59befbf4dbb","f59ecbd8-987d-d95f-7c5e-e62f5eab53bf","ab4f51bc-4c05-ef02-5d87-acfaaa86e29a","e1be7a20-97cb-ea6d-3443-26757e0822ce"]',1,0,102,NOW(3),NOW(3)) ON DUPLICATE KEY UPDATE category_id=VALUES(category_id),image_url=VALUES(image_url),storage_asset_id=VALUES(storage_asset_id),images=VALUES(images),storage_image_ids=VALUES(storage_image_ids),is_active=1,updated_at=NOW(3);
INSERT INTO product_i18n (product_id,locale,title,slug,description,alt,tags,specifications,meta_title,meta_description,created_at,updated_at) VALUES ('d6d8eaa2-a863-8ae3-ba0c-2c2162181e50','en','Karel','karel','<p>Part of Sultan Defense''s verified manufacturer and supplier network. Contact our export team for B2B procurement, technical specifications and export-ready quotations.</p>','Karel','[]','{}','Karel — Sultan Defense','Part of Sultan Defense''s verified manufacturer and supplier network. Contact our export team for B2B procurement, technical specifications and export-ready quot',NOW(3),NOW(3)) ON DUPLICATE KEY UPDATE title=VALUES(title),slug=VALUES(slug),description=VALUES(description),alt=VALUES(alt),meta_title=VALUES(meta_title),meta_description=VALUES(meta_description),updated_at=NOW(3);
INSERT INTO product_i18n (product_id,locale,title,slug,description,alt,tags,specifications,meta_title,meta_description,created_at,updated_at) VALUES ('d6d8eaa2-a863-8ae3-ba0c-2c2162181e50','tr','Karel','karel','<p>Sultan Defense''in doğrulanmış üretici ve tedarikçi ağının bir parçası. B2B tedarik, teknik şartname ve ihracata hazır teklifler için ihracat ekibimizle iletişime geçin.</p>','Karel','[]','{}','Karel — Sultan Defense','Sultan Defense''in doğrulanmış üretici ve tedarikçi ağının bir parçası. B2B tedarik, teknik şartname ve ihracata hazır teklifler için ihracat ekibimizle iletişim',NOW(3),NOW(3)) ON DUPLICATE KEY UPDATE title=VALUES(title),slug=VALUES(slug),description=VALUES(description),alt=VALUES(alt),meta_title=VALUES(meta_title),meta_description=VALUES(meta_description),updated_at=NOW(3);
INSERT INTO product_i18n (product_id,locale,title,slug,description,alt,tags,specifications,meta_title,meta_description,created_at,updated_at) VALUES ('d6d8eaa2-a863-8ae3-ba0c-2c2162181e50','de','Karel','karel','<p>Teil des geprüften Hersteller- und Lieferantennetzwerks von Sultan Defense. Kontaktieren Sie unser Exportteam für B2B-Beschaffung, technische Spezifikationen und exportfertige Angebote.</p>','Karel','[]','{}','Karel — Sultan Defense','Teil des geprüften Hersteller- und Lieferantennetzwerks von Sultan Defense. Kontaktieren Sie unser Exportteam für B2B-Beschaffung, technische Spezifikationen un',NOW(3),NOW(3)) ON DUPLICATE KEY UPDATE title=VALUES(title),slug=VALUES(slug),description=VALUES(description),alt=VALUES(alt),meta_title=VALUES(meta_title),meta_description=VALUES(meta_description),updated_at=NOW(3);
INSERT INTO product_i18n (product_id,locale,title,slug,description,alt,tags,specifications,meta_title,meta_description,created_at,updated_at) VALUES ('d6d8eaa2-a863-8ae3-ba0c-2c2162181e50','ar','Karel','karel','<p>جزء من شبكة الموردين والمصنّعين المعتمدة لدى Sultan Defense. تواصل مع فريق التصدير لدينا للحصول على التوريد B2B والمواصفات الفنية وعروض الأسعار الجاهزة للتصدير.</p>','Karel','[]','{}','Karel — Sultan Defense','جزء من شبكة الموردين والمصنّعين المعتمدة لدى Sultan Defense. تواصل مع فريق التصدير لدينا للحصول على التوريد B2B والمواصفات الفنية وعروض الأسعار الجاهزة للتصدير.',NOW(3),NOW(3)) ON DUPLICATE KEY UPDATE title=VALUES(title),slug=VALUES(slug),description=VALUES(description),alt=VALUES(alt),meta_title=VALUES(meta_title),meta_description=VALUES(meta_description),updated_at=NOW(3);
INSERT INTO product_i18n (product_id,locale,title,slug,description,alt,tags,specifications,meta_title,meta_description,created_at,updated_at) VALUES ('d6d8eaa2-a863-8ae3-ba0c-2c2162181e50','ru','Karel','karel','<p>Часть проверенной сети производителей и поставщиков Sultan Defense. Свяжитесь с нашим экспортным отделом для B2B-закупок, технических характеристик и готовых к экспорту предложений.</p>','Karel','[]','{}','Karel — Sultan Defense','Часть проверенной сети производителей и поставщиков Sultan Defense. Свяжитесь с нашим экспортным отделом для B2B-закупок, технических характеристик и готовых к ',NOW(3),NOW(3)) ON DUPLICATE KEY UPDATE title=VALUES(title),slug=VALUES(slug),description=VALUES(description),alt=VALUES(alt),meta_title=VALUES(meta_title),meta_description=VALUES(meta_description),updated_at=NOW(3);

INSERT INTO storage_assets (id,name,bucket,path,folder,mime,size,url,provider,provider_public_id,provider_resource_type,provider_format,created_at,updated_at) VALUES ('bd3c7878-c66c-5d0f-7d39-ca9d219e9cf3','onur-yuksek-teknoloji-oyt-1.jpg','products','sultandefense/products/onur-yuksek-teknoloji-oyt/onur-yuksek-teknoloji-oyt-1.jpg','sultandefense/products/onur-yuksek-teknoloji-oyt','image/jpeg',181162,'/media/sultandefense/products/onur-yuksek-teknoloji-oyt/onur-yuksek-teknoloji-oyt-1.jpg','local','sultandefense/products/onur-yuksek-teknoloji-oyt/onur-yuksek-teknoloji-oyt-1.jpg','image','jpg',NOW(3),NOW(3)) ON DUPLICATE KEY UPDATE url=VALUES(url),path=VALUES(path),size=VALUES(size),updated_at=NOW(3);
INSERT INTO storage_assets (id,name,bucket,path,folder,mime,size,url,provider,provider_public_id,provider_resource_type,provider_format,created_at,updated_at) VALUES ('6feb1354-cae1-67ed-0fa4-00edb076b3c5','onur-yuksek-teknoloji-oyt-2.jpg','products','sultandefense/products/onur-yuksek-teknoloji-oyt/onur-yuksek-teknoloji-oyt-2.jpg','sultandefense/products/onur-yuksek-teknoloji-oyt','image/jpeg',41936,'/media/sultandefense/products/onur-yuksek-teknoloji-oyt/onur-yuksek-teknoloji-oyt-2.jpg','local','sultandefense/products/onur-yuksek-teknoloji-oyt/onur-yuksek-teknoloji-oyt-2.jpg','image','jpg',NOW(3),NOW(3)) ON DUPLICATE KEY UPDATE url=VALUES(url),path=VALUES(path),size=VALUES(size),updated_at=NOW(3);
INSERT INTO storage_assets (id,name,bucket,path,folder,mime,size,url,provider,provider_public_id,provider_resource_type,provider_format,created_at,updated_at) VALUES ('c6eef05f-0785-cffd-600f-bfaf13e39ad8','onur-yuksek-teknoloji-oyt-3.jpg','products','sultandefense/products/onur-yuksek-teknoloji-oyt/onur-yuksek-teknoloji-oyt-3.jpg','sultandefense/products/onur-yuksek-teknoloji-oyt','image/jpeg',48647,'/media/sultandefense/products/onur-yuksek-teknoloji-oyt/onur-yuksek-teknoloji-oyt-3.jpg','local','sultandefense/products/onur-yuksek-teknoloji-oyt/onur-yuksek-teknoloji-oyt-3.jpg','image','jpg',NOW(3),NOW(3)) ON DUPLICATE KEY UPDATE url=VALUES(url),path=VALUES(path),size=VALUES(size),updated_at=NOW(3);
INSERT INTO storage_assets (id,name,bucket,path,folder,mime,size,url,provider,provider_public_id,provider_resource_type,provider_format,created_at,updated_at) VALUES ('9415e084-3992-504a-3612-bbc4cb5cd508','onur-yuksek-teknoloji-oyt-4.jpg','products','sultandefense/products/onur-yuksek-teknoloji-oyt/onur-yuksek-teknoloji-oyt-4.jpg','sultandefense/products/onur-yuksek-teknoloji-oyt','image/jpeg',26947,'/media/sultandefense/products/onur-yuksek-teknoloji-oyt/onur-yuksek-teknoloji-oyt-4.jpg','local','sultandefense/products/onur-yuksek-teknoloji-oyt/onur-yuksek-teknoloji-oyt-4.jpg','image','jpg',NOW(3),NOW(3)) ON DUPLICATE KEY UPDATE url=VALUES(url),path=VALUES(path),size=VALUES(size),updated_at=NOW(3);
INSERT INTO storage_assets (id,name,bucket,path,folder,mime,size,url,provider,provider_public_id,provider_resource_type,provider_format,created_at,updated_at) VALUES ('66709965-1522-99c2-d1de-1a620f00d969','onur-yuksek-teknoloji-oyt-5.jpg','products','sultandefense/products/onur-yuksek-teknoloji-oyt/onur-yuksek-teknoloji-oyt-5.jpg','sultandefense/products/onur-yuksek-teknoloji-oyt','image/jpeg',28465,'/media/sultandefense/products/onur-yuksek-teknoloji-oyt/onur-yuksek-teknoloji-oyt-5.jpg','local','sultandefense/products/onur-yuksek-teknoloji-oyt/onur-yuksek-teknoloji-oyt-5.jpg','image','jpg',NOW(3),NOW(3)) ON DUPLICATE KEY UPDATE url=VALUES(url),path=VALUES(path),size=VALUES(size),updated_at=NOW(3);
INSERT INTO storage_assets (id,name,bucket,path,folder,mime,size,url,provider,provider_public_id,provider_resource_type,provider_format,created_at,updated_at) VALUES ('f3a5f17a-079b-5b31-8cbd-0d58068f1a55','onur-yuksek-teknoloji-oyt-6.jpg','products','sultandefense/products/onur-yuksek-teknoloji-oyt/onur-yuksek-teknoloji-oyt-6.jpg','sultandefense/products/onur-yuksek-teknoloji-oyt','image/jpeg',26860,'/media/sultandefense/products/onur-yuksek-teknoloji-oyt/onur-yuksek-teknoloji-oyt-6.jpg','local','sultandefense/products/onur-yuksek-teknoloji-oyt/onur-yuksek-teknoloji-oyt-6.jpg','image','jpg',NOW(3),NOW(3)) ON DUPLICATE KEY UPDATE url=VALUES(url),path=VALUES(path),size=VALUES(size),updated_at=NOW(3);
INSERT INTO storage_assets (id,name,bucket,path,folder,mime,size,url,provider,provider_public_id,provider_resource_type,provider_format,created_at,updated_at) VALUES ('871b8706-dcb1-d6f5-05f5-653c1d58537f','onur-yuksek-teknoloji-oyt-7.jpg','products','sultandefense/products/onur-yuksek-teknoloji-oyt/onur-yuksek-teknoloji-oyt-7.jpg','sultandefense/products/onur-yuksek-teknoloji-oyt','image/jpeg',64528,'/media/sultandefense/products/onur-yuksek-teknoloji-oyt/onur-yuksek-teknoloji-oyt-7.jpg','local','sultandefense/products/onur-yuksek-teknoloji-oyt/onur-yuksek-teknoloji-oyt-7.jpg','image','jpg',NOW(3),NOW(3)) ON DUPLICATE KEY UPDATE url=VALUES(url),path=VALUES(path),size=VALUES(size),updated_at=NOW(3);
INSERT INTO storage_assets (id,name,bucket,path,folder,mime,size,url,provider,provider_public_id,provider_resource_type,provider_format,created_at,updated_at) VALUES ('55d6edcc-d840-ea8d-13a2-ec3068f0f461','onur-yuksek-teknoloji-oyt-8.jpg','products','sultandefense/products/onur-yuksek-teknoloji-oyt/onur-yuksek-teknoloji-oyt-8.jpg','sultandefense/products/onur-yuksek-teknoloji-oyt','image/jpeg',20985,'/media/sultandefense/products/onur-yuksek-teknoloji-oyt/onur-yuksek-teknoloji-oyt-8.jpg','local','sultandefense/products/onur-yuksek-teknoloji-oyt/onur-yuksek-teknoloji-oyt-8.jpg','image','jpg',NOW(3),NOW(3)) ON DUPLICATE KEY UPDATE url=VALUES(url),path=VALUES(path),size=VALUES(size),updated_at=NOW(3);
INSERT INTO storage_assets (id,name,bucket,path,folder,mime,size,url,provider,provider_public_id,provider_resource_type,provider_format,created_at,updated_at) VALUES ('464eb180-0453-37dc-86f1-6436dae22ec2','onur-yuksek-teknoloji-oyt-9.jpg','products','sultandefense/products/onur-yuksek-teknoloji-oyt/onur-yuksek-teknoloji-oyt-9.jpg','sultandefense/products/onur-yuksek-teknoloji-oyt','image/jpeg',21610,'/media/sultandefense/products/onur-yuksek-teknoloji-oyt/onur-yuksek-teknoloji-oyt-9.jpg','local','sultandefense/products/onur-yuksek-teknoloji-oyt/onur-yuksek-teknoloji-oyt-9.jpg','image','jpg',NOW(3),NOW(3)) ON DUPLICATE KEY UPDATE url=VALUES(url),path=VALUES(path),size=VALUES(size),updated_at=NOW(3);
INSERT INTO storage_assets (id,name,bucket,path,folder,mime,size,url,provider,provider_public_id,provider_resource_type,provider_format,created_at,updated_at) VALUES ('da8b3528-2acc-fc47-8bcd-399aa1272cef','onur-yuksek-teknoloji-oyt-10.jpg','products','sultandefense/products/onur-yuksek-teknoloji-oyt/onur-yuksek-teknoloji-oyt-10.jpg','sultandefense/products/onur-yuksek-teknoloji-oyt','image/jpeg',25994,'/media/sultandefense/products/onur-yuksek-teknoloji-oyt/onur-yuksek-teknoloji-oyt-10.jpg','local','sultandefense/products/onur-yuksek-teknoloji-oyt/onur-yuksek-teknoloji-oyt-10.jpg','image','jpg',NOW(3),NOW(3)) ON DUPLICATE KEY UPDATE url=VALUES(url),path=VALUES(path),size=VALUES(size),updated_at=NOW(3);
INSERT INTO storage_assets (id,name,bucket,path,folder,mime,size,url,provider,provider_public_id,provider_resource_type,provider_format,created_at,updated_at) VALUES ('b73b7061-387b-22a9-98ed-b952adabb71b','onur-yuksek-teknoloji-oyt-11.jpg','products','sultandefense/products/onur-yuksek-teknoloji-oyt/onur-yuksek-teknoloji-oyt-11.jpg','sultandefense/products/onur-yuksek-teknoloji-oyt','image/jpeg',23908,'/media/sultandefense/products/onur-yuksek-teknoloji-oyt/onur-yuksek-teknoloji-oyt-11.jpg','local','sultandefense/products/onur-yuksek-teknoloji-oyt/onur-yuksek-teknoloji-oyt-11.jpg','image','jpg',NOW(3),NOW(3)) ON DUPLICATE KEY UPDATE url=VALUES(url),path=VALUES(path),size=VALUES(size),updated_at=NOW(3);
INSERT INTO storage_assets (id,name,bucket,path,folder,mime,size,url,provider,provider_public_id,provider_resource_type,provider_format,created_at,updated_at) VALUES ('7b126b17-2d5a-0b5b-d233-4e15cea81a41','onur-yuksek-teknoloji-oyt-12.jpg','products','sultandefense/products/onur-yuksek-teknoloji-oyt/onur-yuksek-teknoloji-oyt-12.jpg','sultandefense/products/onur-yuksek-teknoloji-oyt','image/jpeg',15295,'/media/sultandefense/products/onur-yuksek-teknoloji-oyt/onur-yuksek-teknoloji-oyt-12.jpg','local','sultandefense/products/onur-yuksek-teknoloji-oyt/onur-yuksek-teknoloji-oyt-12.jpg','image','jpg',NOW(3),NOW(3)) ON DUPLICATE KEY UPDATE url=VALUES(url),path=VALUES(path),size=VALUES(size),updated_at=NOW(3);
INSERT INTO storage_assets (id,name,bucket,path,folder,mime,size,url,provider,provider_public_id,provider_resource_type,provider_format,created_at,updated_at) VALUES ('c02824d0-8f48-624f-5a83-a6d578e66d40','onur-yuksek-teknoloji-oyt-13.jpg','products','sultandefense/products/onur-yuksek-teknoloji-oyt/onur-yuksek-teknoloji-oyt-13.jpg','sultandefense/products/onur-yuksek-teknoloji-oyt','image/jpeg',16514,'/media/sultandefense/products/onur-yuksek-teknoloji-oyt/onur-yuksek-teknoloji-oyt-13.jpg','local','sultandefense/products/onur-yuksek-teknoloji-oyt/onur-yuksek-teknoloji-oyt-13.jpg','image','jpg',NOW(3),NOW(3)) ON DUPLICATE KEY UPDATE url=VALUES(url),path=VALUES(path),size=VALUES(size),updated_at=NOW(3);
INSERT INTO storage_assets (id,name,bucket,path,folder,mime,size,url,provider,provider_public_id,provider_resource_type,provider_format,created_at,updated_at) VALUES ('74c50080-b826-b693-aaa9-30fcf8497705','onur-yuksek-teknoloji-oyt-14.jpg','products','sultandefense/products/onur-yuksek-teknoloji-oyt/onur-yuksek-teknoloji-oyt-14.jpg','sultandefense/products/onur-yuksek-teknoloji-oyt','image/jpeg',16779,'/media/sultandefense/products/onur-yuksek-teknoloji-oyt/onur-yuksek-teknoloji-oyt-14.jpg','local','sultandefense/products/onur-yuksek-teknoloji-oyt/onur-yuksek-teknoloji-oyt-14.jpg','image','jpg',NOW(3),NOW(3)) ON DUPLICATE KEY UPDATE url=VALUES(url),path=VALUES(path),size=VALUES(size),updated_at=NOW(3);
INSERT INTO storage_assets (id,name,bucket,path,folder,mime,size,url,provider,provider_public_id,provider_resource_type,provider_format,created_at,updated_at) VALUES ('c6baaef2-0772-612d-c801-38f709da87be','onur-yuksek-teknoloji-oyt-15.jpg','products','sultandefense/products/onur-yuksek-teknoloji-oyt/onur-yuksek-teknoloji-oyt-15.jpg','sultandefense/products/onur-yuksek-teknoloji-oyt','image/jpeg',37759,'/media/sultandefense/products/onur-yuksek-teknoloji-oyt/onur-yuksek-teknoloji-oyt-15.jpg','local','sultandefense/products/onur-yuksek-teknoloji-oyt/onur-yuksek-teknoloji-oyt-15.jpg','image','jpg',NOW(3),NOW(3)) ON DUPLICATE KEY UPDATE url=VALUES(url),path=VALUES(path),size=VALUES(size),updated_at=NOW(3);
INSERT INTO products (id,item_type,category_id,price,image_url,storage_asset_id,images,storage_image_ids,is_active,is_featured,order_num,created_at,updated_at) VALUES ('8cb88773-f574-b966-6b96-d5f798849228','sultandefense','cccc0002-4002-4002-8002-cccccccc0002',0,'/media/sultandefense/products/onur-yuksek-teknoloji-oyt/onur-yuksek-teknoloji-oyt-1.jpg','bd3c7878-c66c-5d0f-7d39-ca9d219e9cf3','["/media/sultandefense/products/onur-yuksek-teknoloji-oyt/onur-yuksek-teknoloji-oyt-1.jpg","/media/sultandefense/products/onur-yuksek-teknoloji-oyt/onur-yuksek-teknoloji-oyt-2.jpg","/media/sultandefense/products/onur-yuksek-teknoloji-oyt/onur-yuksek-teknoloji-oyt-3.jpg","/media/sultandefense/products/onur-yuksek-teknoloji-oyt/onur-yuksek-teknoloji-oyt-4.jpg","/media/sultandefense/products/onur-yuksek-teknoloji-oyt/onur-yuksek-teknoloji-oyt-5.jpg","/media/sultandefense/products/onur-yuksek-teknoloji-oyt/onur-yuksek-teknoloji-oyt-6.jpg","/media/sultandefense/products/onur-yuksek-teknoloji-oyt/onur-yuksek-teknoloji-oyt-7.jpg","/media/sultandefense/products/onur-yuksek-teknoloji-oyt/onur-yuksek-teknoloji-oyt-8.jpg","/media/sultandefense/products/onur-yuksek-teknoloji-oyt/onur-yuksek-teknoloji-oyt-9.jpg","/media/sultandefense/products/onur-yuksek-teknoloji-oyt/onur-yuksek-teknoloji-oyt-10.jpg","/media/sultandefense/products/onur-yuksek-teknoloji-oyt/onur-yuksek-teknoloji-oyt-11.jpg","/media/sultandefense/products/onur-yuksek-teknoloji-oyt/onur-yuksek-teknoloji-oyt-12.jpg","/media/sultandefense/products/onur-yuksek-teknoloji-oyt/onur-yuksek-teknoloji-oyt-13.jpg","/media/sultandefense/products/onur-yuksek-teknoloji-oyt/onur-yuksek-teknoloji-oyt-14.jpg","/media/sultandefense/products/onur-yuksek-teknoloji-oyt/onur-yuksek-teknoloji-oyt-15.jpg"]','["bd3c7878-c66c-5d0f-7d39-ca9d219e9cf3","6feb1354-cae1-67ed-0fa4-00edb076b3c5","c6eef05f-0785-cffd-600f-bfaf13e39ad8","9415e084-3992-504a-3612-bbc4cb5cd508","66709965-1522-99c2-d1de-1a620f00d969","f3a5f17a-079b-5b31-8cbd-0d58068f1a55","871b8706-dcb1-d6f5-05f5-653c1d58537f","55d6edcc-d840-ea8d-13a2-ec3068f0f461","464eb180-0453-37dc-86f1-6436dae22ec2","da8b3528-2acc-fc47-8bcd-399aa1272cef","b73b7061-387b-22a9-98ed-b952adabb71b","7b126b17-2d5a-0b5b-d233-4e15cea81a41","c02824d0-8f48-624f-5a83-a6d578e66d40","74c50080-b826-b693-aaa9-30fcf8497705","c6baaef2-0772-612d-c801-38f709da87be"]',1,0,103,NOW(3),NOW(3)) ON DUPLICATE KEY UPDATE category_id=VALUES(category_id),image_url=VALUES(image_url),storage_asset_id=VALUES(storage_asset_id),images=VALUES(images),storage_image_ids=VALUES(storage_image_ids),is_active=1,updated_at=NOW(3);
INSERT INTO product_i18n (product_id,locale,title,slug,description,alt,tags,specifications,meta_title,meta_description,created_at,updated_at) VALUES ('8cb88773-f574-b966-6b96-d5f798849228','en','Onur Yuksek Teknoloji OYT','onur-yuksek-teknoloji-oyt','<p>Part of Sultan Defense''s verified manufacturer and supplier network. Contact our export team for B2B procurement, technical specifications and export-ready quotations.</p>','Onur Yuksek Teknoloji OYT','[]','{}','Onur Yuksek Teknoloji OYT — Sultan Defense','Part of Sultan Defense''s verified manufacturer and supplier network. Contact our export team for B2B procurement, technical specifications and export-ready quot',NOW(3),NOW(3)) ON DUPLICATE KEY UPDATE title=VALUES(title),slug=VALUES(slug),description=VALUES(description),alt=VALUES(alt),meta_title=VALUES(meta_title),meta_description=VALUES(meta_description),updated_at=NOW(3);
INSERT INTO product_i18n (product_id,locale,title,slug,description,alt,tags,specifications,meta_title,meta_description,created_at,updated_at) VALUES ('8cb88773-f574-b966-6b96-d5f798849228','tr','Onur Yuksek Teknoloji OYT','onur-yuksek-teknoloji-oyt','<p>Sultan Defense''in doğrulanmış üretici ve tedarikçi ağının bir parçası. B2B tedarik, teknik şartname ve ihracata hazır teklifler için ihracat ekibimizle iletişime geçin.</p>','Onur Yuksek Teknoloji OYT','[]','{}','Onur Yuksek Teknoloji OYT — Sultan Defense','Sultan Defense''in doğrulanmış üretici ve tedarikçi ağının bir parçası. B2B tedarik, teknik şartname ve ihracata hazır teklifler için ihracat ekibimizle iletişim',NOW(3),NOW(3)) ON DUPLICATE KEY UPDATE title=VALUES(title),slug=VALUES(slug),description=VALUES(description),alt=VALUES(alt),meta_title=VALUES(meta_title),meta_description=VALUES(meta_description),updated_at=NOW(3);
INSERT INTO product_i18n (product_id,locale,title,slug,description,alt,tags,specifications,meta_title,meta_description,created_at,updated_at) VALUES ('8cb88773-f574-b966-6b96-d5f798849228','de','Onur Yuksek Teknoloji OYT','onur-yuksek-teknoloji-oyt','<p>Teil des geprüften Hersteller- und Lieferantennetzwerks von Sultan Defense. Kontaktieren Sie unser Exportteam für B2B-Beschaffung, technische Spezifikationen und exportfertige Angebote.</p>','Onur Yuksek Teknoloji OYT','[]','{}','Onur Yuksek Teknoloji OYT — Sultan Defense','Teil des geprüften Hersteller- und Lieferantennetzwerks von Sultan Defense. Kontaktieren Sie unser Exportteam für B2B-Beschaffung, technische Spezifikationen un',NOW(3),NOW(3)) ON DUPLICATE KEY UPDATE title=VALUES(title),slug=VALUES(slug),description=VALUES(description),alt=VALUES(alt),meta_title=VALUES(meta_title),meta_description=VALUES(meta_description),updated_at=NOW(3);
INSERT INTO product_i18n (product_id,locale,title,slug,description,alt,tags,specifications,meta_title,meta_description,created_at,updated_at) VALUES ('8cb88773-f574-b966-6b96-d5f798849228','ar','Onur Yuksek Teknoloji OYT','onur-yuksek-teknoloji-oyt','<p>جزء من شبكة الموردين والمصنّعين المعتمدة لدى Sultan Defense. تواصل مع فريق التصدير لدينا للحصول على التوريد B2B والمواصفات الفنية وعروض الأسعار الجاهزة للتصدير.</p>','Onur Yuksek Teknoloji OYT','[]','{}','Onur Yuksek Teknoloji OYT — Sultan Defense','جزء من شبكة الموردين والمصنّعين المعتمدة لدى Sultan Defense. تواصل مع فريق التصدير لدينا للحصول على التوريد B2B والمواصفات الفنية وعروض الأسعار الجاهزة للتصدير.',NOW(3),NOW(3)) ON DUPLICATE KEY UPDATE title=VALUES(title),slug=VALUES(slug),description=VALUES(description),alt=VALUES(alt),meta_title=VALUES(meta_title),meta_description=VALUES(meta_description),updated_at=NOW(3);
INSERT INTO product_i18n (product_id,locale,title,slug,description,alt,tags,specifications,meta_title,meta_description,created_at,updated_at) VALUES ('8cb88773-f574-b966-6b96-d5f798849228','ru','Onur Yuksek Teknoloji OYT','onur-yuksek-teknoloji-oyt','<p>Часть проверенной сети производителей и поставщиков Sultan Defense. Свяжитесь с нашим экспортным отделом для B2B-закупок, технических характеристик и готовых к экспорту предложений.</p>','Onur Yuksek Teknoloji OYT','[]','{}','Onur Yuksek Teknoloji OYT — Sultan Defense','Часть проверенной сети производителей и поставщиков Sultan Defense. Свяжитесь с нашим экспортным отделом для B2B-закупок, технических характеристик и готовых к ',NOW(3),NOW(3)) ON DUPLICATE KEY UPDATE title=VALUES(title),slug=VALUES(slug),description=VALUES(description),alt=VALUES(alt),meta_title=VALUES(meta_title),meta_description=VALUES(meta_description),updated_at=NOW(3);

INSERT INTO storage_assets (id,name,bucket,path,folder,mime,size,url,provider,provider_public_id,provider_resource_type,provider_format,created_at,updated_at) VALUES ('ed73eae9-cfac-dbc4-d3c3-d4df30c29edc','dorce-1.jpg','products','sultandefense/products/dorce/dorce-1.jpg','sultandefense/products/dorce','image/jpeg',144494,'/media/sultandefense/products/dorce/dorce-1.jpg','local','sultandefense/products/dorce/dorce-1.jpg','image','jpg',NOW(3),NOW(3)) ON DUPLICATE KEY UPDATE url=VALUES(url),path=VALUES(path),size=VALUES(size),updated_at=NOW(3);
INSERT INTO storage_assets (id,name,bucket,path,folder,mime,size,url,provider,provider_public_id,provider_resource_type,provider_format,created_at,updated_at) VALUES ('38cc2ac8-2744-699d-6134-9e72ed289ae4','dorce-2.jpg','products','sultandefense/products/dorce/dorce-2.jpg','sultandefense/products/dorce','image/jpeg',58840,'/media/sultandefense/products/dorce/dorce-2.jpg','local','sultandefense/products/dorce/dorce-2.jpg','image','jpg',NOW(3),NOW(3)) ON DUPLICATE KEY UPDATE url=VALUES(url),path=VALUES(path),size=VALUES(size),updated_at=NOW(3);
INSERT INTO storage_assets (id,name,bucket,path,folder,mime,size,url,provider,provider_public_id,provider_resource_type,provider_format,created_at,updated_at) VALUES ('0217c7e1-a680-2423-6583-5adee558d1cf','dorce-3.jpg','products','sultandefense/products/dorce/dorce-3.jpg','sultandefense/products/dorce','image/jpeg',38696,'/media/sultandefense/products/dorce/dorce-3.jpg','local','sultandefense/products/dorce/dorce-3.jpg','image','jpg',NOW(3),NOW(3)) ON DUPLICATE KEY UPDATE url=VALUES(url),path=VALUES(path),size=VALUES(size),updated_at=NOW(3);
INSERT INTO storage_assets (id,name,bucket,path,folder,mime,size,url,provider,provider_public_id,provider_resource_type,provider_format,created_at,updated_at) VALUES ('4e857eb4-da9b-62aa-c448-043d02dbfad3','dorce-4.jpg','products','sultandefense/products/dorce/dorce-4.jpg','sultandefense/products/dorce','image/jpeg',71978,'/media/sultandefense/products/dorce/dorce-4.jpg','local','sultandefense/products/dorce/dorce-4.jpg','image','jpg',NOW(3),NOW(3)) ON DUPLICATE KEY UPDATE url=VALUES(url),path=VALUES(path),size=VALUES(size),updated_at=NOW(3);
INSERT INTO storage_assets (id,name,bucket,path,folder,mime,size,url,provider,provider_public_id,provider_resource_type,provider_format,created_at,updated_at) VALUES ('bd12a593-95bc-f9e1-8573-17864f739546','dorce-5.jpg','products','sultandefense/products/dorce/dorce-5.jpg','sultandefense/products/dorce','image/jpeg',59139,'/media/sultandefense/products/dorce/dorce-5.jpg','local','sultandefense/products/dorce/dorce-5.jpg','image','jpg',NOW(3),NOW(3)) ON DUPLICATE KEY UPDATE url=VALUES(url),path=VALUES(path),size=VALUES(size),updated_at=NOW(3);
INSERT INTO storage_assets (id,name,bucket,path,folder,mime,size,url,provider,provider_public_id,provider_resource_type,provider_format,created_at,updated_at) VALUES ('233663e1-fbad-e36a-5f21-0fe062231963','dorce-6.jpg','products','sultandefense/products/dorce/dorce-6.jpg','sultandefense/products/dorce','image/jpeg',18794,'/media/sultandefense/products/dorce/dorce-6.jpg','local','sultandefense/products/dorce/dorce-6.jpg','image','jpg',NOW(3),NOW(3)) ON DUPLICATE KEY UPDATE url=VALUES(url),path=VALUES(path),size=VALUES(size),updated_at=NOW(3);
INSERT INTO storage_assets (id,name,bucket,path,folder,mime,size,url,provider,provider_public_id,provider_resource_type,provider_format,created_at,updated_at) VALUES ('a17f5bbd-03e0-9049-0c56-1f80a7eb049c','dorce-7.jpg','products','sultandefense/products/dorce/dorce-7.jpg','sultandefense/products/dorce','image/jpeg',33439,'/media/sultandefense/products/dorce/dorce-7.jpg','local','sultandefense/products/dorce/dorce-7.jpg','image','jpg',NOW(3),NOW(3)) ON DUPLICATE KEY UPDATE url=VALUES(url),path=VALUES(path),size=VALUES(size),updated_at=NOW(3);
INSERT INTO storage_assets (id,name,bucket,path,folder,mime,size,url,provider,provider_public_id,provider_resource_type,provider_format,created_at,updated_at) VALUES ('9f777564-3ad8-bcc5-1843-2eb3f42f6825','dorce-8.jpg','products','sultandefense/products/dorce/dorce-8.jpg','sultandefense/products/dorce','image/jpeg',22585,'/media/sultandefense/products/dorce/dorce-8.jpg','local','sultandefense/products/dorce/dorce-8.jpg','image','jpg',NOW(3),NOW(3)) ON DUPLICATE KEY UPDATE url=VALUES(url),path=VALUES(path),size=VALUES(size),updated_at=NOW(3);
INSERT INTO storage_assets (id,name,bucket,path,folder,mime,size,url,provider,provider_public_id,provider_resource_type,provider_format,created_at,updated_at) VALUES ('cc0f22e8-f9e6-f7ee-2c03-2046afa39b40','dorce-9.jpg','products','sultandefense/products/dorce/dorce-9.jpg','sultandefense/products/dorce','image/jpeg',35500,'/media/sultandefense/products/dorce/dorce-9.jpg','local','sultandefense/products/dorce/dorce-9.jpg','image','jpg',NOW(3),NOW(3)) ON DUPLICATE KEY UPDATE url=VALUES(url),path=VALUES(path),size=VALUES(size),updated_at=NOW(3);
INSERT INTO storage_assets (id,name,bucket,path,folder,mime,size,url,provider,provider_public_id,provider_resource_type,provider_format,created_at,updated_at) VALUES ('49a258d0-16bb-a446-0ce7-a23aa9a40cf8','dorce-10.jpg','products','sultandefense/products/dorce/dorce-10.jpg','sultandefense/products/dorce','image/jpeg',46040,'/media/sultandefense/products/dorce/dorce-10.jpg','local','sultandefense/products/dorce/dorce-10.jpg','image','jpg',NOW(3),NOW(3)) ON DUPLICATE KEY UPDATE url=VALUES(url),path=VALUES(path),size=VALUES(size),updated_at=NOW(3);
INSERT INTO storage_assets (id,name,bucket,path,folder,mime,size,url,provider,provider_public_id,provider_resource_type,provider_format,created_at,updated_at) VALUES ('656d02d6-26a8-b55c-66b2-f16daeae06c0','dorce-11.jpg','products','sultandefense/products/dorce/dorce-11.jpg','sultandefense/products/dorce','image/jpeg',34207,'/media/sultandefense/products/dorce/dorce-11.jpg','local','sultandefense/products/dorce/dorce-11.jpg','image','jpg',NOW(3),NOW(3)) ON DUPLICATE KEY UPDATE url=VALUES(url),path=VALUES(path),size=VALUES(size),updated_at=NOW(3);
INSERT INTO storage_assets (id,name,bucket,path,folder,mime,size,url,provider,provider_public_id,provider_resource_type,provider_format,created_at,updated_at) VALUES ('766dfd9e-42c9-d86b-0d4d-f78aac834644','dorce-12.jpg','products','sultandefense/products/dorce/dorce-12.jpg','sultandefense/products/dorce','image/jpeg',31086,'/media/sultandefense/products/dorce/dorce-12.jpg','local','sultandefense/products/dorce/dorce-12.jpg','image','jpg',NOW(3),NOW(3)) ON DUPLICATE KEY UPDATE url=VALUES(url),path=VALUES(path),size=VALUES(size),updated_at=NOW(3);
INSERT INTO storage_assets (id,name,bucket,path,folder,mime,size,url,provider,provider_public_id,provider_resource_type,provider_format,created_at,updated_at) VALUES ('9f359ebb-d4ab-7238-3408-e2bb4f7a8386','dorce-13.jpg','products','sultandefense/products/dorce/dorce-13.jpg','sultandefense/products/dorce','image/jpeg',22746,'/media/sultandefense/products/dorce/dorce-13.jpg','local','sultandefense/products/dorce/dorce-13.jpg','image','jpg',NOW(3),NOW(3)) ON DUPLICATE KEY UPDATE url=VALUES(url),path=VALUES(path),size=VALUES(size),updated_at=NOW(3);
INSERT INTO products (id,item_type,category_id,price,image_url,storage_asset_id,images,storage_image_ids,is_active,is_featured,order_num,created_at,updated_at) VALUES ('462309f7-3d91-80ed-29b4-2c4a6c074b91','sultandefense','cccc0003-4003-4003-8003-cccccccc0003',0,'/media/sultandefense/products/dorce/dorce-1.jpg','ed73eae9-cfac-dbc4-d3c3-d4df30c29edc','["/media/sultandefense/products/dorce/dorce-1.jpg","/media/sultandefense/products/dorce/dorce-2.jpg","/media/sultandefense/products/dorce/dorce-3.jpg","/media/sultandefense/products/dorce/dorce-4.jpg","/media/sultandefense/products/dorce/dorce-5.jpg","/media/sultandefense/products/dorce/dorce-6.jpg","/media/sultandefense/products/dorce/dorce-7.jpg","/media/sultandefense/products/dorce/dorce-8.jpg","/media/sultandefense/products/dorce/dorce-9.jpg","/media/sultandefense/products/dorce/dorce-10.jpg","/media/sultandefense/products/dorce/dorce-11.jpg","/media/sultandefense/products/dorce/dorce-12.jpg","/media/sultandefense/products/dorce/dorce-13.jpg"]','["ed73eae9-cfac-dbc4-d3c3-d4df30c29edc","38cc2ac8-2744-699d-6134-9e72ed289ae4","0217c7e1-a680-2423-6583-5adee558d1cf","4e857eb4-da9b-62aa-c448-043d02dbfad3","bd12a593-95bc-f9e1-8573-17864f739546","233663e1-fbad-e36a-5f21-0fe062231963","a17f5bbd-03e0-9049-0c56-1f80a7eb049c","9f777564-3ad8-bcc5-1843-2eb3f42f6825","cc0f22e8-f9e6-f7ee-2c03-2046afa39b40","49a258d0-16bb-a446-0ce7-a23aa9a40cf8","656d02d6-26a8-b55c-66b2-f16daeae06c0","766dfd9e-42c9-d86b-0d4d-f78aac834644","9f359ebb-d4ab-7238-3408-e2bb4f7a8386"]',1,0,104,NOW(3),NOW(3)) ON DUPLICATE KEY UPDATE category_id=VALUES(category_id),image_url=VALUES(image_url),storage_asset_id=VALUES(storage_asset_id),images=VALUES(images),storage_image_ids=VALUES(storage_image_ids),is_active=1,updated_at=NOW(3);
INSERT INTO product_i18n (product_id,locale,title,slug,description,alt,tags,specifications,meta_title,meta_description,created_at,updated_at) VALUES ('462309f7-3d91-80ed-29b4-2c4a6c074b91','en','Dorce','dorce','<p>Part of Sultan Defense''s verified manufacturer and supplier network. Contact our export team for B2B procurement, technical specifications and export-ready quotations.</p>','Dorce','[]','{}','Dorce — Sultan Defense','Part of Sultan Defense''s verified manufacturer and supplier network. Contact our export team for B2B procurement, technical specifications and export-ready quot',NOW(3),NOW(3)) ON DUPLICATE KEY UPDATE title=VALUES(title),slug=VALUES(slug),description=VALUES(description),alt=VALUES(alt),meta_title=VALUES(meta_title),meta_description=VALUES(meta_description),updated_at=NOW(3);
INSERT INTO product_i18n (product_id,locale,title,slug,description,alt,tags,specifications,meta_title,meta_description,created_at,updated_at) VALUES ('462309f7-3d91-80ed-29b4-2c4a6c074b91','tr','Dorce','dorce','<p>Sultan Defense''in doğrulanmış üretici ve tedarikçi ağının bir parçası. B2B tedarik, teknik şartname ve ihracata hazır teklifler için ihracat ekibimizle iletişime geçin.</p>','Dorce','[]','{}','Dorce — Sultan Defense','Sultan Defense''in doğrulanmış üretici ve tedarikçi ağının bir parçası. B2B tedarik, teknik şartname ve ihracata hazır teklifler için ihracat ekibimizle iletişim',NOW(3),NOW(3)) ON DUPLICATE KEY UPDATE title=VALUES(title),slug=VALUES(slug),description=VALUES(description),alt=VALUES(alt),meta_title=VALUES(meta_title),meta_description=VALUES(meta_description),updated_at=NOW(3);
INSERT INTO product_i18n (product_id,locale,title,slug,description,alt,tags,specifications,meta_title,meta_description,created_at,updated_at) VALUES ('462309f7-3d91-80ed-29b4-2c4a6c074b91','de','Dorce','dorce','<p>Teil des geprüften Hersteller- und Lieferantennetzwerks von Sultan Defense. Kontaktieren Sie unser Exportteam für B2B-Beschaffung, technische Spezifikationen und exportfertige Angebote.</p>','Dorce','[]','{}','Dorce — Sultan Defense','Teil des geprüften Hersteller- und Lieferantennetzwerks von Sultan Defense. Kontaktieren Sie unser Exportteam für B2B-Beschaffung, technische Spezifikationen un',NOW(3),NOW(3)) ON DUPLICATE KEY UPDATE title=VALUES(title),slug=VALUES(slug),description=VALUES(description),alt=VALUES(alt),meta_title=VALUES(meta_title),meta_description=VALUES(meta_description),updated_at=NOW(3);
INSERT INTO product_i18n (product_id,locale,title,slug,description,alt,tags,specifications,meta_title,meta_description,created_at,updated_at) VALUES ('462309f7-3d91-80ed-29b4-2c4a6c074b91','ar','Dorce','dorce','<p>جزء من شبكة الموردين والمصنّعين المعتمدة لدى Sultan Defense. تواصل مع فريق التصدير لدينا للحصول على التوريد B2B والمواصفات الفنية وعروض الأسعار الجاهزة للتصدير.</p>','Dorce','[]','{}','Dorce — Sultan Defense','جزء من شبكة الموردين والمصنّعين المعتمدة لدى Sultan Defense. تواصل مع فريق التصدير لدينا للحصول على التوريد B2B والمواصفات الفنية وعروض الأسعار الجاهزة للتصدير.',NOW(3),NOW(3)) ON DUPLICATE KEY UPDATE title=VALUES(title),slug=VALUES(slug),description=VALUES(description),alt=VALUES(alt),meta_title=VALUES(meta_title),meta_description=VALUES(meta_description),updated_at=NOW(3);
INSERT INTO product_i18n (product_id,locale,title,slug,description,alt,tags,specifications,meta_title,meta_description,created_at,updated_at) VALUES ('462309f7-3d91-80ed-29b4-2c4a6c074b91','ru','Dorce','dorce','<p>Часть проверенной сети производителей и поставщиков Sultan Defense. Свяжитесь с нашим экспортным отделом для B2B-закупок, технических характеристик и готовых к экспорту предложений.</p>','Dorce','[]','{}','Dorce — Sultan Defense','Часть проверенной сети производителей и поставщиков Sultan Defense. Свяжитесь с нашим экспортным отделом для B2B-закупок, технических характеристик и готовых к ',NOW(3),NOW(3)) ON DUPLICATE KEY UPDATE title=VALUES(title),slug=VALUES(slug),description=VALUES(description),alt=VALUES(alt),meta_title=VALUES(meta_title),meta_description=VALUES(meta_description),updated_at=NOW(3);

INSERT INTO storage_assets (id,name,bucket,path,folder,mime,size,url,provider,provider_public_id,provider_resource_type,provider_format,created_at,updated_at) VALUES ('49a0dd29-0981-81f0-a125-377279b14cdc','kayalar-1.jpg','products','sultandefense/products/kayalar/kayalar-1.jpg','sultandefense/products/kayalar','image/jpeg',114593,'/media/sultandefense/products/kayalar/kayalar-1.jpg','local','sultandefense/products/kayalar/kayalar-1.jpg','image','jpg',NOW(3),NOW(3)) ON DUPLICATE KEY UPDATE url=VALUES(url),path=VALUES(path),size=VALUES(size),updated_at=NOW(3);
INSERT INTO storage_assets (id,name,bucket,path,folder,mime,size,url,provider,provider_public_id,provider_resource_type,provider_format,created_at,updated_at) VALUES ('01affc7a-b35b-a034-342c-9ce333478ea7','kayalar-2.jpg','products','sultandefense/products/kayalar/kayalar-2.jpg','sultandefense/products/kayalar','image/jpeg',83512,'/media/sultandefense/products/kayalar/kayalar-2.jpg','local','sultandefense/products/kayalar/kayalar-2.jpg','image','jpg',NOW(3),NOW(3)) ON DUPLICATE KEY UPDATE url=VALUES(url),path=VALUES(path),size=VALUES(size),updated_at=NOW(3);
INSERT INTO storage_assets (id,name,bucket,path,folder,mime,size,url,provider,provider_public_id,provider_resource_type,provider_format,created_at,updated_at) VALUES ('2abafcbe-e2ea-4c84-6f44-1321283ff24b','kayalar-3.jpg','products','sultandefense/products/kayalar/kayalar-3.jpg','sultandefense/products/kayalar','image/jpeg',62540,'/media/sultandefense/products/kayalar/kayalar-3.jpg','local','sultandefense/products/kayalar/kayalar-3.jpg','image','jpg',NOW(3),NOW(3)) ON DUPLICATE KEY UPDATE url=VALUES(url),path=VALUES(path),size=VALUES(size),updated_at=NOW(3);
INSERT INTO storage_assets (id,name,bucket,path,folder,mime,size,url,provider,provider_public_id,provider_resource_type,provider_format,created_at,updated_at) VALUES ('0d7e5b0d-be75-4975-7943-926eaccad1b0','kayalar-4.jpg','products','sultandefense/products/kayalar/kayalar-4.jpg','sultandefense/products/kayalar','image/jpeg',25470,'/media/sultandefense/products/kayalar/kayalar-4.jpg','local','sultandefense/products/kayalar/kayalar-4.jpg','image','jpg',NOW(3),NOW(3)) ON DUPLICATE KEY UPDATE url=VALUES(url),path=VALUES(path),size=VALUES(size),updated_at=NOW(3);
INSERT INTO storage_assets (id,name,bucket,path,folder,mime,size,url,provider,provider_public_id,provider_resource_type,provider_format,created_at,updated_at) VALUES ('71618c0a-ef85-4355-7115-92fbaec05e54','kayalar-5.jpg','products','sultandefense/products/kayalar/kayalar-5.jpg','sultandefense/products/kayalar','image/jpeg',25818,'/media/sultandefense/products/kayalar/kayalar-5.jpg','local','sultandefense/products/kayalar/kayalar-5.jpg','image','jpg',NOW(3),NOW(3)) ON DUPLICATE KEY UPDATE url=VALUES(url),path=VALUES(path),size=VALUES(size),updated_at=NOW(3);
INSERT INTO storage_assets (id,name,bucket,path,folder,mime,size,url,provider,provider_public_id,provider_resource_type,provider_format,created_at,updated_at) VALUES ('9b4051e7-15f1-511b-d7e1-1b8b28ae3fcc','kayalar-6.jpg','products','sultandefense/products/kayalar/kayalar-6.jpg','sultandefense/products/kayalar','image/jpeg',54382,'/media/sultandefense/products/kayalar/kayalar-6.jpg','local','sultandefense/products/kayalar/kayalar-6.jpg','image','jpg',NOW(3),NOW(3)) ON DUPLICATE KEY UPDATE url=VALUES(url),path=VALUES(path),size=VALUES(size),updated_at=NOW(3);
INSERT INTO storage_assets (id,name,bucket,path,folder,mime,size,url,provider,provider_public_id,provider_resource_type,provider_format,created_at,updated_at) VALUES ('194a8a0c-be22-e5a9-fdb0-44ab738d9c45','kayalar-7.jpg','products','sultandefense/products/kayalar/kayalar-7.jpg','sultandefense/products/kayalar','image/jpeg',68851,'/media/sultandefense/products/kayalar/kayalar-7.jpg','local','sultandefense/products/kayalar/kayalar-7.jpg','image','jpg',NOW(3),NOW(3)) ON DUPLICATE KEY UPDATE url=VALUES(url),path=VALUES(path),size=VALUES(size),updated_at=NOW(3);
INSERT INTO storage_assets (id,name,bucket,path,folder,mime,size,url,provider,provider_public_id,provider_resource_type,provider_format,created_at,updated_at) VALUES ('ff6e07bc-c528-aa13-8972-e709c10dd7c4','kayalar-8.jpg','products','sultandefense/products/kayalar/kayalar-8.jpg','sultandefense/products/kayalar','image/jpeg',48842,'/media/sultandefense/products/kayalar/kayalar-8.jpg','local','sultandefense/products/kayalar/kayalar-8.jpg','image','jpg',NOW(3),NOW(3)) ON DUPLICATE KEY UPDATE url=VALUES(url),path=VALUES(path),size=VALUES(size),updated_at=NOW(3);
INSERT INTO storage_assets (id,name,bucket,path,folder,mime,size,url,provider,provider_public_id,provider_resource_type,provider_format,created_at,updated_at) VALUES ('4995adbb-74db-9fb8-f274-6cb81cd64a4f','kayalar-9.jpg','products','sultandefense/products/kayalar/kayalar-9.jpg','sultandefense/products/kayalar','image/jpeg',35513,'/media/sultandefense/products/kayalar/kayalar-9.jpg','local','sultandefense/products/kayalar/kayalar-9.jpg','image','jpg',NOW(3),NOW(3)) ON DUPLICATE KEY UPDATE url=VALUES(url),path=VALUES(path),size=VALUES(size),updated_at=NOW(3);
INSERT INTO storage_assets (id,name,bucket,path,folder,mime,size,url,provider,provider_public_id,provider_resource_type,provider_format,created_at,updated_at) VALUES ('83449109-d341-0107-cec4-b74a9547aae1','kayalar-10.jpg','products','sultandefense/products/kayalar/kayalar-10.jpg','sultandefense/products/kayalar','image/jpeg',12934,'/media/sultandefense/products/kayalar/kayalar-10.jpg','local','sultandefense/products/kayalar/kayalar-10.jpg','image','jpg',NOW(3),NOW(3)) ON DUPLICATE KEY UPDATE url=VALUES(url),path=VALUES(path),size=VALUES(size),updated_at=NOW(3);
INSERT INTO storage_assets (id,name,bucket,path,folder,mime,size,url,provider,provider_public_id,provider_resource_type,provider_format,created_at,updated_at) VALUES ('0335f4a0-72af-b4be-510b-d4b287ce1461','kayalar-11.jpg','products','sultandefense/products/kayalar/kayalar-11.jpg','sultandefense/products/kayalar','image/jpeg',26824,'/media/sultandefense/products/kayalar/kayalar-11.jpg','local','sultandefense/products/kayalar/kayalar-11.jpg','image','jpg',NOW(3),NOW(3)) ON DUPLICATE KEY UPDATE url=VALUES(url),path=VALUES(path),size=VALUES(size),updated_at=NOW(3);
INSERT INTO products (id,item_type,category_id,price,image_url,storage_asset_id,images,storage_image_ids,is_active,is_featured,order_num,created_at,updated_at) VALUES ('c35b4dc0-abbc-1eb8-4d8b-b69447bd8107','sultandefense','cccc0003-4003-4003-8003-cccccccc0003',0,'/media/sultandefense/products/kayalar/kayalar-1.jpg','49a0dd29-0981-81f0-a125-377279b14cdc','["/media/sultandefense/products/kayalar/kayalar-1.jpg","/media/sultandefense/products/kayalar/kayalar-2.jpg","/media/sultandefense/products/kayalar/kayalar-3.jpg","/media/sultandefense/products/kayalar/kayalar-4.jpg","/media/sultandefense/products/kayalar/kayalar-5.jpg","/media/sultandefense/products/kayalar/kayalar-6.jpg","/media/sultandefense/products/kayalar/kayalar-7.jpg","/media/sultandefense/products/kayalar/kayalar-8.jpg","/media/sultandefense/products/kayalar/kayalar-9.jpg","/media/sultandefense/products/kayalar/kayalar-10.jpg","/media/sultandefense/products/kayalar/kayalar-11.jpg"]','["49a0dd29-0981-81f0-a125-377279b14cdc","01affc7a-b35b-a034-342c-9ce333478ea7","2abafcbe-e2ea-4c84-6f44-1321283ff24b","0d7e5b0d-be75-4975-7943-926eaccad1b0","71618c0a-ef85-4355-7115-92fbaec05e54","9b4051e7-15f1-511b-d7e1-1b8b28ae3fcc","194a8a0c-be22-e5a9-fdb0-44ab738d9c45","ff6e07bc-c528-aa13-8972-e709c10dd7c4","4995adbb-74db-9fb8-f274-6cb81cd64a4f","83449109-d341-0107-cec4-b74a9547aae1","0335f4a0-72af-b4be-510b-d4b287ce1461"]',1,0,105,NOW(3),NOW(3)) ON DUPLICATE KEY UPDATE category_id=VALUES(category_id),image_url=VALUES(image_url),storage_asset_id=VALUES(storage_asset_id),images=VALUES(images),storage_image_ids=VALUES(storage_image_ids),is_active=1,updated_at=NOW(3);
INSERT INTO product_i18n (product_id,locale,title,slug,description,alt,tags,specifications,meta_title,meta_description,created_at,updated_at) VALUES ('c35b4dc0-abbc-1eb8-4d8b-b69447bd8107','en','Kayalar','kayalar','<p>Part of Sultan Defense''s verified manufacturer and supplier network. Contact our export team for B2B procurement, technical specifications and export-ready quotations.</p>','Kayalar','[]','{}','Kayalar — Sultan Defense','Part of Sultan Defense''s verified manufacturer and supplier network. Contact our export team for B2B procurement, technical specifications and export-ready quot',NOW(3),NOW(3)) ON DUPLICATE KEY UPDATE title=VALUES(title),slug=VALUES(slug),description=VALUES(description),alt=VALUES(alt),meta_title=VALUES(meta_title),meta_description=VALUES(meta_description),updated_at=NOW(3);
INSERT INTO product_i18n (product_id,locale,title,slug,description,alt,tags,specifications,meta_title,meta_description,created_at,updated_at) VALUES ('c35b4dc0-abbc-1eb8-4d8b-b69447bd8107','tr','Kayalar','kayalar','<p>Sultan Defense''in doğrulanmış üretici ve tedarikçi ağının bir parçası. B2B tedarik, teknik şartname ve ihracata hazır teklifler için ihracat ekibimizle iletişime geçin.</p>','Kayalar','[]','{}','Kayalar — Sultan Defense','Sultan Defense''in doğrulanmış üretici ve tedarikçi ağının bir parçası. B2B tedarik, teknik şartname ve ihracata hazır teklifler için ihracat ekibimizle iletişim',NOW(3),NOW(3)) ON DUPLICATE KEY UPDATE title=VALUES(title),slug=VALUES(slug),description=VALUES(description),alt=VALUES(alt),meta_title=VALUES(meta_title),meta_description=VALUES(meta_description),updated_at=NOW(3);
INSERT INTO product_i18n (product_id,locale,title,slug,description,alt,tags,specifications,meta_title,meta_description,created_at,updated_at) VALUES ('c35b4dc0-abbc-1eb8-4d8b-b69447bd8107','de','Kayalar','kayalar','<p>Teil des geprüften Hersteller- und Lieferantennetzwerks von Sultan Defense. Kontaktieren Sie unser Exportteam für B2B-Beschaffung, technische Spezifikationen und exportfertige Angebote.</p>','Kayalar','[]','{}','Kayalar — Sultan Defense','Teil des geprüften Hersteller- und Lieferantennetzwerks von Sultan Defense. Kontaktieren Sie unser Exportteam für B2B-Beschaffung, technische Spezifikationen un',NOW(3),NOW(3)) ON DUPLICATE KEY UPDATE title=VALUES(title),slug=VALUES(slug),description=VALUES(description),alt=VALUES(alt),meta_title=VALUES(meta_title),meta_description=VALUES(meta_description),updated_at=NOW(3);
INSERT INTO product_i18n (product_id,locale,title,slug,description,alt,tags,specifications,meta_title,meta_description,created_at,updated_at) VALUES ('c35b4dc0-abbc-1eb8-4d8b-b69447bd8107','ar','Kayalar','kayalar','<p>جزء من شبكة الموردين والمصنّعين المعتمدة لدى Sultan Defense. تواصل مع فريق التصدير لدينا للحصول على التوريد B2B والمواصفات الفنية وعروض الأسعار الجاهزة للتصدير.</p>','Kayalar','[]','{}','Kayalar — Sultan Defense','جزء من شبكة الموردين والمصنّعين المعتمدة لدى Sultan Defense. تواصل مع فريق التصدير لدينا للحصول على التوريد B2B والمواصفات الفنية وعروض الأسعار الجاهزة للتصدير.',NOW(3),NOW(3)) ON DUPLICATE KEY UPDATE title=VALUES(title),slug=VALUES(slug),description=VALUES(description),alt=VALUES(alt),meta_title=VALUES(meta_title),meta_description=VALUES(meta_description),updated_at=NOW(3);
INSERT INTO product_i18n (product_id,locale,title,slug,description,alt,tags,specifications,meta_title,meta_description,created_at,updated_at) VALUES ('c35b4dc0-abbc-1eb8-4d8b-b69447bd8107','ru','Kayalar','kayalar','<p>Часть проверенной сети производителей и поставщиков Sultan Defense. Свяжитесь с нашим экспортным отделом для B2B-закупок, технических характеристик и готовых к экспорту предложений.</p>','Kayalar','[]','{}','Kayalar — Sultan Defense','Часть проверенной сети производителей и поставщиков Sultan Defense. Свяжитесь с нашим экспортным отделом для B2B-закупок, технических характеристик и готовых к ',NOW(3),NOW(3)) ON DUPLICATE KEY UPDATE title=VALUES(title),slug=VALUES(slug),description=VALUES(description),alt=VALUES(alt),meta_title=VALUES(meta_title),meta_description=VALUES(meta_description),updated_at=NOW(3);

INSERT INTO storage_assets (id,name,bucket,path,folder,mime,size,url,provider,provider_public_id,provider_resource_type,provider_format,created_at,updated_at) VALUES ('91c4ed00-4904-7549-a2ae-7559b5c698c1','oztiryakiler-1.jpg','products','sultandefense/products/oztiryakiler/oztiryakiler-1.jpg','sultandefense/products/oztiryakiler','image/jpeg',32205,'/media/sultandefense/products/oztiryakiler/oztiryakiler-1.jpg','local','sultandefense/products/oztiryakiler/oztiryakiler-1.jpg','image','jpg',NOW(3),NOW(3)) ON DUPLICATE KEY UPDATE url=VALUES(url),path=VALUES(path),size=VALUES(size),updated_at=NOW(3);
INSERT INTO storage_assets (id,name,bucket,path,folder,mime,size,url,provider,provider_public_id,provider_resource_type,provider_format,created_at,updated_at) VALUES ('11afc5f8-0c82-bdf3-fb2f-cb5ff3358757','oztiryakiler-2.jpg','products','sultandefense/products/oztiryakiler/oztiryakiler-2.jpg','sultandefense/products/oztiryakiler','image/jpeg',23176,'/media/sultandefense/products/oztiryakiler/oztiryakiler-2.jpg','local','sultandefense/products/oztiryakiler/oztiryakiler-2.jpg','image','jpg',NOW(3),NOW(3)) ON DUPLICATE KEY UPDATE url=VALUES(url),path=VALUES(path),size=VALUES(size),updated_at=NOW(3);
INSERT INTO storage_assets (id,name,bucket,path,folder,mime,size,url,provider,provider_public_id,provider_resource_type,provider_format,created_at,updated_at) VALUES ('cca09149-1daa-8488-53e2-52001e099e7f','oztiryakiler-3.jpg','products','sultandefense/products/oztiryakiler/oztiryakiler-3.jpg','sultandefense/products/oztiryakiler','image/jpeg',31979,'/media/sultandefense/products/oztiryakiler/oztiryakiler-3.jpg','local','sultandefense/products/oztiryakiler/oztiryakiler-3.jpg','image','jpg',NOW(3),NOW(3)) ON DUPLICATE KEY UPDATE url=VALUES(url),path=VALUES(path),size=VALUES(size),updated_at=NOW(3);
INSERT INTO storage_assets (id,name,bucket,path,folder,mime,size,url,provider,provider_public_id,provider_resource_type,provider_format,created_at,updated_at) VALUES ('cef30687-614b-6e54-d2af-2e13bb5591e7','oztiryakiler-4.jpg','products','sultandefense/products/oztiryakiler/oztiryakiler-4.jpg','sultandefense/products/oztiryakiler','image/jpeg',28009,'/media/sultandefense/products/oztiryakiler/oztiryakiler-4.jpg','local','sultandefense/products/oztiryakiler/oztiryakiler-4.jpg','image','jpg',NOW(3),NOW(3)) ON DUPLICATE KEY UPDATE url=VALUES(url),path=VALUES(path),size=VALUES(size),updated_at=NOW(3);
INSERT INTO storage_assets (id,name,bucket,path,folder,mime,size,url,provider,provider_public_id,provider_resource_type,provider_format,created_at,updated_at) VALUES ('dbb73fd4-17e2-3211-9f64-f867deba04d9','oztiryakiler-5.jpg','products','sultandefense/products/oztiryakiler/oztiryakiler-5.jpg','sultandefense/products/oztiryakiler','image/jpeg',82029,'/media/sultandefense/products/oztiryakiler/oztiryakiler-5.jpg','local','sultandefense/products/oztiryakiler/oztiryakiler-5.jpg','image','jpg',NOW(3),NOW(3)) ON DUPLICATE KEY UPDATE url=VALUES(url),path=VALUES(path),size=VALUES(size),updated_at=NOW(3);
INSERT INTO storage_assets (id,name,bucket,path,folder,mime,size,url,provider,provider_public_id,provider_resource_type,provider_format,created_at,updated_at) VALUES ('9dcaf47e-471d-7680-a9a3-dff3aa4e2991','oztiryakiler-6.jpg','products','sultandefense/products/oztiryakiler/oztiryakiler-6.jpg','sultandefense/products/oztiryakiler','image/jpeg',84051,'/media/sultandefense/products/oztiryakiler/oztiryakiler-6.jpg','local','sultandefense/products/oztiryakiler/oztiryakiler-6.jpg','image','jpg',NOW(3),NOW(3)) ON DUPLICATE KEY UPDATE url=VALUES(url),path=VALUES(path),size=VALUES(size),updated_at=NOW(3);
INSERT INTO storage_assets (id,name,bucket,path,folder,mime,size,url,provider,provider_public_id,provider_resource_type,provider_format,created_at,updated_at) VALUES ('9d0a3d9d-1915-d93b-b31e-43b30679fd2f','oztiryakiler-7.jpg','products','sultandefense/products/oztiryakiler/oztiryakiler-7.jpg','sultandefense/products/oztiryakiler','image/jpeg',56424,'/media/sultandefense/products/oztiryakiler/oztiryakiler-7.jpg','local','sultandefense/products/oztiryakiler/oztiryakiler-7.jpg','image','jpg',NOW(3),NOW(3)) ON DUPLICATE KEY UPDATE url=VALUES(url),path=VALUES(path),size=VALUES(size),updated_at=NOW(3);
INSERT INTO storage_assets (id,name,bucket,path,folder,mime,size,url,provider,provider_public_id,provider_resource_type,provider_format,created_at,updated_at) VALUES ('bf3f8c03-bc4d-d5ff-9944-a025e1a04eca','oztiryakiler-8.jpg','products','sultandefense/products/oztiryakiler/oztiryakiler-8.jpg','sultandefense/products/oztiryakiler','image/jpeg',36378,'/media/sultandefense/products/oztiryakiler/oztiryakiler-8.jpg','local','sultandefense/products/oztiryakiler/oztiryakiler-8.jpg','image','jpg',NOW(3),NOW(3)) ON DUPLICATE KEY UPDATE url=VALUES(url),path=VALUES(path),size=VALUES(size),updated_at=NOW(3);
INSERT INTO storage_assets (id,name,bucket,path,folder,mime,size,url,provider,provider_public_id,provider_resource_type,provider_format,created_at,updated_at) VALUES ('18824a6f-31c6-47f3-8dbf-d50b00044c45','oztiryakiler-9.jpg','products','sultandefense/products/oztiryakiler/oztiryakiler-9.jpg','sultandefense/products/oztiryakiler','image/jpeg',116601,'/media/sultandefense/products/oztiryakiler/oztiryakiler-9.jpg','local','sultandefense/products/oztiryakiler/oztiryakiler-9.jpg','image','jpg',NOW(3),NOW(3)) ON DUPLICATE KEY UPDATE url=VALUES(url),path=VALUES(path),size=VALUES(size),updated_at=NOW(3);
INSERT INTO products (id,item_type,category_id,price,image_url,storage_asset_id,images,storage_image_ids,is_active,is_featured,order_num,created_at,updated_at) VALUES ('3abed954-119b-cdef-6af9-ee0422439bf5','sultandefense','cccc0003-4003-4003-8003-cccccccc0003',0,'/media/sultandefense/products/oztiryakiler/oztiryakiler-1.jpg','91c4ed00-4904-7549-a2ae-7559b5c698c1','["/media/sultandefense/products/oztiryakiler/oztiryakiler-1.jpg","/media/sultandefense/products/oztiryakiler/oztiryakiler-2.jpg","/media/sultandefense/products/oztiryakiler/oztiryakiler-3.jpg","/media/sultandefense/products/oztiryakiler/oztiryakiler-4.jpg","/media/sultandefense/products/oztiryakiler/oztiryakiler-5.jpg","/media/sultandefense/products/oztiryakiler/oztiryakiler-6.jpg","/media/sultandefense/products/oztiryakiler/oztiryakiler-7.jpg","/media/sultandefense/products/oztiryakiler/oztiryakiler-8.jpg","/media/sultandefense/products/oztiryakiler/oztiryakiler-9.jpg"]','["91c4ed00-4904-7549-a2ae-7559b5c698c1","11afc5f8-0c82-bdf3-fb2f-cb5ff3358757","cca09149-1daa-8488-53e2-52001e099e7f","cef30687-614b-6e54-d2af-2e13bb5591e7","dbb73fd4-17e2-3211-9f64-f867deba04d9","9dcaf47e-471d-7680-a9a3-dff3aa4e2991","9d0a3d9d-1915-d93b-b31e-43b30679fd2f","bf3f8c03-bc4d-d5ff-9944-a025e1a04eca","18824a6f-31c6-47f3-8dbf-d50b00044c45"]',1,0,106,NOW(3),NOW(3)) ON DUPLICATE KEY UPDATE category_id=VALUES(category_id),image_url=VALUES(image_url),storage_asset_id=VALUES(storage_asset_id),images=VALUES(images),storage_image_ids=VALUES(storage_image_ids),is_active=1,updated_at=NOW(3);
INSERT INTO product_i18n (product_id,locale,title,slug,description,alt,tags,specifications,meta_title,meta_description,created_at,updated_at) VALUES ('3abed954-119b-cdef-6af9-ee0422439bf5','en','Oztiryakiler','oztiryakiler','<p>Part of Sultan Defense''s verified manufacturer and supplier network. Contact our export team for B2B procurement, technical specifications and export-ready quotations.</p>','Oztiryakiler','[]','{}','Oztiryakiler — Sultan Defense','Part of Sultan Defense''s verified manufacturer and supplier network. Contact our export team for B2B procurement, technical specifications and export-ready quot',NOW(3),NOW(3)) ON DUPLICATE KEY UPDATE title=VALUES(title),slug=VALUES(slug),description=VALUES(description),alt=VALUES(alt),meta_title=VALUES(meta_title),meta_description=VALUES(meta_description),updated_at=NOW(3);
INSERT INTO product_i18n (product_id,locale,title,slug,description,alt,tags,specifications,meta_title,meta_description,created_at,updated_at) VALUES ('3abed954-119b-cdef-6af9-ee0422439bf5','tr','Oztiryakiler','oztiryakiler','<p>Sultan Defense''in doğrulanmış üretici ve tedarikçi ağının bir parçası. B2B tedarik, teknik şartname ve ihracata hazır teklifler için ihracat ekibimizle iletişime geçin.</p>','Oztiryakiler','[]','{}','Oztiryakiler — Sultan Defense','Sultan Defense''in doğrulanmış üretici ve tedarikçi ağının bir parçası. B2B tedarik, teknik şartname ve ihracata hazır teklifler için ihracat ekibimizle iletişim',NOW(3),NOW(3)) ON DUPLICATE KEY UPDATE title=VALUES(title),slug=VALUES(slug),description=VALUES(description),alt=VALUES(alt),meta_title=VALUES(meta_title),meta_description=VALUES(meta_description),updated_at=NOW(3);
INSERT INTO product_i18n (product_id,locale,title,slug,description,alt,tags,specifications,meta_title,meta_description,created_at,updated_at) VALUES ('3abed954-119b-cdef-6af9-ee0422439bf5','de','Oztiryakiler','oztiryakiler','<p>Teil des geprüften Hersteller- und Lieferantennetzwerks von Sultan Defense. Kontaktieren Sie unser Exportteam für B2B-Beschaffung, technische Spezifikationen und exportfertige Angebote.</p>','Oztiryakiler','[]','{}','Oztiryakiler — Sultan Defense','Teil des geprüften Hersteller- und Lieferantennetzwerks von Sultan Defense. Kontaktieren Sie unser Exportteam für B2B-Beschaffung, technische Spezifikationen un',NOW(3),NOW(3)) ON DUPLICATE KEY UPDATE title=VALUES(title),slug=VALUES(slug),description=VALUES(description),alt=VALUES(alt),meta_title=VALUES(meta_title),meta_description=VALUES(meta_description),updated_at=NOW(3);
INSERT INTO product_i18n (product_id,locale,title,slug,description,alt,tags,specifications,meta_title,meta_description,created_at,updated_at) VALUES ('3abed954-119b-cdef-6af9-ee0422439bf5','ar','Oztiryakiler','oztiryakiler','<p>جزء من شبكة الموردين والمصنّعين المعتمدة لدى Sultan Defense. تواصل مع فريق التصدير لدينا للحصول على التوريد B2B والمواصفات الفنية وعروض الأسعار الجاهزة للتصدير.</p>','Oztiryakiler','[]','{}','Oztiryakiler — Sultan Defense','جزء من شبكة الموردين والمصنّعين المعتمدة لدى Sultan Defense. تواصل مع فريق التصدير لدينا للحصول على التوريد B2B والمواصفات الفنية وعروض الأسعار الجاهزة للتصدير.',NOW(3),NOW(3)) ON DUPLICATE KEY UPDATE title=VALUES(title),slug=VALUES(slug),description=VALUES(description),alt=VALUES(alt),meta_title=VALUES(meta_title),meta_description=VALUES(meta_description),updated_at=NOW(3);
INSERT INTO product_i18n (product_id,locale,title,slug,description,alt,tags,specifications,meta_title,meta_description,created_at,updated_at) VALUES ('3abed954-119b-cdef-6af9-ee0422439bf5','ru','Oztiryakiler','oztiryakiler','<p>Часть проверенной сети производителей и поставщиков Sultan Defense. Свяжитесь с нашим экспортным отделом для B2B-закупок, технических характеристик и готовых к экспорту предложений.</p>','Oztiryakiler','[]','{}','Oztiryakiler — Sultan Defense','Часть проверенной сети производителей и поставщиков Sultan Defense. Свяжитесь с нашим экспортным отделом для B2B-закупок, технических характеристик и готовых к ',NOW(3),NOW(3)) ON DUPLICATE KEY UPDATE title=VALUES(title),slug=VALUES(slug),description=VALUES(description),alt=VALUES(alt),meta_title=VALUES(meta_title),meta_description=VALUES(meta_description),updated_at=NOW(3);

INSERT INTO storage_assets (id,name,bucket,path,folder,mime,size,url,provider,provider_public_id,provider_resource_type,provider_format,created_at,updated_at) VALUES ('e5e6c73e-b150-2e49-e510-4c0fcf0dc0e6','yol-bak-1.jpg','products','sultandefense/products/yol-bak/yol-bak-1.jpg','sultandefense/products/yol-bak','image/jpeg',329252,'/media/sultandefense/products/yol-bak/yol-bak-1.jpg','local','sultandefense/products/yol-bak/yol-bak-1.jpg','image','jpg',NOW(3),NOW(3)) ON DUPLICATE KEY UPDATE url=VALUES(url),path=VALUES(path),size=VALUES(size),updated_at=NOW(3);
INSERT INTO storage_assets (id,name,bucket,path,folder,mime,size,url,provider,provider_public_id,provider_resource_type,provider_format,created_at,updated_at) VALUES ('552cced9-0c2e-87b4-38b5-bec811a21cc4','yol-bak-2.jpg','products','sultandefense/products/yol-bak/yol-bak-2.jpg','sultandefense/products/yol-bak','image/jpeg',100690,'/media/sultandefense/products/yol-bak/yol-bak-2.jpg','local','sultandefense/products/yol-bak/yol-bak-2.jpg','image','jpg',NOW(3),NOW(3)) ON DUPLICATE KEY UPDATE url=VALUES(url),path=VALUES(path),size=VALUES(size),updated_at=NOW(3);
INSERT INTO storage_assets (id,name,bucket,path,folder,mime,size,url,provider,provider_public_id,provider_resource_type,provider_format,created_at,updated_at) VALUES ('33017786-0cf8-ba38-b001-9c928a2ea3a1','yol-bak-3.jpg','products','sultandefense/products/yol-bak/yol-bak-3.jpg','sultandefense/products/yol-bak','image/jpeg',25908,'/media/sultandefense/products/yol-bak/yol-bak-3.jpg','local','sultandefense/products/yol-bak/yol-bak-3.jpg','image','jpg',NOW(3),NOW(3)) ON DUPLICATE KEY UPDATE url=VALUES(url),path=VALUES(path),size=VALUES(size),updated_at=NOW(3);
INSERT INTO storage_assets (id,name,bucket,path,folder,mime,size,url,provider,provider_public_id,provider_resource_type,provider_format,created_at,updated_at) VALUES ('a083edf7-4178-bbb4-711d-1eedc7d8cd3a','yol-bak-4.jpg','products','sultandefense/products/yol-bak/yol-bak-4.jpg','sultandefense/products/yol-bak','image/jpeg',67265,'/media/sultandefense/products/yol-bak/yol-bak-4.jpg','local','sultandefense/products/yol-bak/yol-bak-4.jpg','image','jpg',NOW(3),NOW(3)) ON DUPLICATE KEY UPDATE url=VALUES(url),path=VALUES(path),size=VALUES(size),updated_at=NOW(3);
INSERT INTO storage_assets (id,name,bucket,path,folder,mime,size,url,provider,provider_public_id,provider_resource_type,provider_format,created_at,updated_at) VALUES ('ac34ce97-278d-a562-ad6c-a6a6e9f7eb0f','yol-bak-5.jpg','products','sultandefense/products/yol-bak/yol-bak-5.jpg','sultandefense/products/yol-bak','image/jpeg',91233,'/media/sultandefense/products/yol-bak/yol-bak-5.jpg','local','sultandefense/products/yol-bak/yol-bak-5.jpg','image','jpg',NOW(3),NOW(3)) ON DUPLICATE KEY UPDATE url=VALUES(url),path=VALUES(path),size=VALUES(size),updated_at=NOW(3);
INSERT INTO storage_assets (id,name,bucket,path,folder,mime,size,url,provider,provider_public_id,provider_resource_type,provider_format,created_at,updated_at) VALUES ('6a3b31ea-e243-8559-3fb4-f7485bdb2551','yol-bak-6.jpg','products','sultandefense/products/yol-bak/yol-bak-6.jpg','sultandefense/products/yol-bak','image/jpeg',18169,'/media/sultandefense/products/yol-bak/yol-bak-6.jpg','local','sultandefense/products/yol-bak/yol-bak-6.jpg','image','jpg',NOW(3),NOW(3)) ON DUPLICATE KEY UPDATE url=VALUES(url),path=VALUES(path),size=VALUES(size),updated_at=NOW(3);
INSERT INTO products (id,item_type,category_id,price,image_url,storage_asset_id,images,storage_image_ids,is_active,is_featured,order_num,created_at,updated_at) VALUES ('81e10d72-2901-e7fd-add3-aa8b522348a2','sultandefense','cccc0004-4004-4004-8004-cccccccc0004',0,'/media/sultandefense/products/yol-bak/yol-bak-1.jpg','e5e6c73e-b150-2e49-e510-4c0fcf0dc0e6','["/media/sultandefense/products/yol-bak/yol-bak-1.jpg","/media/sultandefense/products/yol-bak/yol-bak-2.jpg","/media/sultandefense/products/yol-bak/yol-bak-3.jpg","/media/sultandefense/products/yol-bak/yol-bak-4.jpg","/media/sultandefense/products/yol-bak/yol-bak-5.jpg","/media/sultandefense/products/yol-bak/yol-bak-6.jpg"]','["e5e6c73e-b150-2e49-e510-4c0fcf0dc0e6","552cced9-0c2e-87b4-38b5-bec811a21cc4","33017786-0cf8-ba38-b001-9c928a2ea3a1","a083edf7-4178-bbb4-711d-1eedc7d8cd3a","ac34ce97-278d-a562-ad6c-a6a6e9f7eb0f","6a3b31ea-e243-8559-3fb4-f7485bdb2551"]',1,0,107,NOW(3),NOW(3)) ON DUPLICATE KEY UPDATE category_id=VALUES(category_id),image_url=VALUES(image_url),storage_asset_id=VALUES(storage_asset_id),images=VALUES(images),storage_image_ids=VALUES(storage_image_ids),is_active=1,updated_at=NOW(3);
INSERT INTO product_i18n (product_id,locale,title,slug,description,alt,tags,specifications,meta_title,meta_description,created_at,updated_at) VALUES ('81e10d72-2901-e7fd-add3-aa8b522348a2','en','YOL BAK','yol-bak','<p>Part of Sultan Defense''s verified manufacturer and supplier network. Contact our export team for B2B procurement, technical specifications and export-ready quotations.</p>','YOL BAK','[]','{}','YOL BAK — Sultan Defense','Part of Sultan Defense''s verified manufacturer and supplier network. Contact our export team for B2B procurement, technical specifications and export-ready quot',NOW(3),NOW(3)) ON DUPLICATE KEY UPDATE title=VALUES(title),slug=VALUES(slug),description=VALUES(description),alt=VALUES(alt),meta_title=VALUES(meta_title),meta_description=VALUES(meta_description),updated_at=NOW(3);
INSERT INTO product_i18n (product_id,locale,title,slug,description,alt,tags,specifications,meta_title,meta_description,created_at,updated_at) VALUES ('81e10d72-2901-e7fd-add3-aa8b522348a2','tr','YOL BAK','yol-bak','<p>Sultan Defense''in doğrulanmış üretici ve tedarikçi ağının bir parçası. B2B tedarik, teknik şartname ve ihracata hazır teklifler için ihracat ekibimizle iletişime geçin.</p>','YOL BAK','[]','{}','YOL BAK — Sultan Defense','Sultan Defense''in doğrulanmış üretici ve tedarikçi ağının bir parçası. B2B tedarik, teknik şartname ve ihracata hazır teklifler için ihracat ekibimizle iletişim',NOW(3),NOW(3)) ON DUPLICATE KEY UPDATE title=VALUES(title),slug=VALUES(slug),description=VALUES(description),alt=VALUES(alt),meta_title=VALUES(meta_title),meta_description=VALUES(meta_description),updated_at=NOW(3);
INSERT INTO product_i18n (product_id,locale,title,slug,description,alt,tags,specifications,meta_title,meta_description,created_at,updated_at) VALUES ('81e10d72-2901-e7fd-add3-aa8b522348a2','de','YOL BAK','yol-bak','<p>Teil des geprüften Hersteller- und Lieferantennetzwerks von Sultan Defense. Kontaktieren Sie unser Exportteam für B2B-Beschaffung, technische Spezifikationen und exportfertige Angebote.</p>','YOL BAK','[]','{}','YOL BAK — Sultan Defense','Teil des geprüften Hersteller- und Lieferantennetzwerks von Sultan Defense. Kontaktieren Sie unser Exportteam für B2B-Beschaffung, technische Spezifikationen un',NOW(3),NOW(3)) ON DUPLICATE KEY UPDATE title=VALUES(title),slug=VALUES(slug),description=VALUES(description),alt=VALUES(alt),meta_title=VALUES(meta_title),meta_description=VALUES(meta_description),updated_at=NOW(3);
INSERT INTO product_i18n (product_id,locale,title,slug,description,alt,tags,specifications,meta_title,meta_description,created_at,updated_at) VALUES ('81e10d72-2901-e7fd-add3-aa8b522348a2','ar','YOL BAK','yol-bak','<p>جزء من شبكة الموردين والمصنّعين المعتمدة لدى Sultan Defense. تواصل مع فريق التصدير لدينا للحصول على التوريد B2B والمواصفات الفنية وعروض الأسعار الجاهزة للتصدير.</p>','YOL BAK','[]','{}','YOL BAK — Sultan Defense','جزء من شبكة الموردين والمصنّعين المعتمدة لدى Sultan Defense. تواصل مع فريق التصدير لدينا للحصول على التوريد B2B والمواصفات الفنية وعروض الأسعار الجاهزة للتصدير.',NOW(3),NOW(3)) ON DUPLICATE KEY UPDATE title=VALUES(title),slug=VALUES(slug),description=VALUES(description),alt=VALUES(alt),meta_title=VALUES(meta_title),meta_description=VALUES(meta_description),updated_at=NOW(3);
INSERT INTO product_i18n (product_id,locale,title,slug,description,alt,tags,specifications,meta_title,meta_description,created_at,updated_at) VALUES ('81e10d72-2901-e7fd-add3-aa8b522348a2','ru','YOL BAK','yol-bak','<p>Часть проверенной сети производителей и поставщиков Sultan Defense. Свяжитесь с нашим экспортным отделом для B2B-закупок, технических характеристик и готовых к экспорту предложений.</p>','YOL BAK','[]','{}','YOL BAK — Sultan Defense','Часть проверенной сети производителей и поставщиков Sultan Defense. Свяжитесь с нашим экспортным отделом для B2B-закупок, технических характеристик и готовых к ',NOW(3),NOW(3)) ON DUPLICATE KEY UPDATE title=VALUES(title),slug=VALUES(slug),description=VALUES(description),alt=VALUES(alt),meta_title=VALUES(meta_title),meta_description=VALUES(meta_description),updated_at=NOW(3);

INSERT INTO storage_assets (id,name,bucket,path,folder,mime,size,url,provider,provider_public_id,provider_resource_type,provider_format,created_at,updated_at) VALUES ('c2ed16ac-8107-7265-da1e-9da39fb9f6da','armelsan-savunma-1.jpg','products','sultandefense/products/armelsan-savunma/armelsan-savunma-1.jpg','sultandefense/products/armelsan-savunma','image/jpeg',69212,'/media/sultandefense/products/armelsan-savunma/armelsan-savunma-1.jpg','local','sultandefense/products/armelsan-savunma/armelsan-savunma-1.jpg','image','jpg',NOW(3),NOW(3)) ON DUPLICATE KEY UPDATE url=VALUES(url),path=VALUES(path),size=VALUES(size),updated_at=NOW(3);
INSERT INTO storage_assets (id,name,bucket,path,folder,mime,size,url,provider,provider_public_id,provider_resource_type,provider_format,created_at,updated_at) VALUES ('0a8aa80b-d151-dca4-9215-d825013e5462','armelsan-savunma-2.jpg','products','sultandefense/products/armelsan-savunma/armelsan-savunma-2.jpg','sultandefense/products/armelsan-savunma','image/jpeg',38876,'/media/sultandefense/products/armelsan-savunma/armelsan-savunma-2.jpg','local','sultandefense/products/armelsan-savunma/armelsan-savunma-2.jpg','image','jpg',NOW(3),NOW(3)) ON DUPLICATE KEY UPDATE url=VALUES(url),path=VALUES(path),size=VALUES(size),updated_at=NOW(3);
INSERT INTO storage_assets (id,name,bucket,path,folder,mime,size,url,provider,provider_public_id,provider_resource_type,provider_format,created_at,updated_at) VALUES ('29725caf-3280-50de-fe39-ed53488ae736','armelsan-savunma-3.jpg','products','sultandefense/products/armelsan-savunma/armelsan-savunma-3.jpg','sultandefense/products/armelsan-savunma','image/jpeg',8041,'/media/sultandefense/products/armelsan-savunma/armelsan-savunma-3.jpg','local','sultandefense/products/armelsan-savunma/armelsan-savunma-3.jpg','image','jpg',NOW(3),NOW(3)) ON DUPLICATE KEY UPDATE url=VALUES(url),path=VALUES(path),size=VALUES(size),updated_at=NOW(3);
INSERT INTO storage_assets (id,name,bucket,path,folder,mime,size,url,provider,provider_public_id,provider_resource_type,provider_format,created_at,updated_at) VALUES ('6442f0e3-8d2f-9d8c-c30c-b1634bc8be39','armelsan-savunma-4.jpg','products','sultandefense/products/armelsan-savunma/armelsan-savunma-4.jpg','sultandefense/products/armelsan-savunma','image/jpeg',23057,'/media/sultandefense/products/armelsan-savunma/armelsan-savunma-4.jpg','local','sultandefense/products/armelsan-savunma/armelsan-savunma-4.jpg','image','jpg',NOW(3),NOW(3)) ON DUPLICATE KEY UPDATE url=VALUES(url),path=VALUES(path),size=VALUES(size),updated_at=NOW(3);
INSERT INTO storage_assets (id,name,bucket,path,folder,mime,size,url,provider,provider_public_id,provider_resource_type,provider_format,created_at,updated_at) VALUES ('e54d2e07-cb8d-ea9f-f253-d5737f825517','armelsan-savunma-5.jpg','products','sultandefense/products/armelsan-savunma/armelsan-savunma-5.jpg','sultandefense/products/armelsan-savunma','image/jpeg',32131,'/media/sultandefense/products/armelsan-savunma/armelsan-savunma-5.jpg','local','sultandefense/products/armelsan-savunma/armelsan-savunma-5.jpg','image','jpg',NOW(3),NOW(3)) ON DUPLICATE KEY UPDATE url=VALUES(url),path=VALUES(path),size=VALUES(size),updated_at=NOW(3);
INSERT INTO storage_assets (id,name,bucket,path,folder,mime,size,url,provider,provider_public_id,provider_resource_type,provider_format,created_at,updated_at) VALUES ('be437a6d-c6f1-c6b8-ab34-0352e3280857','armelsan-savunma-6.jpg','products','sultandefense/products/armelsan-savunma/armelsan-savunma-6.jpg','sultandefense/products/armelsan-savunma','image/jpeg',29236,'/media/sultandefense/products/armelsan-savunma/armelsan-savunma-6.jpg','local','sultandefense/products/armelsan-savunma/armelsan-savunma-6.jpg','image','jpg',NOW(3),NOW(3)) ON DUPLICATE KEY UPDATE url=VALUES(url),path=VALUES(path),size=VALUES(size),updated_at=NOW(3);
INSERT INTO storage_assets (id,name,bucket,path,folder,mime,size,url,provider,provider_public_id,provider_resource_type,provider_format,created_at,updated_at) VALUES ('e5e25316-588b-bfe5-99dc-0539bb992789','armelsan-savunma-7.jpg','products','sultandefense/products/armelsan-savunma/armelsan-savunma-7.jpg','sultandefense/products/armelsan-savunma','image/jpeg',70337,'/media/sultandefense/products/armelsan-savunma/armelsan-savunma-7.jpg','local','sultandefense/products/armelsan-savunma/armelsan-savunma-7.jpg','image','jpg',NOW(3),NOW(3)) ON DUPLICATE KEY UPDATE url=VALUES(url),path=VALUES(path),size=VALUES(size),updated_at=NOW(3);
INSERT INTO products (id,item_type,category_id,price,image_url,storage_asset_id,images,storage_image_ids,is_active,is_featured,order_num,created_at,updated_at) VALUES ('3bae7e7f-5283-ccf0-1c07-c69b5b4c7b49','sultandefense','cccc0005-4005-4005-8005-cccccccc0005',0,'/media/sultandefense/products/armelsan-savunma/armelsan-savunma-1.jpg','c2ed16ac-8107-7265-da1e-9da39fb9f6da','["/media/sultandefense/products/armelsan-savunma/armelsan-savunma-1.jpg","/media/sultandefense/products/armelsan-savunma/armelsan-savunma-2.jpg","/media/sultandefense/products/armelsan-savunma/armelsan-savunma-3.jpg","/media/sultandefense/products/armelsan-savunma/armelsan-savunma-4.jpg","/media/sultandefense/products/armelsan-savunma/armelsan-savunma-5.jpg","/media/sultandefense/products/armelsan-savunma/armelsan-savunma-6.jpg","/media/sultandefense/products/armelsan-savunma/armelsan-savunma-7.jpg"]','["c2ed16ac-8107-7265-da1e-9da39fb9f6da","0a8aa80b-d151-dca4-9215-d825013e5462","29725caf-3280-50de-fe39-ed53488ae736","6442f0e3-8d2f-9d8c-c30c-b1634bc8be39","e54d2e07-cb8d-ea9f-f253-d5737f825517","be437a6d-c6f1-c6b8-ab34-0352e3280857","e5e25316-588b-bfe5-99dc-0539bb992789"]',1,0,108,NOW(3),NOW(3)) ON DUPLICATE KEY UPDATE category_id=VALUES(category_id),image_url=VALUES(image_url),storage_asset_id=VALUES(storage_asset_id),images=VALUES(images),storage_image_ids=VALUES(storage_image_ids),is_active=1,updated_at=NOW(3);
INSERT INTO product_i18n (product_id,locale,title,slug,description,alt,tags,specifications,meta_title,meta_description,created_at,updated_at) VALUES ('3bae7e7f-5283-ccf0-1c07-c69b5b4c7b49','en','Armelsan Savunma','armelsan-savunma','<p>Part of Sultan Defense''s verified manufacturer and supplier network. Contact our export team for B2B procurement, technical specifications and export-ready quotations.</p>','Armelsan Savunma','[]','{}','Armelsan Savunma — Sultan Defense','Part of Sultan Defense''s verified manufacturer and supplier network. Contact our export team for B2B procurement, technical specifications and export-ready quot',NOW(3),NOW(3)) ON DUPLICATE KEY UPDATE title=VALUES(title),slug=VALUES(slug),description=VALUES(description),alt=VALUES(alt),meta_title=VALUES(meta_title),meta_description=VALUES(meta_description),updated_at=NOW(3);
INSERT INTO product_i18n (product_id,locale,title,slug,description,alt,tags,specifications,meta_title,meta_description,created_at,updated_at) VALUES ('3bae7e7f-5283-ccf0-1c07-c69b5b4c7b49','tr','Armelsan Savunma','armelsan-savunma','<p>Sultan Defense''in doğrulanmış üretici ve tedarikçi ağının bir parçası. B2B tedarik, teknik şartname ve ihracata hazır teklifler için ihracat ekibimizle iletişime geçin.</p>','Armelsan Savunma','[]','{}','Armelsan Savunma — Sultan Defense','Sultan Defense''in doğrulanmış üretici ve tedarikçi ağının bir parçası. B2B tedarik, teknik şartname ve ihracata hazır teklifler için ihracat ekibimizle iletişim',NOW(3),NOW(3)) ON DUPLICATE KEY UPDATE title=VALUES(title),slug=VALUES(slug),description=VALUES(description),alt=VALUES(alt),meta_title=VALUES(meta_title),meta_description=VALUES(meta_description),updated_at=NOW(3);
INSERT INTO product_i18n (product_id,locale,title,slug,description,alt,tags,specifications,meta_title,meta_description,created_at,updated_at) VALUES ('3bae7e7f-5283-ccf0-1c07-c69b5b4c7b49','de','Armelsan Savunma','armelsan-savunma','<p>Teil des geprüften Hersteller- und Lieferantennetzwerks von Sultan Defense. Kontaktieren Sie unser Exportteam für B2B-Beschaffung, technische Spezifikationen und exportfertige Angebote.</p>','Armelsan Savunma','[]','{}','Armelsan Savunma — Sultan Defense','Teil des geprüften Hersteller- und Lieferantennetzwerks von Sultan Defense. Kontaktieren Sie unser Exportteam für B2B-Beschaffung, technische Spezifikationen un',NOW(3),NOW(3)) ON DUPLICATE KEY UPDATE title=VALUES(title),slug=VALUES(slug),description=VALUES(description),alt=VALUES(alt),meta_title=VALUES(meta_title),meta_description=VALUES(meta_description),updated_at=NOW(3);
INSERT INTO product_i18n (product_id,locale,title,slug,description,alt,tags,specifications,meta_title,meta_description,created_at,updated_at) VALUES ('3bae7e7f-5283-ccf0-1c07-c69b5b4c7b49','ar','Armelsan Savunma','armelsan-savunma','<p>جزء من شبكة الموردين والمصنّعين المعتمدة لدى Sultan Defense. تواصل مع فريق التصدير لدينا للحصول على التوريد B2B والمواصفات الفنية وعروض الأسعار الجاهزة للتصدير.</p>','Armelsan Savunma','[]','{}','Armelsan Savunma — Sultan Defense','جزء من شبكة الموردين والمصنّعين المعتمدة لدى Sultan Defense. تواصل مع فريق التصدير لدينا للحصول على التوريد B2B والمواصفات الفنية وعروض الأسعار الجاهزة للتصدير.',NOW(3),NOW(3)) ON DUPLICATE KEY UPDATE title=VALUES(title),slug=VALUES(slug),description=VALUES(description),alt=VALUES(alt),meta_title=VALUES(meta_title),meta_description=VALUES(meta_description),updated_at=NOW(3);
INSERT INTO product_i18n (product_id,locale,title,slug,description,alt,tags,specifications,meta_title,meta_description,created_at,updated_at) VALUES ('3bae7e7f-5283-ccf0-1c07-c69b5b4c7b49','ru','Armelsan Savunma','armelsan-savunma','<p>Часть проверенной сети производителей и поставщиков Sultan Defense. Свяжитесь с нашим экспортным отделом для B2B-закупок, технических характеристик и готовых к экспорту предложений.</p>','Armelsan Savunma','[]','{}','Armelsan Savunma — Sultan Defense','Часть проверенной сети производителей и поставщиков Sultan Defense. Свяжитесь с нашим экспортным отделом для B2B-закупок, технических характеристик и готовых к ',NOW(3),NOW(3)) ON DUPLICATE KEY UPDATE title=VALUES(title),slug=VALUES(slug),description=VALUES(description),alt=VALUES(alt),meta_title=VALUES(meta_title),meta_description=VALUES(meta_description),updated_at=NOW(3);

INSERT INTO storage_assets (id,name,bucket,path,folder,mime,size,url,provider,provider_public_id,provider_resource_type,provider_format,created_at,updated_at) VALUES ('8019c888-95d0-3094-0ee4-0d604461b5af','gurdesan-1.jpg','products','sultandefense/products/gurdesan/gurdesan-1.jpg','sultandefense/products/gurdesan','image/jpeg',157135,'/media/sultandefense/products/gurdesan/gurdesan-1.jpg','local','sultandefense/products/gurdesan/gurdesan-1.jpg','image','jpg',NOW(3),NOW(3)) ON DUPLICATE KEY UPDATE url=VALUES(url),path=VALUES(path),size=VALUES(size),updated_at=NOW(3);
INSERT INTO storage_assets (id,name,bucket,path,folder,mime,size,url,provider,provider_public_id,provider_resource_type,provider_format,created_at,updated_at) VALUES ('19db09be-e0ec-b3c6-409d-ce3cacb0d08d','gurdesan-2.jpg','products','sultandefense/products/gurdesan/gurdesan-2.jpg','sultandefense/products/gurdesan','image/jpeg',31576,'/media/sultandefense/products/gurdesan/gurdesan-2.jpg','local','sultandefense/products/gurdesan/gurdesan-2.jpg','image','jpg',NOW(3),NOW(3)) ON DUPLICATE KEY UPDATE url=VALUES(url),path=VALUES(path),size=VALUES(size),updated_at=NOW(3);
INSERT INTO storage_assets (id,name,bucket,path,folder,mime,size,url,provider,provider_public_id,provider_resource_type,provider_format,created_at,updated_at) VALUES ('691e1009-97bf-15cc-1c93-8016a58127ab','gurdesan-3.jpg','products','sultandefense/products/gurdesan/gurdesan-3.jpg','sultandefense/products/gurdesan','image/jpeg',15539,'/media/sultandefense/products/gurdesan/gurdesan-3.jpg','local','sultandefense/products/gurdesan/gurdesan-3.jpg','image','jpg',NOW(3),NOW(3)) ON DUPLICATE KEY UPDATE url=VALUES(url),path=VALUES(path),size=VALUES(size),updated_at=NOW(3);
INSERT INTO storage_assets (id,name,bucket,path,folder,mime,size,url,provider,provider_public_id,provider_resource_type,provider_format,created_at,updated_at) VALUES ('568e9529-b756-e37c-c113-7d4d6bf55de9','gurdesan-4.jpg','products','sultandefense/products/gurdesan/gurdesan-4.jpg','sultandefense/products/gurdesan','image/jpeg',17993,'/media/sultandefense/products/gurdesan/gurdesan-4.jpg','local','sultandefense/products/gurdesan/gurdesan-4.jpg','image','jpg',NOW(3),NOW(3)) ON DUPLICATE KEY UPDATE url=VALUES(url),path=VALUES(path),size=VALUES(size),updated_at=NOW(3);
INSERT INTO storage_assets (id,name,bucket,path,folder,mime,size,url,provider,provider_public_id,provider_resource_type,provider_format,created_at,updated_at) VALUES ('d826d6a2-694b-3de6-c93a-ba0afe5efd34','gurdesan-5.jpg','products','sultandefense/products/gurdesan/gurdesan-5.jpg','sultandefense/products/gurdesan','image/jpeg',23705,'/media/sultandefense/products/gurdesan/gurdesan-5.jpg','local','sultandefense/products/gurdesan/gurdesan-5.jpg','image','jpg',NOW(3),NOW(3)) ON DUPLICATE KEY UPDATE url=VALUES(url),path=VALUES(path),size=VALUES(size),updated_at=NOW(3);
INSERT INTO storage_assets (id,name,bucket,path,folder,mime,size,url,provider,provider_public_id,provider_resource_type,provider_format,created_at,updated_at) VALUES ('0ef1f8e9-4aa1-b885-eee7-ed7cdb1e2e78','gurdesan-6.jpg','products','sultandefense/products/gurdesan/gurdesan-6.jpg','sultandefense/products/gurdesan','image/jpeg',27997,'/media/sultandefense/products/gurdesan/gurdesan-6.jpg','local','sultandefense/products/gurdesan/gurdesan-6.jpg','image','jpg',NOW(3),NOW(3)) ON DUPLICATE KEY UPDATE url=VALUES(url),path=VALUES(path),size=VALUES(size),updated_at=NOW(3);
INSERT INTO storage_assets (id,name,bucket,path,folder,mime,size,url,provider,provider_public_id,provider_resource_type,provider_format,created_at,updated_at) VALUES ('5a327266-e376-365c-54a7-9ff18b2066f0','gurdesan-7.jpg','products','sultandefense/products/gurdesan/gurdesan-7.jpg','sultandefense/products/gurdesan','image/jpeg',19809,'/media/sultandefense/products/gurdesan/gurdesan-7.jpg','local','sultandefense/products/gurdesan/gurdesan-7.jpg','image','jpg',NOW(3),NOW(3)) ON DUPLICATE KEY UPDATE url=VALUES(url),path=VALUES(path),size=VALUES(size),updated_at=NOW(3);
INSERT INTO storage_assets (id,name,bucket,path,folder,mime,size,url,provider,provider_public_id,provider_resource_type,provider_format,created_at,updated_at) VALUES ('60a461cd-8d91-936b-8658-a49c7862bba3','gurdesan-8.jpg','products','sultandefense/products/gurdesan/gurdesan-8.jpg','sultandefense/products/gurdesan','image/jpeg',26892,'/media/sultandefense/products/gurdesan/gurdesan-8.jpg','local','sultandefense/products/gurdesan/gurdesan-8.jpg','image','jpg',NOW(3),NOW(3)) ON DUPLICATE KEY UPDATE url=VALUES(url),path=VALUES(path),size=VALUES(size),updated_at=NOW(3);
INSERT INTO storage_assets (id,name,bucket,path,folder,mime,size,url,provider,provider_public_id,provider_resource_type,provider_format,created_at,updated_at) VALUES ('cb684108-1a26-976c-4387-26e833377193','gurdesan-9.jpg','products','sultandefense/products/gurdesan/gurdesan-9.jpg','sultandefense/products/gurdesan','image/jpeg',19019,'/media/sultandefense/products/gurdesan/gurdesan-9.jpg','local','sultandefense/products/gurdesan/gurdesan-9.jpg','image','jpg',NOW(3),NOW(3)) ON DUPLICATE KEY UPDATE url=VALUES(url),path=VALUES(path),size=VALUES(size),updated_at=NOW(3);
INSERT INTO storage_assets (id,name,bucket,path,folder,mime,size,url,provider,provider_public_id,provider_resource_type,provider_format,created_at,updated_at) VALUES ('43ca9496-dda9-7fa4-5a0c-67f8652ea0a3','gurdesan-10.jpg','products','sultandefense/products/gurdesan/gurdesan-10.jpg','sultandefense/products/gurdesan','image/jpeg',35992,'/media/sultandefense/products/gurdesan/gurdesan-10.jpg','local','sultandefense/products/gurdesan/gurdesan-10.jpg','image','jpg',NOW(3),NOW(3)) ON DUPLICATE KEY UPDATE url=VALUES(url),path=VALUES(path),size=VALUES(size),updated_at=NOW(3);
INSERT INTO storage_assets (id,name,bucket,path,folder,mime,size,url,provider,provider_public_id,provider_resource_type,provider_format,created_at,updated_at) VALUES ('3182a221-895c-a0e0-f82f-7bfe7103daf3','gurdesan-11.jpg','products','sultandefense/products/gurdesan/gurdesan-11.jpg','sultandefense/products/gurdesan','image/jpeg',36994,'/media/sultandefense/products/gurdesan/gurdesan-11.jpg','local','sultandefense/products/gurdesan/gurdesan-11.jpg','image','jpg',NOW(3),NOW(3)) ON DUPLICATE KEY UPDATE url=VALUES(url),path=VALUES(path),size=VALUES(size),updated_at=NOW(3);
INSERT INTO storage_assets (id,name,bucket,path,folder,mime,size,url,provider,provider_public_id,provider_resource_type,provider_format,created_at,updated_at) VALUES ('d10a70af-cc7f-b9c3-fd5f-db2a89b4acab','gurdesan-12.jpg','products','sultandefense/products/gurdesan/gurdesan-12.jpg','sultandefense/products/gurdesan','image/jpeg',37135,'/media/sultandefense/products/gurdesan/gurdesan-12.jpg','local','sultandefense/products/gurdesan/gurdesan-12.jpg','image','jpg',NOW(3),NOW(3)) ON DUPLICATE KEY UPDATE url=VALUES(url),path=VALUES(path),size=VALUES(size),updated_at=NOW(3);
INSERT INTO storage_assets (id,name,bucket,path,folder,mime,size,url,provider,provider_public_id,provider_resource_type,provider_format,created_at,updated_at) VALUES ('65ac3dd9-70de-3c07-2974-5dff85bf489e','gurdesan-13.jpg','products','sultandefense/products/gurdesan/gurdesan-13.jpg','sultandefense/products/gurdesan','image/jpeg',31193,'/media/sultandefense/products/gurdesan/gurdesan-13.jpg','local','sultandefense/products/gurdesan/gurdesan-13.jpg','image','jpg',NOW(3),NOW(3)) ON DUPLICATE KEY UPDATE url=VALUES(url),path=VALUES(path),size=VALUES(size),updated_at=NOW(3);
INSERT INTO storage_assets (id,name,bucket,path,folder,mime,size,url,provider,provider_public_id,provider_resource_type,provider_format,created_at,updated_at) VALUES ('ba4638a8-b706-d237-cafe-d2c383e4f4ee','gurdesan-14.jpg','products','sultandefense/products/gurdesan/gurdesan-14.jpg','sultandefense/products/gurdesan','image/jpeg',23203,'/media/sultandefense/products/gurdesan/gurdesan-14.jpg','local','sultandefense/products/gurdesan/gurdesan-14.jpg','image','jpg',NOW(3),NOW(3)) ON DUPLICATE KEY UPDATE url=VALUES(url),path=VALUES(path),size=VALUES(size),updated_at=NOW(3);
INSERT INTO storage_assets (id,name,bucket,path,folder,mime,size,url,provider,provider_public_id,provider_resource_type,provider_format,created_at,updated_at) VALUES ('b6ec4b8d-75f2-67c9-872d-538276c29116','gurdesan-15.jpg','products','sultandefense/products/gurdesan/gurdesan-15.jpg','sultandefense/products/gurdesan','image/jpeg',15181,'/media/sultandefense/products/gurdesan/gurdesan-15.jpg','local','sultandefense/products/gurdesan/gurdesan-15.jpg','image','jpg',NOW(3),NOW(3)) ON DUPLICATE KEY UPDATE url=VALUES(url),path=VALUES(path),size=VALUES(size),updated_at=NOW(3);
INSERT INTO storage_assets (id,name,bucket,path,folder,mime,size,url,provider,provider_public_id,provider_resource_type,provider_format,created_at,updated_at) VALUES ('093bad3d-b90f-6181-0682-36d29c7bc03b','gurdesan-16.jpg','products','sultandefense/products/gurdesan/gurdesan-16.jpg','sultandefense/products/gurdesan','image/jpeg',29095,'/media/sultandefense/products/gurdesan/gurdesan-16.jpg','local','sultandefense/products/gurdesan/gurdesan-16.jpg','image','jpg',NOW(3),NOW(3)) ON DUPLICATE KEY UPDATE url=VALUES(url),path=VALUES(path),size=VALUES(size),updated_at=NOW(3);
INSERT INTO products (id,item_type,category_id,price,image_url,storage_asset_id,images,storage_image_ids,is_active,is_featured,order_num,created_at,updated_at) VALUES ('0e4d2e22-f170-7b5e-703a-bf0f21ecc1d2','sultandefense','cccc0005-4005-4005-8005-cccccccc0005',0,'/media/sultandefense/products/gurdesan/gurdesan-1.jpg','8019c888-95d0-3094-0ee4-0d604461b5af','["/media/sultandefense/products/gurdesan/gurdesan-1.jpg","/media/sultandefense/products/gurdesan/gurdesan-2.jpg","/media/sultandefense/products/gurdesan/gurdesan-3.jpg","/media/sultandefense/products/gurdesan/gurdesan-4.jpg","/media/sultandefense/products/gurdesan/gurdesan-5.jpg","/media/sultandefense/products/gurdesan/gurdesan-6.jpg","/media/sultandefense/products/gurdesan/gurdesan-7.jpg","/media/sultandefense/products/gurdesan/gurdesan-8.jpg","/media/sultandefense/products/gurdesan/gurdesan-9.jpg","/media/sultandefense/products/gurdesan/gurdesan-10.jpg","/media/sultandefense/products/gurdesan/gurdesan-11.jpg","/media/sultandefense/products/gurdesan/gurdesan-12.jpg","/media/sultandefense/products/gurdesan/gurdesan-13.jpg","/media/sultandefense/products/gurdesan/gurdesan-14.jpg","/media/sultandefense/products/gurdesan/gurdesan-15.jpg","/media/sultandefense/products/gurdesan/gurdesan-16.jpg"]','["8019c888-95d0-3094-0ee4-0d604461b5af","19db09be-e0ec-b3c6-409d-ce3cacb0d08d","691e1009-97bf-15cc-1c93-8016a58127ab","568e9529-b756-e37c-c113-7d4d6bf55de9","d826d6a2-694b-3de6-c93a-ba0afe5efd34","0ef1f8e9-4aa1-b885-eee7-ed7cdb1e2e78","5a327266-e376-365c-54a7-9ff18b2066f0","60a461cd-8d91-936b-8658-a49c7862bba3","cb684108-1a26-976c-4387-26e833377193","43ca9496-dda9-7fa4-5a0c-67f8652ea0a3","3182a221-895c-a0e0-f82f-7bfe7103daf3","d10a70af-cc7f-b9c3-fd5f-db2a89b4acab","65ac3dd9-70de-3c07-2974-5dff85bf489e","ba4638a8-b706-d237-cafe-d2c383e4f4ee","b6ec4b8d-75f2-67c9-872d-538276c29116","093bad3d-b90f-6181-0682-36d29c7bc03b"]',1,0,109,NOW(3),NOW(3)) ON DUPLICATE KEY UPDATE category_id=VALUES(category_id),image_url=VALUES(image_url),storage_asset_id=VALUES(storage_asset_id),images=VALUES(images),storage_image_ids=VALUES(storage_image_ids),is_active=1,updated_at=NOW(3);
INSERT INTO product_i18n (product_id,locale,title,slug,description,alt,tags,specifications,meta_title,meta_description,created_at,updated_at) VALUES ('0e4d2e22-f170-7b5e-703a-bf0f21ecc1d2','en','Gurdesan','gurdesan','<p>Part of Sultan Defense''s verified manufacturer and supplier network. Contact our export team for B2B procurement, technical specifications and export-ready quotations.</p>','Gurdesan','[]','{}','Gurdesan — Sultan Defense','Part of Sultan Defense''s verified manufacturer and supplier network. Contact our export team for B2B procurement, technical specifications and export-ready quot',NOW(3),NOW(3)) ON DUPLICATE KEY UPDATE title=VALUES(title),slug=VALUES(slug),description=VALUES(description),alt=VALUES(alt),meta_title=VALUES(meta_title),meta_description=VALUES(meta_description),updated_at=NOW(3);
INSERT INTO product_i18n (product_id,locale,title,slug,description,alt,tags,specifications,meta_title,meta_description,created_at,updated_at) VALUES ('0e4d2e22-f170-7b5e-703a-bf0f21ecc1d2','tr','Gurdesan','gurdesan','<p>Sultan Defense''in doğrulanmış üretici ve tedarikçi ağının bir parçası. B2B tedarik, teknik şartname ve ihracata hazır teklifler için ihracat ekibimizle iletişime geçin.</p>','Gurdesan','[]','{}','Gurdesan — Sultan Defense','Sultan Defense''in doğrulanmış üretici ve tedarikçi ağının bir parçası. B2B tedarik, teknik şartname ve ihracata hazır teklifler için ihracat ekibimizle iletişim',NOW(3),NOW(3)) ON DUPLICATE KEY UPDATE title=VALUES(title),slug=VALUES(slug),description=VALUES(description),alt=VALUES(alt),meta_title=VALUES(meta_title),meta_description=VALUES(meta_description),updated_at=NOW(3);
INSERT INTO product_i18n (product_id,locale,title,slug,description,alt,tags,specifications,meta_title,meta_description,created_at,updated_at) VALUES ('0e4d2e22-f170-7b5e-703a-bf0f21ecc1d2','de','Gurdesan','gurdesan','<p>Teil des geprüften Hersteller- und Lieferantennetzwerks von Sultan Defense. Kontaktieren Sie unser Exportteam für B2B-Beschaffung, technische Spezifikationen und exportfertige Angebote.</p>','Gurdesan','[]','{}','Gurdesan — Sultan Defense','Teil des geprüften Hersteller- und Lieferantennetzwerks von Sultan Defense. Kontaktieren Sie unser Exportteam für B2B-Beschaffung, technische Spezifikationen un',NOW(3),NOW(3)) ON DUPLICATE KEY UPDATE title=VALUES(title),slug=VALUES(slug),description=VALUES(description),alt=VALUES(alt),meta_title=VALUES(meta_title),meta_description=VALUES(meta_description),updated_at=NOW(3);
INSERT INTO product_i18n (product_id,locale,title,slug,description,alt,tags,specifications,meta_title,meta_description,created_at,updated_at) VALUES ('0e4d2e22-f170-7b5e-703a-bf0f21ecc1d2','ar','Gurdesan','gurdesan','<p>جزء من شبكة الموردين والمصنّعين المعتمدة لدى Sultan Defense. تواصل مع فريق التصدير لدينا للحصول على التوريد B2B والمواصفات الفنية وعروض الأسعار الجاهزة للتصدير.</p>','Gurdesan','[]','{}','Gurdesan — Sultan Defense','جزء من شبكة الموردين والمصنّعين المعتمدة لدى Sultan Defense. تواصل مع فريق التصدير لدينا للحصول على التوريد B2B والمواصفات الفنية وعروض الأسعار الجاهزة للتصدير.',NOW(3),NOW(3)) ON DUPLICATE KEY UPDATE title=VALUES(title),slug=VALUES(slug),description=VALUES(description),alt=VALUES(alt),meta_title=VALUES(meta_title),meta_description=VALUES(meta_description),updated_at=NOW(3);
INSERT INTO product_i18n (product_id,locale,title,slug,description,alt,tags,specifications,meta_title,meta_description,created_at,updated_at) VALUES ('0e4d2e22-f170-7b5e-703a-bf0f21ecc1d2','ru','Gurdesan','gurdesan','<p>Часть проверенной сети производителей и поставщиков Sultan Defense. Свяжитесь с нашим экспортным отделом для B2B-закупок, технических характеристик и готовых к экспорту предложений.</p>','Gurdesan','[]','{}','Gurdesan — Sultan Defense','Часть проверенной сети производителей и поставщиков Sultan Defense. Свяжитесь с нашим экспортным отделом для B2B-закупок, технических характеристик и готовых к ',NOW(3),NOW(3)) ON DUPLICATE KEY UPDATE title=VALUES(title),slug=VALUES(slug),description=VALUES(description),alt=VALUES(alt),meta_title=VALUES(meta_title),meta_description=VALUES(meta_description),updated_at=NOW(3);

INSERT INTO storage_assets (id,name,bucket,path,folder,mime,size,url,provider,provider_public_id,provider_resource_type,provider_format,created_at,updated_at) VALUES ('574b359a-beb8-7892-cdb6-4046d98c723c','alp-havacilik-1.jpg','products','sultandefense/products/alp-havacilik/alp-havacilik-1.jpg','sultandefense/products/alp-havacilik','image/jpeg',161594,'/media/sultandefense/products/alp-havacilik/alp-havacilik-1.jpg','local','sultandefense/products/alp-havacilik/alp-havacilik-1.jpg','image','jpg',NOW(3),NOW(3)) ON DUPLICATE KEY UPDATE url=VALUES(url),path=VALUES(path),size=VALUES(size),updated_at=NOW(3);
INSERT INTO storage_assets (id,name,bucket,path,folder,mime,size,url,provider,provider_public_id,provider_resource_type,provider_format,created_at,updated_at) VALUES ('14748baa-c6a0-d4af-39dd-600c5357f440','alp-havacilik-2.jpg','products','sultandefense/products/alp-havacilik/alp-havacilik-2.jpg','sultandefense/products/alp-havacilik','image/jpeg',66899,'/media/sultandefense/products/alp-havacilik/alp-havacilik-2.jpg','local','sultandefense/products/alp-havacilik/alp-havacilik-2.jpg','image','jpg',NOW(3),NOW(3)) ON DUPLICATE KEY UPDATE url=VALUES(url),path=VALUES(path),size=VALUES(size),updated_at=NOW(3);
INSERT INTO storage_assets (id,name,bucket,path,folder,mime,size,url,provider,provider_public_id,provider_resource_type,provider_format,created_at,updated_at) VALUES ('90ed4fd9-6646-5f02-d2b9-fd732b82d211','alp-havacilik-3.jpg','products','sultandefense/products/alp-havacilik/alp-havacilik-3.jpg','sultandefense/products/alp-havacilik','image/jpeg',18982,'/media/sultandefense/products/alp-havacilik/alp-havacilik-3.jpg','local','sultandefense/products/alp-havacilik/alp-havacilik-3.jpg','image','jpg',NOW(3),NOW(3)) ON DUPLICATE KEY UPDATE url=VALUES(url),path=VALUES(path),size=VALUES(size),updated_at=NOW(3);
INSERT INTO storage_assets (id,name,bucket,path,folder,mime,size,url,provider,provider_public_id,provider_resource_type,provider_format,created_at,updated_at) VALUES ('5203560c-cb5b-666f-52d1-285f9b8e4a33','alp-havacilik-4.jpg','products','sultandefense/products/alp-havacilik/alp-havacilik-4.jpg','sultandefense/products/alp-havacilik','image/jpeg',29637,'/media/sultandefense/products/alp-havacilik/alp-havacilik-4.jpg','local','sultandefense/products/alp-havacilik/alp-havacilik-4.jpg','image','jpg',NOW(3),NOW(3)) ON DUPLICATE KEY UPDATE url=VALUES(url),path=VALUES(path),size=VALUES(size),updated_at=NOW(3);
INSERT INTO storage_assets (id,name,bucket,path,folder,mime,size,url,provider,provider_public_id,provider_resource_type,provider_format,created_at,updated_at) VALUES ('0a3761a9-f73b-3934-17f2-b3914cd8e595','alp-havacilik-5.jpg','products','sultandefense/products/alp-havacilik/alp-havacilik-5.jpg','sultandefense/products/alp-havacilik','image/jpeg',35387,'/media/sultandefense/products/alp-havacilik/alp-havacilik-5.jpg','local','sultandefense/products/alp-havacilik/alp-havacilik-5.jpg','image','jpg',NOW(3),NOW(3)) ON DUPLICATE KEY UPDATE url=VALUES(url),path=VALUES(path),size=VALUES(size),updated_at=NOW(3);
INSERT INTO storage_assets (id,name,bucket,path,folder,mime,size,url,provider,provider_public_id,provider_resource_type,provider_format,created_at,updated_at) VALUES ('3e6ae118-7e78-d3c5-df8a-fed31b1e6b86','alp-havacilik-6.jpg','products','sultandefense/products/alp-havacilik/alp-havacilik-6.jpg','sultandefense/products/alp-havacilik','image/jpeg',25825,'/media/sultandefense/products/alp-havacilik/alp-havacilik-6.jpg','local','sultandefense/products/alp-havacilik/alp-havacilik-6.jpg','image','jpg',NOW(3),NOW(3)) ON DUPLICATE KEY UPDATE url=VALUES(url),path=VALUES(path),size=VALUES(size),updated_at=NOW(3);
INSERT INTO storage_assets (id,name,bucket,path,folder,mime,size,url,provider,provider_public_id,provider_resource_type,provider_format,created_at,updated_at) VALUES ('31121521-fb3b-e092-0d37-9a6cd8946cd1','alp-havacilik-7.jpg','products','sultandefense/products/alp-havacilik/alp-havacilik-7.jpg','sultandefense/products/alp-havacilik','image/jpeg',33885,'/media/sultandefense/products/alp-havacilik/alp-havacilik-7.jpg','local','sultandefense/products/alp-havacilik/alp-havacilik-7.jpg','image','jpg',NOW(3),NOW(3)) ON DUPLICATE KEY UPDATE url=VALUES(url),path=VALUES(path),size=VALUES(size),updated_at=NOW(3);
INSERT INTO storage_assets (id,name,bucket,path,folder,mime,size,url,provider,provider_public_id,provider_resource_type,provider_format,created_at,updated_at) VALUES ('f50b9907-532a-a72a-377e-15f80eb30a34','alp-havacilik-8.jpg','products','sultandefense/products/alp-havacilik/alp-havacilik-8.jpg','sultandefense/products/alp-havacilik','image/jpeg',30172,'/media/sultandefense/products/alp-havacilik/alp-havacilik-8.jpg','local','sultandefense/products/alp-havacilik/alp-havacilik-8.jpg','image','jpg',NOW(3),NOW(3)) ON DUPLICATE KEY UPDATE url=VALUES(url),path=VALUES(path),size=VALUES(size),updated_at=NOW(3);
INSERT INTO products (id,item_type,category_id,price,image_url,storage_asset_id,images,storage_image_ids,is_active,is_featured,order_num,created_at,updated_at) VALUES ('187468fe-360f-e9af-2dc9-dd038cb487ef','sultandefense','cccc0006-4006-4006-8006-cccccccc0006',0,'/media/sultandefense/products/alp-havacilik/alp-havacilik-1.jpg','574b359a-beb8-7892-cdb6-4046d98c723c','["/media/sultandefense/products/alp-havacilik/alp-havacilik-1.jpg","/media/sultandefense/products/alp-havacilik/alp-havacilik-2.jpg","/media/sultandefense/products/alp-havacilik/alp-havacilik-3.jpg","/media/sultandefense/products/alp-havacilik/alp-havacilik-4.jpg","/media/sultandefense/products/alp-havacilik/alp-havacilik-5.jpg","/media/sultandefense/products/alp-havacilik/alp-havacilik-6.jpg","/media/sultandefense/products/alp-havacilik/alp-havacilik-7.jpg","/media/sultandefense/products/alp-havacilik/alp-havacilik-8.jpg"]','["574b359a-beb8-7892-cdb6-4046d98c723c","14748baa-c6a0-d4af-39dd-600c5357f440","90ed4fd9-6646-5f02-d2b9-fd732b82d211","5203560c-cb5b-666f-52d1-285f9b8e4a33","0a3761a9-f73b-3934-17f2-b3914cd8e595","3e6ae118-7e78-d3c5-df8a-fed31b1e6b86","31121521-fb3b-e092-0d37-9a6cd8946cd1","f50b9907-532a-a72a-377e-15f80eb30a34"]',1,0,110,NOW(3),NOW(3)) ON DUPLICATE KEY UPDATE category_id=VALUES(category_id),image_url=VALUES(image_url),storage_asset_id=VALUES(storage_asset_id),images=VALUES(images),storage_image_ids=VALUES(storage_image_ids),is_active=1,updated_at=NOW(3);
INSERT INTO product_i18n (product_id,locale,title,slug,description,alt,tags,specifications,meta_title,meta_description,created_at,updated_at) VALUES ('187468fe-360f-e9af-2dc9-dd038cb487ef','en','ALP Havacilik','alp-havacilik','<p>Part of Sultan Defense''s verified manufacturer and supplier network. Contact our export team for B2B procurement, technical specifications and export-ready quotations.</p>','ALP Havacilik','[]','{}','ALP Havacilik — Sultan Defense','Part of Sultan Defense''s verified manufacturer and supplier network. Contact our export team for B2B procurement, technical specifications and export-ready quot',NOW(3),NOW(3)) ON DUPLICATE KEY UPDATE title=VALUES(title),slug=VALUES(slug),description=VALUES(description),alt=VALUES(alt),meta_title=VALUES(meta_title),meta_description=VALUES(meta_description),updated_at=NOW(3);
INSERT INTO product_i18n (product_id,locale,title,slug,description,alt,tags,specifications,meta_title,meta_description,created_at,updated_at) VALUES ('187468fe-360f-e9af-2dc9-dd038cb487ef','tr','ALP Havacilik','alp-havacilik','<p>Sultan Defense''in doğrulanmış üretici ve tedarikçi ağının bir parçası. B2B tedarik, teknik şartname ve ihracata hazır teklifler için ihracat ekibimizle iletişime geçin.</p>','ALP Havacilik','[]','{}','ALP Havacilik — Sultan Defense','Sultan Defense''in doğrulanmış üretici ve tedarikçi ağının bir parçası. B2B tedarik, teknik şartname ve ihracata hazır teklifler için ihracat ekibimizle iletişim',NOW(3),NOW(3)) ON DUPLICATE KEY UPDATE title=VALUES(title),slug=VALUES(slug),description=VALUES(description),alt=VALUES(alt),meta_title=VALUES(meta_title),meta_description=VALUES(meta_description),updated_at=NOW(3);
INSERT INTO product_i18n (product_id,locale,title,slug,description,alt,tags,specifications,meta_title,meta_description,created_at,updated_at) VALUES ('187468fe-360f-e9af-2dc9-dd038cb487ef','de','ALP Havacilik','alp-havacilik','<p>Teil des geprüften Hersteller- und Lieferantennetzwerks von Sultan Defense. Kontaktieren Sie unser Exportteam für B2B-Beschaffung, technische Spezifikationen und exportfertige Angebote.</p>','ALP Havacilik','[]','{}','ALP Havacilik — Sultan Defense','Teil des geprüften Hersteller- und Lieferantennetzwerks von Sultan Defense. Kontaktieren Sie unser Exportteam für B2B-Beschaffung, technische Spezifikationen un',NOW(3),NOW(3)) ON DUPLICATE KEY UPDATE title=VALUES(title),slug=VALUES(slug),description=VALUES(description),alt=VALUES(alt),meta_title=VALUES(meta_title),meta_description=VALUES(meta_description),updated_at=NOW(3);
INSERT INTO product_i18n (product_id,locale,title,slug,description,alt,tags,specifications,meta_title,meta_description,created_at,updated_at) VALUES ('187468fe-360f-e9af-2dc9-dd038cb487ef','ar','ALP Havacilik','alp-havacilik','<p>جزء من شبكة الموردين والمصنّعين المعتمدة لدى Sultan Defense. تواصل مع فريق التصدير لدينا للحصول على التوريد B2B والمواصفات الفنية وعروض الأسعار الجاهزة للتصدير.</p>','ALP Havacilik','[]','{}','ALP Havacilik — Sultan Defense','جزء من شبكة الموردين والمصنّعين المعتمدة لدى Sultan Defense. تواصل مع فريق التصدير لدينا للحصول على التوريد B2B والمواصفات الفنية وعروض الأسعار الجاهزة للتصدير.',NOW(3),NOW(3)) ON DUPLICATE KEY UPDATE title=VALUES(title),slug=VALUES(slug),description=VALUES(description),alt=VALUES(alt),meta_title=VALUES(meta_title),meta_description=VALUES(meta_description),updated_at=NOW(3);
INSERT INTO product_i18n (product_id,locale,title,slug,description,alt,tags,specifications,meta_title,meta_description,created_at,updated_at) VALUES ('187468fe-360f-e9af-2dc9-dd038cb487ef','ru','ALP Havacilik','alp-havacilik','<p>Часть проверенной сети производителей и поставщиков Sultan Defense. Свяжитесь с нашим экспортным отделом для B2B-закупок, технических характеристик и готовых к экспорту предложений.</p>','ALP Havacilik','[]','{}','ALP Havacilik — Sultan Defense','Часть проверенной сети производителей и поставщиков Sultan Defense. Свяжитесь с нашим экспортным отделом для B2B-закупок, технических характеристик и готовых к ',NOW(3),NOW(3)) ON DUPLICATE KEY UPDATE title=VALUES(title),slug=VALUES(slug),description=VALUES(description),alt=VALUES(alt),meta_title=VALUES(meta_title),meta_description=VALUES(meta_description),updated_at=NOW(3);

INSERT INTO storage_assets (id,name,bucket,path,folder,mime,size,url,provider,provider_public_id,provider_resource_type,provider_format,created_at,updated_at) VALUES ('4c4a3bd8-183f-dffe-2261-9a30992b7d23','isbir-elektrik-1.jpg','products','sultandefense/products/isbir-elektrik/isbir-elektrik-1.jpg','sultandefense/products/isbir-elektrik','image/jpeg',113440,'/media/sultandefense/products/isbir-elektrik/isbir-elektrik-1.jpg','local','sultandefense/products/isbir-elektrik/isbir-elektrik-1.jpg','image','jpg',NOW(3),NOW(3)) ON DUPLICATE KEY UPDATE url=VALUES(url),path=VALUES(path),size=VALUES(size),updated_at=NOW(3);
INSERT INTO storage_assets (id,name,bucket,path,folder,mime,size,url,provider,provider_public_id,provider_resource_type,provider_format,created_at,updated_at) VALUES ('b5e682fd-f7ac-8940-e965-5e589c5a5972','isbir-elektrik-2.jpg','products','sultandefense/products/isbir-elektrik/isbir-elektrik-2.jpg','sultandefense/products/isbir-elektrik','image/jpeg',23428,'/media/sultandefense/products/isbir-elektrik/isbir-elektrik-2.jpg','local','sultandefense/products/isbir-elektrik/isbir-elektrik-2.jpg','image','jpg',NOW(3),NOW(3)) ON DUPLICATE KEY UPDATE url=VALUES(url),path=VALUES(path),size=VALUES(size),updated_at=NOW(3);
INSERT INTO storage_assets (id,name,bucket,path,folder,mime,size,url,provider,provider_public_id,provider_resource_type,provider_format,created_at,updated_at) VALUES ('b18e6540-ce6c-dace-a425-4e0048b72043','isbir-elektrik-3.jpg','products','sultandefense/products/isbir-elektrik/isbir-elektrik-3.jpg','sultandefense/products/isbir-elektrik','image/jpeg',56641,'/media/sultandefense/products/isbir-elektrik/isbir-elektrik-3.jpg','local','sultandefense/products/isbir-elektrik/isbir-elektrik-3.jpg','image','jpg',NOW(3),NOW(3)) ON DUPLICATE KEY UPDATE url=VALUES(url),path=VALUES(path),size=VALUES(size),updated_at=NOW(3);
INSERT INTO products (id,item_type,category_id,price,image_url,storage_asset_id,images,storage_image_ids,is_active,is_featured,order_num,created_at,updated_at) VALUES ('0d578f7e-0b87-b5fb-6129-bae427142b04','sultandefense','cccc0006-4006-4006-8006-cccccccc0006',0,'/media/sultandefense/products/isbir-elektrik/isbir-elektrik-1.jpg','4c4a3bd8-183f-dffe-2261-9a30992b7d23','["/media/sultandefense/products/isbir-elektrik/isbir-elektrik-1.jpg","/media/sultandefense/products/isbir-elektrik/isbir-elektrik-2.jpg","/media/sultandefense/products/isbir-elektrik/isbir-elektrik-3.jpg"]','["4c4a3bd8-183f-dffe-2261-9a30992b7d23","b5e682fd-f7ac-8940-e965-5e589c5a5972","b18e6540-ce6c-dace-a425-4e0048b72043"]',1,0,111,NOW(3),NOW(3)) ON DUPLICATE KEY UPDATE category_id=VALUES(category_id),image_url=VALUES(image_url),storage_asset_id=VALUES(storage_asset_id),images=VALUES(images),storage_image_ids=VALUES(storage_image_ids),is_active=1,updated_at=NOW(3);
INSERT INTO product_i18n (product_id,locale,title,slug,description,alt,tags,specifications,meta_title,meta_description,created_at,updated_at) VALUES ('0d578f7e-0b87-b5fb-6129-bae427142b04','en','Isbir Elektrik','isbir-elektrik','<p>Part of Sultan Defense''s verified manufacturer and supplier network. Contact our export team for B2B procurement, technical specifications and export-ready quotations.</p>','Isbir Elektrik','[]','{}','Isbir Elektrik — Sultan Defense','Part of Sultan Defense''s verified manufacturer and supplier network. Contact our export team for B2B procurement, technical specifications and export-ready quot',NOW(3),NOW(3)) ON DUPLICATE KEY UPDATE title=VALUES(title),slug=VALUES(slug),description=VALUES(description),alt=VALUES(alt),meta_title=VALUES(meta_title),meta_description=VALUES(meta_description),updated_at=NOW(3);
INSERT INTO product_i18n (product_id,locale,title,slug,description,alt,tags,specifications,meta_title,meta_description,created_at,updated_at) VALUES ('0d578f7e-0b87-b5fb-6129-bae427142b04','tr','Isbir Elektrik','isbir-elektrik','<p>Sultan Defense''in doğrulanmış üretici ve tedarikçi ağının bir parçası. B2B tedarik, teknik şartname ve ihracata hazır teklifler için ihracat ekibimizle iletişime geçin.</p>','Isbir Elektrik','[]','{}','Isbir Elektrik — Sultan Defense','Sultan Defense''in doğrulanmış üretici ve tedarikçi ağının bir parçası. B2B tedarik, teknik şartname ve ihracata hazır teklifler için ihracat ekibimizle iletişim',NOW(3),NOW(3)) ON DUPLICATE KEY UPDATE title=VALUES(title),slug=VALUES(slug),description=VALUES(description),alt=VALUES(alt),meta_title=VALUES(meta_title),meta_description=VALUES(meta_description),updated_at=NOW(3);
INSERT INTO product_i18n (product_id,locale,title,slug,description,alt,tags,specifications,meta_title,meta_description,created_at,updated_at) VALUES ('0d578f7e-0b87-b5fb-6129-bae427142b04','de','Isbir Elektrik','isbir-elektrik','<p>Teil des geprüften Hersteller- und Lieferantennetzwerks von Sultan Defense. Kontaktieren Sie unser Exportteam für B2B-Beschaffung, technische Spezifikationen und exportfertige Angebote.</p>','Isbir Elektrik','[]','{}','Isbir Elektrik — Sultan Defense','Teil des geprüften Hersteller- und Lieferantennetzwerks von Sultan Defense. Kontaktieren Sie unser Exportteam für B2B-Beschaffung, technische Spezifikationen un',NOW(3),NOW(3)) ON DUPLICATE KEY UPDATE title=VALUES(title),slug=VALUES(slug),description=VALUES(description),alt=VALUES(alt),meta_title=VALUES(meta_title),meta_description=VALUES(meta_description),updated_at=NOW(3);
INSERT INTO product_i18n (product_id,locale,title,slug,description,alt,tags,specifications,meta_title,meta_description,created_at,updated_at) VALUES ('0d578f7e-0b87-b5fb-6129-bae427142b04','ar','Isbir Elektrik','isbir-elektrik','<p>جزء من شبكة الموردين والمصنّعين المعتمدة لدى Sultan Defense. تواصل مع فريق التصدير لدينا للحصول على التوريد B2B والمواصفات الفنية وعروض الأسعار الجاهزة للتصدير.</p>','Isbir Elektrik','[]','{}','Isbir Elektrik — Sultan Defense','جزء من شبكة الموردين والمصنّعين المعتمدة لدى Sultan Defense. تواصل مع فريق التصدير لدينا للحصول على التوريد B2B والمواصفات الفنية وعروض الأسعار الجاهزة للتصدير.',NOW(3),NOW(3)) ON DUPLICATE KEY UPDATE title=VALUES(title),slug=VALUES(slug),description=VALUES(description),alt=VALUES(alt),meta_title=VALUES(meta_title),meta_description=VALUES(meta_description),updated_at=NOW(3);
INSERT INTO product_i18n (product_id,locale,title,slug,description,alt,tags,specifications,meta_title,meta_description,created_at,updated_at) VALUES ('0d578f7e-0b87-b5fb-6129-bae427142b04','ru','Isbir Elektrik','isbir-elektrik','<p>Часть проверенной сети производителей и поставщиков Sultan Defense. Свяжитесь с нашим экспортным отделом для B2B-закупок, технических характеристик и готовых к экспорту предложений.</p>','Isbir Elektrik','[]','{}','Isbir Elektrik — Sultan Defense','Часть проверенной сети производителей и поставщиков Sultan Defense. Свяжитесь с нашим экспортным отделом для B2B-закупок, технических характеристик и готовых к ',NOW(3),NOW(3)) ON DUPLICATE KEY UPDATE title=VALUES(title),slug=VALUES(slug),description=VALUES(description),alt=VALUES(alt),meta_title=VALUES(meta_title),meta_description=VALUES(meta_description),updated_at=NOW(3);

INSERT INTO storage_assets (id,name,bucket,path,folder,mime,size,url,provider,provider_public_id,provider_resource_type,provider_format,created_at,updated_at) VALUES ('1035bcb1-8f14-344b-d908-3f88703aee72','mdh-makel-1.jpg','products','sultandefense/products/mdh-makel/mdh-makel-1.jpg','sultandefense/products/mdh-makel','image/jpeg',10378,'/media/sultandefense/products/mdh-makel/mdh-makel-1.jpg','local','sultandefense/products/mdh-makel/mdh-makel-1.jpg','image','jpg',NOW(3),NOW(3)) ON DUPLICATE KEY UPDATE url=VALUES(url),path=VALUES(path),size=VALUES(size),updated_at=NOW(3);
INSERT INTO storage_assets (id,name,bucket,path,folder,mime,size,url,provider,provider_public_id,provider_resource_type,provider_format,created_at,updated_at) VALUES ('305dced9-ab63-20b9-c15e-e03dd20736c7','mdh-makel-2.jpg','products','sultandefense/products/mdh-makel/mdh-makel-2.jpg','sultandefense/products/mdh-makel','image/jpeg',25065,'/media/sultandefense/products/mdh-makel/mdh-makel-2.jpg','local','sultandefense/products/mdh-makel/mdh-makel-2.jpg','image','jpg',NOW(3),NOW(3)) ON DUPLICATE KEY UPDATE url=VALUES(url),path=VALUES(path),size=VALUES(size),updated_at=NOW(3);
INSERT INTO storage_assets (id,name,bucket,path,folder,mime,size,url,provider,provider_public_id,provider_resource_type,provider_format,created_at,updated_at) VALUES ('163ee716-ba3b-8f46-3931-a9f3cbd79c7a','mdh-makel-3.jpg','products','sultandefense/products/mdh-makel/mdh-makel-3.jpg','sultandefense/products/mdh-makel','image/jpeg',4285,'/media/sultandefense/products/mdh-makel/mdh-makel-3.jpg','local','sultandefense/products/mdh-makel/mdh-makel-3.jpg','image','jpg',NOW(3),NOW(3)) ON DUPLICATE KEY UPDATE url=VALUES(url),path=VALUES(path),size=VALUES(size),updated_at=NOW(3);
INSERT INTO storage_assets (id,name,bucket,path,folder,mime,size,url,provider,provider_public_id,provider_resource_type,provider_format,created_at,updated_at) VALUES ('76fc6ba6-637c-9a2e-5be3-218740ed8a21','mdh-makel-4.jpg','products','sultandefense/products/mdh-makel/mdh-makel-4.jpg','sultandefense/products/mdh-makel','image/jpeg',8202,'/media/sultandefense/products/mdh-makel/mdh-makel-4.jpg','local','sultandefense/products/mdh-makel/mdh-makel-4.jpg','image','jpg',NOW(3),NOW(3)) ON DUPLICATE KEY UPDATE url=VALUES(url),path=VALUES(path),size=VALUES(size),updated_at=NOW(3);
INSERT INTO storage_assets (id,name,bucket,path,folder,mime,size,url,provider,provider_public_id,provider_resource_type,provider_format,created_at,updated_at) VALUES ('d5fe7ac6-c4d6-189f-eacb-fcfe60b7f74e','mdh-makel-5.jpg','products','sultandefense/products/mdh-makel/mdh-makel-5.jpg','sultandefense/products/mdh-makel','image/jpeg',16696,'/media/sultandefense/products/mdh-makel/mdh-makel-5.jpg','local','sultandefense/products/mdh-makel/mdh-makel-5.jpg','image','jpg',NOW(3),NOW(3)) ON DUPLICATE KEY UPDATE url=VALUES(url),path=VALUES(path),size=VALUES(size),updated_at=NOW(3);
INSERT INTO storage_assets (id,name,bucket,path,folder,mime,size,url,provider,provider_public_id,provider_resource_type,provider_format,created_at,updated_at) VALUES ('87b93d87-3466-b1e0-d3c8-95242c71356c','mdh-makel-6.jpg','products','sultandefense/products/mdh-makel/mdh-makel-6.jpg','sultandefense/products/mdh-makel','image/jpeg',12885,'/media/sultandefense/products/mdh-makel/mdh-makel-6.jpg','local','sultandefense/products/mdh-makel/mdh-makel-6.jpg','image','jpg',NOW(3),NOW(3)) ON DUPLICATE KEY UPDATE url=VALUES(url),path=VALUES(path),size=VALUES(size),updated_at=NOW(3);
INSERT INTO storage_assets (id,name,bucket,path,folder,mime,size,url,provider,provider_public_id,provider_resource_type,provider_format,created_at,updated_at) VALUES ('a7dbb449-f7a7-ea14-ddbb-01b86be9d6c7','mdh-makel-7.jpg','products','sultandefense/products/mdh-makel/mdh-makel-7.jpg','sultandefense/products/mdh-makel','image/jpeg',28249,'/media/sultandefense/products/mdh-makel/mdh-makel-7.jpg','local','sultandefense/products/mdh-makel/mdh-makel-7.jpg','image','jpg',NOW(3),NOW(3)) ON DUPLICATE KEY UPDATE url=VALUES(url),path=VALUES(path),size=VALUES(size),updated_at=NOW(3);
INSERT INTO storage_assets (id,name,bucket,path,folder,mime,size,url,provider,provider_public_id,provider_resource_type,provider_format,created_at,updated_at) VALUES ('c6f53096-dd05-1fcb-1abe-2357912cc274','mdh-makel-8.jpg','products','sultandefense/products/mdh-makel/mdh-makel-8.jpg','sultandefense/products/mdh-makel','image/jpeg',18622,'/media/sultandefense/products/mdh-makel/mdh-makel-8.jpg','local','sultandefense/products/mdh-makel/mdh-makel-8.jpg','image','jpg',NOW(3),NOW(3)) ON DUPLICATE KEY UPDATE url=VALUES(url),path=VALUES(path),size=VALUES(size),updated_at=NOW(3);
INSERT INTO storage_assets (id,name,bucket,path,folder,mime,size,url,provider,provider_public_id,provider_resource_type,provider_format,created_at,updated_at) VALUES ('3d95c14b-3bce-a7f8-e281-0d917d8b3f41','mdh-makel-9.jpg','products','sultandefense/products/mdh-makel/mdh-makel-9.jpg','sultandefense/products/mdh-makel','image/jpeg',30327,'/media/sultandefense/products/mdh-makel/mdh-makel-9.jpg','local','sultandefense/products/mdh-makel/mdh-makel-9.jpg','image','jpg',NOW(3),NOW(3)) ON DUPLICATE KEY UPDATE url=VALUES(url),path=VALUES(path),size=VALUES(size),updated_at=NOW(3);
INSERT INTO storage_assets (id,name,bucket,path,folder,mime,size,url,provider,provider_public_id,provider_resource_type,provider_format,created_at,updated_at) VALUES ('4772040f-ec3e-6546-994b-30ef0d841a28','mdh-makel-10.jpg','products','sultandefense/products/mdh-makel/mdh-makel-10.jpg','sultandefense/products/mdh-makel','image/jpeg',22638,'/media/sultandefense/products/mdh-makel/mdh-makel-10.jpg','local','sultandefense/products/mdh-makel/mdh-makel-10.jpg','image','jpg',NOW(3),NOW(3)) ON DUPLICATE KEY UPDATE url=VALUES(url),path=VALUES(path),size=VALUES(size),updated_at=NOW(3);
INSERT INTO storage_assets (id,name,bucket,path,folder,mime,size,url,provider,provider_public_id,provider_resource_type,provider_format,created_at,updated_at) VALUES ('2a258c3a-80d5-5aba-9192-0d60dcdb940a','mdh-makel-11.jpg','products','sultandefense/products/mdh-makel/mdh-makel-11.jpg','sultandefense/products/mdh-makel','image/jpeg',13241,'/media/sultandefense/products/mdh-makel/mdh-makel-11.jpg','local','sultandefense/products/mdh-makel/mdh-makel-11.jpg','image','jpg',NOW(3),NOW(3)) ON DUPLICATE KEY UPDATE url=VALUES(url),path=VALUES(path),size=VALUES(size),updated_at=NOW(3);
INSERT INTO storage_assets (id,name,bucket,path,folder,mime,size,url,provider,provider_public_id,provider_resource_type,provider_format,created_at,updated_at) VALUES ('d3035ce0-2348-ea83-c2aa-a95d04c2fcc3','mdh-makel-12.jpg','products','sultandefense/products/mdh-makel/mdh-makel-12.jpg','sultandefense/products/mdh-makel','image/jpeg',20052,'/media/sultandefense/products/mdh-makel/mdh-makel-12.jpg','local','sultandefense/products/mdh-makel/mdh-makel-12.jpg','image','jpg',NOW(3),NOW(3)) ON DUPLICATE KEY UPDATE url=VALUES(url),path=VALUES(path),size=VALUES(size),updated_at=NOW(3);
INSERT INTO storage_assets (id,name,bucket,path,folder,mime,size,url,provider,provider_public_id,provider_resource_type,provider_format,created_at,updated_at) VALUES ('c6a7fd6b-7a10-2b30-6146-0ffe82e24859','mdh-makel-13.jpg','products','sultandefense/products/mdh-makel/mdh-makel-13.jpg','sultandefense/products/mdh-makel','image/jpeg',14715,'/media/sultandefense/products/mdh-makel/mdh-makel-13.jpg','local','sultandefense/products/mdh-makel/mdh-makel-13.jpg','image','jpg',NOW(3),NOW(3)) ON DUPLICATE KEY UPDATE url=VALUES(url),path=VALUES(path),size=VALUES(size),updated_at=NOW(3);
INSERT INTO products (id,item_type,category_id,price,image_url,storage_asset_id,images,storage_image_ids,is_active,is_featured,order_num,created_at,updated_at) VALUES ('d1c714b9-71d8-ca10-7383-c509242d5b67','sultandefense','cccc0006-4006-4006-8006-cccccccc0006',0,'/media/sultandefense/products/mdh-makel/mdh-makel-1.jpg','1035bcb1-8f14-344b-d908-3f88703aee72','["/media/sultandefense/products/mdh-makel/mdh-makel-1.jpg","/media/sultandefense/products/mdh-makel/mdh-makel-2.jpg","/media/sultandefense/products/mdh-makel/mdh-makel-3.jpg","/media/sultandefense/products/mdh-makel/mdh-makel-4.jpg","/media/sultandefense/products/mdh-makel/mdh-makel-5.jpg","/media/sultandefense/products/mdh-makel/mdh-makel-6.jpg","/media/sultandefense/products/mdh-makel/mdh-makel-7.jpg","/media/sultandefense/products/mdh-makel/mdh-makel-8.jpg","/media/sultandefense/products/mdh-makel/mdh-makel-9.jpg","/media/sultandefense/products/mdh-makel/mdh-makel-10.jpg","/media/sultandefense/products/mdh-makel/mdh-makel-11.jpg","/media/sultandefense/products/mdh-makel/mdh-makel-12.jpg","/media/sultandefense/products/mdh-makel/mdh-makel-13.jpg"]','["1035bcb1-8f14-344b-d908-3f88703aee72","305dced9-ab63-20b9-c15e-e03dd20736c7","163ee716-ba3b-8f46-3931-a9f3cbd79c7a","76fc6ba6-637c-9a2e-5be3-218740ed8a21","d5fe7ac6-c4d6-189f-eacb-fcfe60b7f74e","87b93d87-3466-b1e0-d3c8-95242c71356c","a7dbb449-f7a7-ea14-ddbb-01b86be9d6c7","c6f53096-dd05-1fcb-1abe-2357912cc274","3d95c14b-3bce-a7f8-e281-0d917d8b3f41","4772040f-ec3e-6546-994b-30ef0d841a28","2a258c3a-80d5-5aba-9192-0d60dcdb940a","d3035ce0-2348-ea83-c2aa-a95d04c2fcc3","c6a7fd6b-7a10-2b30-6146-0ffe82e24859"]',1,0,112,NOW(3),NOW(3)) ON DUPLICATE KEY UPDATE category_id=VALUES(category_id),image_url=VALUES(image_url),storage_asset_id=VALUES(storage_asset_id),images=VALUES(images),storage_image_ids=VALUES(storage_image_ids),is_active=1,updated_at=NOW(3);
INSERT INTO product_i18n (product_id,locale,title,slug,description,alt,tags,specifications,meta_title,meta_description,created_at,updated_at) VALUES ('d1c714b9-71d8-ca10-7383-c509242d5b67','en','MDH Makel','mdh-makel','<p>Part of Sultan Defense''s verified manufacturer and supplier network. Contact our export team for B2B procurement, technical specifications and export-ready quotations.</p>','MDH Makel','[]','{}','MDH Makel — Sultan Defense','Part of Sultan Defense''s verified manufacturer and supplier network. Contact our export team for B2B procurement, technical specifications and export-ready quot',NOW(3),NOW(3)) ON DUPLICATE KEY UPDATE title=VALUES(title),slug=VALUES(slug),description=VALUES(description),alt=VALUES(alt),meta_title=VALUES(meta_title),meta_description=VALUES(meta_description),updated_at=NOW(3);
INSERT INTO product_i18n (product_id,locale,title,slug,description,alt,tags,specifications,meta_title,meta_description,created_at,updated_at) VALUES ('d1c714b9-71d8-ca10-7383-c509242d5b67','tr','MDH Makel','mdh-makel','<p>Sultan Defense''in doğrulanmış üretici ve tedarikçi ağının bir parçası. B2B tedarik, teknik şartname ve ihracata hazır teklifler için ihracat ekibimizle iletişime geçin.</p>','MDH Makel','[]','{}','MDH Makel — Sultan Defense','Sultan Defense''in doğrulanmış üretici ve tedarikçi ağının bir parçası. B2B tedarik, teknik şartname ve ihracata hazır teklifler için ihracat ekibimizle iletişim',NOW(3),NOW(3)) ON DUPLICATE KEY UPDATE title=VALUES(title),slug=VALUES(slug),description=VALUES(description),alt=VALUES(alt),meta_title=VALUES(meta_title),meta_description=VALUES(meta_description),updated_at=NOW(3);
INSERT INTO product_i18n (product_id,locale,title,slug,description,alt,tags,specifications,meta_title,meta_description,created_at,updated_at) VALUES ('d1c714b9-71d8-ca10-7383-c509242d5b67','de','MDH Makel','mdh-makel','<p>Teil des geprüften Hersteller- und Lieferantennetzwerks von Sultan Defense. Kontaktieren Sie unser Exportteam für B2B-Beschaffung, technische Spezifikationen und exportfertige Angebote.</p>','MDH Makel','[]','{}','MDH Makel — Sultan Defense','Teil des geprüften Hersteller- und Lieferantennetzwerks von Sultan Defense. Kontaktieren Sie unser Exportteam für B2B-Beschaffung, technische Spezifikationen un',NOW(3),NOW(3)) ON DUPLICATE KEY UPDATE title=VALUES(title),slug=VALUES(slug),description=VALUES(description),alt=VALUES(alt),meta_title=VALUES(meta_title),meta_description=VALUES(meta_description),updated_at=NOW(3);
INSERT INTO product_i18n (product_id,locale,title,slug,description,alt,tags,specifications,meta_title,meta_description,created_at,updated_at) VALUES ('d1c714b9-71d8-ca10-7383-c509242d5b67','ar','MDH Makel','mdh-makel','<p>جزء من شبكة الموردين والمصنّعين المعتمدة لدى Sultan Defense. تواصل مع فريق التصدير لدينا للحصول على التوريد B2B والمواصفات الفنية وعروض الأسعار الجاهزة للتصدير.</p>','MDH Makel','[]','{}','MDH Makel — Sultan Defense','جزء من شبكة الموردين والمصنّعين المعتمدة لدى Sultan Defense. تواصل مع فريق التصدير لدينا للحصول على التوريد B2B والمواصفات الفنية وعروض الأسعار الجاهزة للتصدير.',NOW(3),NOW(3)) ON DUPLICATE KEY UPDATE title=VALUES(title),slug=VALUES(slug),description=VALUES(description),alt=VALUES(alt),meta_title=VALUES(meta_title),meta_description=VALUES(meta_description),updated_at=NOW(3);
INSERT INTO product_i18n (product_id,locale,title,slug,description,alt,tags,specifications,meta_title,meta_description,created_at,updated_at) VALUES ('d1c714b9-71d8-ca10-7383-c509242d5b67','ru','MDH Makel','mdh-makel','<p>Часть проверенной сети производителей и поставщиков Sultan Defense. Свяжитесь с нашим экспортным отделом для B2B-закупок, технических характеристик и готовых к экспорту предложений.</p>','MDH Makel','[]','{}','MDH Makel — Sultan Defense','Часть проверенной сети производителей и поставщиков Sultan Defense. Свяжитесь с нашим экспортным отделом для B2B-закупок, технических характеристик и готовых к ',NOW(3),NOW(3)) ON DUPLICATE KEY UPDATE title=VALUES(title),slug=VALUES(slug),description=VALUES(description),alt=VALUES(alt),meta_title=VALUES(meta_title),meta_description=VALUES(meta_description),updated_at=NOW(3);

INSERT INTO storage_assets (id,name,bucket,path,folder,mime,size,url,provider,provider_public_id,provider_resource_type,provider_format,created_at,updated_at) VALUES ('952edca1-7ed5-a571-6614-cd345a3e2ba3','menatek-1.jpg','products','sultandefense/products/menatek/menatek-1.jpg','sultandefense/products/menatek','image/jpeg',68882,'/media/sultandefense/products/menatek/menatek-1.jpg','local','sultandefense/products/menatek/menatek-1.jpg','image','jpg',NOW(3),NOW(3)) ON DUPLICATE KEY UPDATE url=VALUES(url),path=VALUES(path),size=VALUES(size),updated_at=NOW(3);
INSERT INTO storage_assets (id,name,bucket,path,folder,mime,size,url,provider,provider_public_id,provider_resource_type,provider_format,created_at,updated_at) VALUES ('af961089-eb63-9110-109b-183c6a984b46','menatek-2.jpg','products','sultandefense/products/menatek/menatek-2.jpg','sultandefense/products/menatek','image/jpeg',28142,'/media/sultandefense/products/menatek/menatek-2.jpg','local','sultandefense/products/menatek/menatek-2.jpg','image','jpg',NOW(3),NOW(3)) ON DUPLICATE KEY UPDATE url=VALUES(url),path=VALUES(path),size=VALUES(size),updated_at=NOW(3);
INSERT INTO storage_assets (id,name,bucket,path,folder,mime,size,url,provider,provider_public_id,provider_resource_type,provider_format,created_at,updated_at) VALUES ('8fa5bff6-4fe1-9069-e329-e0732dd36502','menatek-3.jpg','products','sultandefense/products/menatek/menatek-3.jpg','sultandefense/products/menatek','image/jpeg',60304,'/media/sultandefense/products/menatek/menatek-3.jpg','local','sultandefense/products/menatek/menatek-3.jpg','image','jpg',NOW(3),NOW(3)) ON DUPLICATE KEY UPDATE url=VALUES(url),path=VALUES(path),size=VALUES(size),updated_at=NOW(3);
INSERT INTO storage_assets (id,name,bucket,path,folder,mime,size,url,provider,provider_public_id,provider_resource_type,provider_format,created_at,updated_at) VALUES ('ddcd9d76-9e75-bb5a-4778-1e60f9881230','menatek-4.jpg','products','sultandefense/products/menatek/menatek-4.jpg','sultandefense/products/menatek','image/jpeg',34671,'/media/sultandefense/products/menatek/menatek-4.jpg','local','sultandefense/products/menatek/menatek-4.jpg','image','jpg',NOW(3),NOW(3)) ON DUPLICATE KEY UPDATE url=VALUES(url),path=VALUES(path),size=VALUES(size),updated_at=NOW(3);
INSERT INTO storage_assets (id,name,bucket,path,folder,mime,size,url,provider,provider_public_id,provider_resource_type,provider_format,created_at,updated_at) VALUES ('7b403f1a-b533-bab4-50f7-6a548e8c52b4','menatek-5.jpg','products','sultandefense/products/menatek/menatek-5.jpg','sultandefense/products/menatek','image/jpeg',28863,'/media/sultandefense/products/menatek/menatek-5.jpg','local','sultandefense/products/menatek/menatek-5.jpg','image','jpg',NOW(3),NOW(3)) ON DUPLICATE KEY UPDATE url=VALUES(url),path=VALUES(path),size=VALUES(size),updated_at=NOW(3);
INSERT INTO storage_assets (id,name,bucket,path,folder,mime,size,url,provider,provider_public_id,provider_resource_type,provider_format,created_at,updated_at) VALUES ('0fa4236d-ea30-438b-b1e7-063c13fdb82e','menatek-6.jpg','products','sultandefense/products/menatek/menatek-6.jpg','sultandefense/products/menatek','image/jpeg',23931,'/media/sultandefense/products/menatek/menatek-6.jpg','local','sultandefense/products/menatek/menatek-6.jpg','image','jpg',NOW(3),NOW(3)) ON DUPLICATE KEY UPDATE url=VALUES(url),path=VALUES(path),size=VALUES(size),updated_at=NOW(3);
INSERT INTO storage_assets (id,name,bucket,path,folder,mime,size,url,provider,provider_public_id,provider_resource_type,provider_format,created_at,updated_at) VALUES ('4cccbb82-d43a-e04a-c7c7-d79416997031','menatek-7.jpg','products','sultandefense/products/menatek/menatek-7.jpg','sultandefense/products/menatek','image/jpeg',16939,'/media/sultandefense/products/menatek/menatek-7.jpg','local','sultandefense/products/menatek/menatek-7.jpg','image','jpg',NOW(3),NOW(3)) ON DUPLICATE KEY UPDATE url=VALUES(url),path=VALUES(path),size=VALUES(size),updated_at=NOW(3);
INSERT INTO storage_assets (id,name,bucket,path,folder,mime,size,url,provider,provider_public_id,provider_resource_type,provider_format,created_at,updated_at) VALUES ('ca9c7e57-17c2-23e9-5ed3-09e06b73f9f8','menatek-8.jpg','products','sultandefense/products/menatek/menatek-8.jpg','sultandefense/products/menatek','image/jpeg',12843,'/media/sultandefense/products/menatek/menatek-8.jpg','local','sultandefense/products/menatek/menatek-8.jpg','image','jpg',NOW(3),NOW(3)) ON DUPLICATE KEY UPDATE url=VALUES(url),path=VALUES(path),size=VALUES(size),updated_at=NOW(3);
INSERT INTO storage_assets (id,name,bucket,path,folder,mime,size,url,provider,provider_public_id,provider_resource_type,provider_format,created_at,updated_at) VALUES ('adf1ec09-f234-b07a-f14b-4974621f40d8','menatek-9.jpg','products','sultandefense/products/menatek/menatek-9.jpg','sultandefense/products/menatek','image/jpeg',22983,'/media/sultandefense/products/menatek/menatek-9.jpg','local','sultandefense/products/menatek/menatek-9.jpg','image','jpg',NOW(3),NOW(3)) ON DUPLICATE KEY UPDATE url=VALUES(url),path=VALUES(path),size=VALUES(size),updated_at=NOW(3);
INSERT INTO storage_assets (id,name,bucket,path,folder,mime,size,url,provider,provider_public_id,provider_resource_type,provider_format,created_at,updated_at) VALUES ('a543fab9-13b7-fe72-2b53-abe1238ec58d','menatek-10.jpg','products','sultandefense/products/menatek/menatek-10.jpg','sultandefense/products/menatek','image/jpeg',29213,'/media/sultandefense/products/menatek/menatek-10.jpg','local','sultandefense/products/menatek/menatek-10.jpg','image','jpg',NOW(3),NOW(3)) ON DUPLICATE KEY UPDATE url=VALUES(url),path=VALUES(path),size=VALUES(size),updated_at=NOW(3);
INSERT INTO storage_assets (id,name,bucket,path,folder,mime,size,url,provider,provider_public_id,provider_resource_type,provider_format,created_at,updated_at) VALUES ('76ce9466-5709-55d8-518c-4d83b8e788c0','menatek-11.jpg','products','sultandefense/products/menatek/menatek-11.jpg','sultandefense/products/menatek','image/jpeg',25115,'/media/sultandefense/products/menatek/menatek-11.jpg','local','sultandefense/products/menatek/menatek-11.jpg','image','jpg',NOW(3),NOW(3)) ON DUPLICATE KEY UPDATE url=VALUES(url),path=VALUES(path),size=VALUES(size),updated_at=NOW(3);
INSERT INTO storage_assets (id,name,bucket,path,folder,mime,size,url,provider,provider_public_id,provider_resource_type,provider_format,created_at,updated_at) VALUES ('0a73318f-4fe5-2d3a-7a79-1ebd28024452','menatek-12.jpg','products','sultandefense/products/menatek/menatek-12.jpg','sultandefense/products/menatek','image/jpeg',22175,'/media/sultandefense/products/menatek/menatek-12.jpg','local','sultandefense/products/menatek/menatek-12.jpg','image','jpg',NOW(3),NOW(3)) ON DUPLICATE KEY UPDATE url=VALUES(url),path=VALUES(path),size=VALUES(size),updated_at=NOW(3);
INSERT INTO storage_assets (id,name,bucket,path,folder,mime,size,url,provider,provider_public_id,provider_resource_type,provider_format,created_at,updated_at) VALUES ('a9482b35-a7e1-bd39-d9d1-2d68e738395a','menatek-13.jpg','products','sultandefense/products/menatek/menatek-13.jpg','sultandefense/products/menatek','image/jpeg',15475,'/media/sultandefense/products/menatek/menatek-13.jpg','local','sultandefense/products/menatek/menatek-13.jpg','image','jpg',NOW(3),NOW(3)) ON DUPLICATE KEY UPDATE url=VALUES(url),path=VALUES(path),size=VALUES(size),updated_at=NOW(3);
INSERT INTO storage_assets (id,name,bucket,path,folder,mime,size,url,provider,provider_public_id,provider_resource_type,provider_format,created_at,updated_at) VALUES ('056677c5-ea4b-a1dd-c37f-de62a2217f02','menatek-14.jpg','products','sultandefense/products/menatek/menatek-14.jpg','sultandefense/products/menatek','image/jpeg',19725,'/media/sultandefense/products/menatek/menatek-14.jpg','local','sultandefense/products/menatek/menatek-14.jpg','image','jpg',NOW(3),NOW(3)) ON DUPLICATE KEY UPDATE url=VALUES(url),path=VALUES(path),size=VALUES(size),updated_at=NOW(3);
INSERT INTO products (id,item_type,category_id,price,image_url,storage_asset_id,images,storage_image_ids,is_active,is_featured,order_num,created_at,updated_at) VALUES ('b4b8ccc7-ef37-d92a-0e2e-50c2934bacf0','sultandefense','cccc0006-4006-4006-8006-cccccccc0006',0,'/media/sultandefense/products/menatek/menatek-1.jpg','952edca1-7ed5-a571-6614-cd345a3e2ba3','["/media/sultandefense/products/menatek/menatek-1.jpg","/media/sultandefense/products/menatek/menatek-2.jpg","/media/sultandefense/products/menatek/menatek-3.jpg","/media/sultandefense/products/menatek/menatek-4.jpg","/media/sultandefense/products/menatek/menatek-5.jpg","/media/sultandefense/products/menatek/menatek-6.jpg","/media/sultandefense/products/menatek/menatek-7.jpg","/media/sultandefense/products/menatek/menatek-8.jpg","/media/sultandefense/products/menatek/menatek-9.jpg","/media/sultandefense/products/menatek/menatek-10.jpg","/media/sultandefense/products/menatek/menatek-11.jpg","/media/sultandefense/products/menatek/menatek-12.jpg","/media/sultandefense/products/menatek/menatek-13.jpg","/media/sultandefense/products/menatek/menatek-14.jpg"]','["952edca1-7ed5-a571-6614-cd345a3e2ba3","af961089-eb63-9110-109b-183c6a984b46","8fa5bff6-4fe1-9069-e329-e0732dd36502","ddcd9d76-9e75-bb5a-4778-1e60f9881230","7b403f1a-b533-bab4-50f7-6a548e8c52b4","0fa4236d-ea30-438b-b1e7-063c13fdb82e","4cccbb82-d43a-e04a-c7c7-d79416997031","ca9c7e57-17c2-23e9-5ed3-09e06b73f9f8","adf1ec09-f234-b07a-f14b-4974621f40d8","a543fab9-13b7-fe72-2b53-abe1238ec58d","76ce9466-5709-55d8-518c-4d83b8e788c0","0a73318f-4fe5-2d3a-7a79-1ebd28024452","a9482b35-a7e1-bd39-d9d1-2d68e738395a","056677c5-ea4b-a1dd-c37f-de62a2217f02"]',1,0,113,NOW(3),NOW(3)) ON DUPLICATE KEY UPDATE category_id=VALUES(category_id),image_url=VALUES(image_url),storage_asset_id=VALUES(storage_asset_id),images=VALUES(images),storage_image_ids=VALUES(storage_image_ids),is_active=1,updated_at=NOW(3);
INSERT INTO product_i18n (product_id,locale,title,slug,description,alt,tags,specifications,meta_title,meta_description,created_at,updated_at) VALUES ('b4b8ccc7-ef37-d92a-0e2e-50c2934bacf0','en','Menatek','menatek','<p>Part of Sultan Defense''s verified manufacturer and supplier network. Contact our export team for B2B procurement, technical specifications and export-ready quotations.</p>','Menatek','[]','{}','Menatek — Sultan Defense','Part of Sultan Defense''s verified manufacturer and supplier network. Contact our export team for B2B procurement, technical specifications and export-ready quot',NOW(3),NOW(3)) ON DUPLICATE KEY UPDATE title=VALUES(title),slug=VALUES(slug),description=VALUES(description),alt=VALUES(alt),meta_title=VALUES(meta_title),meta_description=VALUES(meta_description),updated_at=NOW(3);
INSERT INTO product_i18n (product_id,locale,title,slug,description,alt,tags,specifications,meta_title,meta_description,created_at,updated_at) VALUES ('b4b8ccc7-ef37-d92a-0e2e-50c2934bacf0','tr','Menatek','menatek','<p>Sultan Defense''in doğrulanmış üretici ve tedarikçi ağının bir parçası. B2B tedarik, teknik şartname ve ihracata hazır teklifler için ihracat ekibimizle iletişime geçin.</p>','Menatek','[]','{}','Menatek — Sultan Defense','Sultan Defense''in doğrulanmış üretici ve tedarikçi ağının bir parçası. B2B tedarik, teknik şartname ve ihracata hazır teklifler için ihracat ekibimizle iletişim',NOW(3),NOW(3)) ON DUPLICATE KEY UPDATE title=VALUES(title),slug=VALUES(slug),description=VALUES(description),alt=VALUES(alt),meta_title=VALUES(meta_title),meta_description=VALUES(meta_description),updated_at=NOW(3);
INSERT INTO product_i18n (product_id,locale,title,slug,description,alt,tags,specifications,meta_title,meta_description,created_at,updated_at) VALUES ('b4b8ccc7-ef37-d92a-0e2e-50c2934bacf0','de','Menatek','menatek','<p>Teil des geprüften Hersteller- und Lieferantennetzwerks von Sultan Defense. Kontaktieren Sie unser Exportteam für B2B-Beschaffung, technische Spezifikationen und exportfertige Angebote.</p>','Menatek','[]','{}','Menatek — Sultan Defense','Teil des geprüften Hersteller- und Lieferantennetzwerks von Sultan Defense. Kontaktieren Sie unser Exportteam für B2B-Beschaffung, technische Spezifikationen un',NOW(3),NOW(3)) ON DUPLICATE KEY UPDATE title=VALUES(title),slug=VALUES(slug),description=VALUES(description),alt=VALUES(alt),meta_title=VALUES(meta_title),meta_description=VALUES(meta_description),updated_at=NOW(3);
INSERT INTO product_i18n (product_id,locale,title,slug,description,alt,tags,specifications,meta_title,meta_description,created_at,updated_at) VALUES ('b4b8ccc7-ef37-d92a-0e2e-50c2934bacf0','ar','Menatek','menatek','<p>جزء من شبكة الموردين والمصنّعين المعتمدة لدى Sultan Defense. تواصل مع فريق التصدير لدينا للحصول على التوريد B2B والمواصفات الفنية وعروض الأسعار الجاهزة للتصدير.</p>','Menatek','[]','{}','Menatek — Sultan Defense','جزء من شبكة الموردين والمصنّعين المعتمدة لدى Sultan Defense. تواصل مع فريق التصدير لدينا للحصول على التوريد B2B والمواصفات الفنية وعروض الأسعار الجاهزة للتصدير.',NOW(3),NOW(3)) ON DUPLICATE KEY UPDATE title=VALUES(title),slug=VALUES(slug),description=VALUES(description),alt=VALUES(alt),meta_title=VALUES(meta_title),meta_description=VALUES(meta_description),updated_at=NOW(3);
INSERT INTO product_i18n (product_id,locale,title,slug,description,alt,tags,specifications,meta_title,meta_description,created_at,updated_at) VALUES ('b4b8ccc7-ef37-d92a-0e2e-50c2934bacf0','ru','Menatek','menatek','<p>Часть проверенной сети производителей и поставщиков Sultan Defense. Свяжитесь с нашим экспортным отделом для B2B-закупок, технических характеристик и готовых к экспорту предложений.</p>','Menatek','[]','{}','Menatek — Sultan Defense','Часть проверенной сети производителей и поставщиков Sultan Defense. Свяжитесь с нашим экспортным отделом для B2B-закупок, технических характеристик и готовых к ',NOW(3),NOW(3)) ON DUPLICATE KEY UPDATE title=VALUES(title),slug=VALUES(slug),description=VALUES(description),alt=VALUES(alt),meta_title=VALUES(meta_title),meta_description=VALUES(meta_description),updated_at=NOW(3);

INSERT INTO storage_assets (id,name,bucket,path,folder,mime,size,url,provider,provider_public_id,provider_resource_type,provider_format,created_at,updated_at) VALUES ('921b4bce-1d84-87b7-8b4f-c50553b4712c','ces-1.jpg','products','sultandefense/products/ces/ces-1.jpg','sultandefense/products/ces','image/jpeg',148120,'/media/sultandefense/products/ces/ces-1.jpg','local','sultandefense/products/ces/ces-1.jpg','image','jpg',NOW(3),NOW(3)) ON DUPLICATE KEY UPDATE url=VALUES(url),path=VALUES(path),size=VALUES(size),updated_at=NOW(3);
INSERT INTO storage_assets (id,name,bucket,path,folder,mime,size,url,provider,provider_public_id,provider_resource_type,provider_format,created_at,updated_at) VALUES ('c1358625-de6d-0d3a-924a-deb6620c9ed7','ces-2.jpg','products','sultandefense/products/ces/ces-2.jpg','sultandefense/products/ces','image/jpeg',61610,'/media/sultandefense/products/ces/ces-2.jpg','local','sultandefense/products/ces/ces-2.jpg','image','jpg',NOW(3),NOW(3)) ON DUPLICATE KEY UPDATE url=VALUES(url),path=VALUES(path),size=VALUES(size),updated_at=NOW(3);
INSERT INTO storage_assets (id,name,bucket,path,folder,mime,size,url,provider,provider_public_id,provider_resource_type,provider_format,created_at,updated_at) VALUES ('8aa58ed9-b507-c16c-ad51-4441d5d347f2','ces-3.jpg','products','sultandefense/products/ces/ces-3.jpg','sultandefense/products/ces','image/jpeg',61809,'/media/sultandefense/products/ces/ces-3.jpg','local','sultandefense/products/ces/ces-3.jpg','image','jpg',NOW(3),NOW(3)) ON DUPLICATE KEY UPDATE url=VALUES(url),path=VALUES(path),size=VALUES(size),updated_at=NOW(3);
INSERT INTO products (id,item_type,category_id,price,image_url,storage_asset_id,images,storage_image_ids,is_active,is_featured,order_num,created_at,updated_at) VALUES ('396d8f76-34a4-21c9-9d2f-21fda8fe34ab','sultandefense','cccc0007-4007-4007-8007-cccccccc0007',0,'/media/sultandefense/products/ces/ces-1.jpg','921b4bce-1d84-87b7-8b4f-c50553b4712c','["/media/sultandefense/products/ces/ces-1.jpg","/media/sultandefense/products/ces/ces-2.jpg","/media/sultandefense/products/ces/ces-3.jpg"]','["921b4bce-1d84-87b7-8b4f-c50553b4712c","c1358625-de6d-0d3a-924a-deb6620c9ed7","8aa58ed9-b507-c16c-ad51-4441d5d347f2"]',1,0,114,NOW(3),NOW(3)) ON DUPLICATE KEY UPDATE category_id=VALUES(category_id),image_url=VALUES(image_url),storage_asset_id=VALUES(storage_asset_id),images=VALUES(images),storage_image_ids=VALUES(storage_image_ids),is_active=1,updated_at=NOW(3);
INSERT INTO product_i18n (product_id,locale,title,slug,description,alt,tags,specifications,meta_title,meta_description,created_at,updated_at) VALUES ('396d8f76-34a4-21c9-9d2f-21fda8fe34ab','en','CES','ces','<p>Part of Sultan Defense''s verified manufacturer and supplier network. Contact our export team for B2B procurement, technical specifications and export-ready quotations.</p>','CES','[]','{}','CES — Sultan Defense','Part of Sultan Defense''s verified manufacturer and supplier network. Contact our export team for B2B procurement, technical specifications and export-ready quot',NOW(3),NOW(3)) ON DUPLICATE KEY UPDATE title=VALUES(title),slug=VALUES(slug),description=VALUES(description),alt=VALUES(alt),meta_title=VALUES(meta_title),meta_description=VALUES(meta_description),updated_at=NOW(3);
INSERT INTO product_i18n (product_id,locale,title,slug,description,alt,tags,specifications,meta_title,meta_description,created_at,updated_at) VALUES ('396d8f76-34a4-21c9-9d2f-21fda8fe34ab','tr','CES','ces','<p>Sultan Defense''in doğrulanmış üretici ve tedarikçi ağının bir parçası. B2B tedarik, teknik şartname ve ihracata hazır teklifler için ihracat ekibimizle iletişime geçin.</p>','CES','[]','{}','CES — Sultan Defense','Sultan Defense''in doğrulanmış üretici ve tedarikçi ağının bir parçası. B2B tedarik, teknik şartname ve ihracata hazır teklifler için ihracat ekibimizle iletişim',NOW(3),NOW(3)) ON DUPLICATE KEY UPDATE title=VALUES(title),slug=VALUES(slug),description=VALUES(description),alt=VALUES(alt),meta_title=VALUES(meta_title),meta_description=VALUES(meta_description),updated_at=NOW(3);
INSERT INTO product_i18n (product_id,locale,title,slug,description,alt,tags,specifications,meta_title,meta_description,created_at,updated_at) VALUES ('396d8f76-34a4-21c9-9d2f-21fda8fe34ab','de','CES','ces','<p>Teil des geprüften Hersteller- und Lieferantennetzwerks von Sultan Defense. Kontaktieren Sie unser Exportteam für B2B-Beschaffung, technische Spezifikationen und exportfertige Angebote.</p>','CES','[]','{}','CES — Sultan Defense','Teil des geprüften Hersteller- und Lieferantennetzwerks von Sultan Defense. Kontaktieren Sie unser Exportteam für B2B-Beschaffung, technische Spezifikationen un',NOW(3),NOW(3)) ON DUPLICATE KEY UPDATE title=VALUES(title),slug=VALUES(slug),description=VALUES(description),alt=VALUES(alt),meta_title=VALUES(meta_title),meta_description=VALUES(meta_description),updated_at=NOW(3);
INSERT INTO product_i18n (product_id,locale,title,slug,description,alt,tags,specifications,meta_title,meta_description,created_at,updated_at) VALUES ('396d8f76-34a4-21c9-9d2f-21fda8fe34ab','ar','CES','ces','<p>جزء من شبكة الموردين والمصنّعين المعتمدة لدى Sultan Defense. تواصل مع فريق التصدير لدينا للحصول على التوريد B2B والمواصفات الفنية وعروض الأسعار الجاهزة للتصدير.</p>','CES','[]','{}','CES — Sultan Defense','جزء من شبكة الموردين والمصنّعين المعتمدة لدى Sultan Defense. تواصل مع فريق التصدير لدينا للحصول على التوريد B2B والمواصفات الفنية وعروض الأسعار الجاهزة للتصدير.',NOW(3),NOW(3)) ON DUPLICATE KEY UPDATE title=VALUES(title),slug=VALUES(slug),description=VALUES(description),alt=VALUES(alt),meta_title=VALUES(meta_title),meta_description=VALUES(meta_description),updated_at=NOW(3);
INSERT INTO product_i18n (product_id,locale,title,slug,description,alt,tags,specifications,meta_title,meta_description,created_at,updated_at) VALUES ('396d8f76-34a4-21c9-9d2f-21fda8fe34ab','ru','CES','ces','<p>Часть проверенной сети производителей и поставщиков Sultan Defense. Свяжитесь с нашим экспортным отделом для B2B-закупок, технических характеристик и готовых к экспорту предложений.</p>','CES','[]','{}','CES — Sultan Defense','Часть проверенной сети производителей и поставщиков Sultan Defense. Свяжитесь с нашим экспортным отделом для B2B-закупок, технических характеристик и готовых к ',NOW(3),NOW(3)) ON DUPLICATE KEY UPDATE title=VALUES(title),slug=VALUES(slug),description=VALUES(description),alt=VALUES(alt),meta_title=VALUES(meta_title),meta_description=VALUES(meta_description),updated_at=NOW(3);

INSERT INTO storage_assets (id,name,bucket,path,folder,mime,size,url,provider,provider_public_id,provider_resource_type,provider_format,created_at,updated_at) VALUES ('214cbd3d-bd83-ea67-e7fb-743330a03504','nurol-teknoloji-1.jpg','products','sultandefense/products/nurol-teknoloji/nurol-teknoloji-1.jpg','sultandefense/products/nurol-teknoloji','image/jpeg',82465,'/media/sultandefense/products/nurol-teknoloji/nurol-teknoloji-1.jpg','local','sultandefense/products/nurol-teknoloji/nurol-teknoloji-1.jpg','image','jpg',NOW(3),NOW(3)) ON DUPLICATE KEY UPDATE url=VALUES(url),path=VALUES(path),size=VALUES(size),updated_at=NOW(3);
INSERT INTO storage_assets (id,name,bucket,path,folder,mime,size,url,provider,provider_public_id,provider_resource_type,provider_format,created_at,updated_at) VALUES ('ea276307-bb60-d339-347e-41ac2b62b32f','nurol-teknoloji-2.jpg','products','sultandefense/products/nurol-teknoloji/nurol-teknoloji-2.jpg','sultandefense/products/nurol-teknoloji','image/jpeg',131960,'/media/sultandefense/products/nurol-teknoloji/nurol-teknoloji-2.jpg','local','sultandefense/products/nurol-teknoloji/nurol-teknoloji-2.jpg','image','jpg',NOW(3),NOW(3)) ON DUPLICATE KEY UPDATE url=VALUES(url),path=VALUES(path),size=VALUES(size),updated_at=NOW(3);
INSERT INTO storage_assets (id,name,bucket,path,folder,mime,size,url,provider,provider_public_id,provider_resource_type,provider_format,created_at,updated_at) VALUES ('c8592bc0-4310-ce02-6eed-77105ee99c9c','nurol-teknoloji-3.jpg','products','sultandefense/products/nurol-teknoloji/nurol-teknoloji-3.jpg','sultandefense/products/nurol-teknoloji','image/jpeg',46674,'/media/sultandefense/products/nurol-teknoloji/nurol-teknoloji-3.jpg','local','sultandefense/products/nurol-teknoloji/nurol-teknoloji-3.jpg','image','jpg',NOW(3),NOW(3)) ON DUPLICATE KEY UPDATE url=VALUES(url),path=VALUES(path),size=VALUES(size),updated_at=NOW(3);
INSERT INTO storage_assets (id,name,bucket,path,folder,mime,size,url,provider,provider_public_id,provider_resource_type,provider_format,created_at,updated_at) VALUES ('87aaeb58-39b5-bf86-2455-262e8dd8a698','nurol-teknoloji-4.jpg','products','sultandefense/products/nurol-teknoloji/nurol-teknoloji-4.jpg','sultandefense/products/nurol-teknoloji','image/jpeg',52740,'/media/sultandefense/products/nurol-teknoloji/nurol-teknoloji-4.jpg','local','sultandefense/products/nurol-teknoloji/nurol-teknoloji-4.jpg','image','jpg',NOW(3),NOW(3)) ON DUPLICATE KEY UPDATE url=VALUES(url),path=VALUES(path),size=VALUES(size),updated_at=NOW(3);
INSERT INTO storage_assets (id,name,bucket,path,folder,mime,size,url,provider,provider_public_id,provider_resource_type,provider_format,created_at,updated_at) VALUES ('d65feb34-b27d-af83-9b9e-c7595ab31be1','nurol-teknoloji-5.jpg','products','sultandefense/products/nurol-teknoloji/nurol-teknoloji-5.jpg','sultandefense/products/nurol-teknoloji','image/jpeg',24861,'/media/sultandefense/products/nurol-teknoloji/nurol-teknoloji-5.jpg','local','sultandefense/products/nurol-teknoloji/nurol-teknoloji-5.jpg','image','jpg',NOW(3),NOW(3)) ON DUPLICATE KEY UPDATE url=VALUES(url),path=VALUES(path),size=VALUES(size),updated_at=NOW(3);
INSERT INTO storage_assets (id,name,bucket,path,folder,mime,size,url,provider,provider_public_id,provider_resource_type,provider_format,created_at,updated_at) VALUES ('c4149740-95dc-0adb-d390-4015993ff17a','nurol-teknoloji-6.jpg','products','sultandefense/products/nurol-teknoloji/nurol-teknoloji-6.jpg','sultandefense/products/nurol-teknoloji','image/jpeg',29269,'/media/sultandefense/products/nurol-teknoloji/nurol-teknoloji-6.jpg','local','sultandefense/products/nurol-teknoloji/nurol-teknoloji-6.jpg','image','jpg',NOW(3),NOW(3)) ON DUPLICATE KEY UPDATE url=VALUES(url),path=VALUES(path),size=VALUES(size),updated_at=NOW(3);
INSERT INTO storage_assets (id,name,bucket,path,folder,mime,size,url,provider,provider_public_id,provider_resource_type,provider_format,created_at,updated_at) VALUES ('f221474f-effc-2c74-393b-f687d4473775','nurol-teknoloji-7.jpg','products','sultandefense/products/nurol-teknoloji/nurol-teknoloji-7.jpg','sultandefense/products/nurol-teknoloji','image/jpeg',17211,'/media/sultandefense/products/nurol-teknoloji/nurol-teknoloji-7.jpg','local','sultandefense/products/nurol-teknoloji/nurol-teknoloji-7.jpg','image','jpg',NOW(3),NOW(3)) ON DUPLICATE KEY UPDATE url=VALUES(url),path=VALUES(path),size=VALUES(size),updated_at=NOW(3);
INSERT INTO storage_assets (id,name,bucket,path,folder,mime,size,url,provider,provider_public_id,provider_resource_type,provider_format,created_at,updated_at) VALUES ('510fbb4d-d94b-4f1c-873f-55f1df211990','nurol-teknoloji-8.jpg','products','sultandefense/products/nurol-teknoloji/nurol-teknoloji-8.jpg','sultandefense/products/nurol-teknoloji','image/jpeg',39617,'/media/sultandefense/products/nurol-teknoloji/nurol-teknoloji-8.jpg','local','sultandefense/products/nurol-teknoloji/nurol-teknoloji-8.jpg','image','jpg',NOW(3),NOW(3)) ON DUPLICATE KEY UPDATE url=VALUES(url),path=VALUES(path),size=VALUES(size),updated_at=NOW(3);
INSERT INTO storage_assets (id,name,bucket,path,folder,mime,size,url,provider,provider_public_id,provider_resource_type,provider_format,created_at,updated_at) VALUES ('a4e9bf27-b2e5-492a-073c-3ca85d1417fd','nurol-teknoloji-9.jpg','products','sultandefense/products/nurol-teknoloji/nurol-teknoloji-9.jpg','sultandefense/products/nurol-teknoloji','image/jpeg',29269,'/media/sultandefense/products/nurol-teknoloji/nurol-teknoloji-9.jpg','local','sultandefense/products/nurol-teknoloji/nurol-teknoloji-9.jpg','image','jpg',NOW(3),NOW(3)) ON DUPLICATE KEY UPDATE url=VALUES(url),path=VALUES(path),size=VALUES(size),updated_at=NOW(3);
INSERT INTO storage_assets (id,name,bucket,path,folder,mime,size,url,provider,provider_public_id,provider_resource_type,provider_format,created_at,updated_at) VALUES ('0ec83136-70af-0d26-5841-2ef6357822d0','nurol-teknoloji-10.jpg','products','sultandefense/products/nurol-teknoloji/nurol-teknoloji-10.jpg','sultandefense/products/nurol-teknoloji','image/jpeg',38628,'/media/sultandefense/products/nurol-teknoloji/nurol-teknoloji-10.jpg','local','sultandefense/products/nurol-teknoloji/nurol-teknoloji-10.jpg','image','jpg',NOW(3),NOW(3)) ON DUPLICATE KEY UPDATE url=VALUES(url),path=VALUES(path),size=VALUES(size),updated_at=NOW(3);
INSERT INTO storage_assets (id,name,bucket,path,folder,mime,size,url,provider,provider_public_id,provider_resource_type,provider_format,created_at,updated_at) VALUES ('fdb4589b-4595-97d7-76de-07f871e0baf9','nurol-teknoloji-11.jpg','products','sultandefense/products/nurol-teknoloji/nurol-teknoloji-11.jpg','sultandefense/products/nurol-teknoloji','image/jpeg',47926,'/media/sultandefense/products/nurol-teknoloji/nurol-teknoloji-11.jpg','local','sultandefense/products/nurol-teknoloji/nurol-teknoloji-11.jpg','image','jpg',NOW(3),NOW(3)) ON DUPLICATE KEY UPDATE url=VALUES(url),path=VALUES(path),size=VALUES(size),updated_at=NOW(3);
INSERT INTO products (id,item_type,category_id,price,image_url,storage_asset_id,images,storage_image_ids,is_active,is_featured,order_num,created_at,updated_at) VALUES ('8c464dea-e51a-43cd-a90a-cacc11f8745e','sultandefense','cccc0007-4007-4007-8007-cccccccc0007',0,'/media/sultandefense/products/nurol-teknoloji/nurol-teknoloji-1.jpg','214cbd3d-bd83-ea67-e7fb-743330a03504','["/media/sultandefense/products/nurol-teknoloji/nurol-teknoloji-1.jpg","/media/sultandefense/products/nurol-teknoloji/nurol-teknoloji-2.jpg","/media/sultandefense/products/nurol-teknoloji/nurol-teknoloji-3.jpg","/media/sultandefense/products/nurol-teknoloji/nurol-teknoloji-4.jpg","/media/sultandefense/products/nurol-teknoloji/nurol-teknoloji-5.jpg","/media/sultandefense/products/nurol-teknoloji/nurol-teknoloji-6.jpg","/media/sultandefense/products/nurol-teknoloji/nurol-teknoloji-7.jpg","/media/sultandefense/products/nurol-teknoloji/nurol-teknoloji-8.jpg","/media/sultandefense/products/nurol-teknoloji/nurol-teknoloji-9.jpg","/media/sultandefense/products/nurol-teknoloji/nurol-teknoloji-10.jpg","/media/sultandefense/products/nurol-teknoloji/nurol-teknoloji-11.jpg"]','["214cbd3d-bd83-ea67-e7fb-743330a03504","ea276307-bb60-d339-347e-41ac2b62b32f","c8592bc0-4310-ce02-6eed-77105ee99c9c","87aaeb58-39b5-bf86-2455-262e8dd8a698","d65feb34-b27d-af83-9b9e-c7595ab31be1","c4149740-95dc-0adb-d390-4015993ff17a","f221474f-effc-2c74-393b-f687d4473775","510fbb4d-d94b-4f1c-873f-55f1df211990","a4e9bf27-b2e5-492a-073c-3ca85d1417fd","0ec83136-70af-0d26-5841-2ef6357822d0","fdb4589b-4595-97d7-76de-07f871e0baf9"]',1,0,115,NOW(3),NOW(3)) ON DUPLICATE KEY UPDATE category_id=VALUES(category_id),image_url=VALUES(image_url),storage_asset_id=VALUES(storage_asset_id),images=VALUES(images),storage_image_ids=VALUES(storage_image_ids),is_active=1,updated_at=NOW(3);
INSERT INTO product_i18n (product_id,locale,title,slug,description,alt,tags,specifications,meta_title,meta_description,created_at,updated_at) VALUES ('8c464dea-e51a-43cd-a90a-cacc11f8745e','en','Nurol Teknoloji','nurol-teknoloji','<p>Part of Sultan Defense''s verified manufacturer and supplier network. Contact our export team for B2B procurement, technical specifications and export-ready quotations.</p>','Nurol Teknoloji','[]','{}','Nurol Teknoloji — Sultan Defense','Part of Sultan Defense''s verified manufacturer and supplier network. Contact our export team for B2B procurement, technical specifications and export-ready quot',NOW(3),NOW(3)) ON DUPLICATE KEY UPDATE title=VALUES(title),slug=VALUES(slug),description=VALUES(description),alt=VALUES(alt),meta_title=VALUES(meta_title),meta_description=VALUES(meta_description),updated_at=NOW(3);
INSERT INTO product_i18n (product_id,locale,title,slug,description,alt,tags,specifications,meta_title,meta_description,created_at,updated_at) VALUES ('8c464dea-e51a-43cd-a90a-cacc11f8745e','tr','Nurol Teknoloji','nurol-teknoloji','<p>Sultan Defense''in doğrulanmış üretici ve tedarikçi ağının bir parçası. B2B tedarik, teknik şartname ve ihracata hazır teklifler için ihracat ekibimizle iletişime geçin.</p>','Nurol Teknoloji','[]','{}','Nurol Teknoloji — Sultan Defense','Sultan Defense''in doğrulanmış üretici ve tedarikçi ağının bir parçası. B2B tedarik, teknik şartname ve ihracata hazır teklifler için ihracat ekibimizle iletişim',NOW(3),NOW(3)) ON DUPLICATE KEY UPDATE title=VALUES(title),slug=VALUES(slug),description=VALUES(description),alt=VALUES(alt),meta_title=VALUES(meta_title),meta_description=VALUES(meta_description),updated_at=NOW(3);
INSERT INTO product_i18n (product_id,locale,title,slug,description,alt,tags,specifications,meta_title,meta_description,created_at,updated_at) VALUES ('8c464dea-e51a-43cd-a90a-cacc11f8745e','de','Nurol Teknoloji','nurol-teknoloji','<p>Teil des geprüften Hersteller- und Lieferantennetzwerks von Sultan Defense. Kontaktieren Sie unser Exportteam für B2B-Beschaffung, technische Spezifikationen und exportfertige Angebote.</p>','Nurol Teknoloji','[]','{}','Nurol Teknoloji — Sultan Defense','Teil des geprüften Hersteller- und Lieferantennetzwerks von Sultan Defense. Kontaktieren Sie unser Exportteam für B2B-Beschaffung, technische Spezifikationen un',NOW(3),NOW(3)) ON DUPLICATE KEY UPDATE title=VALUES(title),slug=VALUES(slug),description=VALUES(description),alt=VALUES(alt),meta_title=VALUES(meta_title),meta_description=VALUES(meta_description),updated_at=NOW(3);
INSERT INTO product_i18n (product_id,locale,title,slug,description,alt,tags,specifications,meta_title,meta_description,created_at,updated_at) VALUES ('8c464dea-e51a-43cd-a90a-cacc11f8745e','ar','Nurol Teknoloji','nurol-teknoloji','<p>جزء من شبكة الموردين والمصنّعين المعتمدة لدى Sultan Defense. تواصل مع فريق التصدير لدينا للحصول على التوريد B2B والمواصفات الفنية وعروض الأسعار الجاهزة للتصدير.</p>','Nurol Teknoloji','[]','{}','Nurol Teknoloji — Sultan Defense','جزء من شبكة الموردين والمصنّعين المعتمدة لدى Sultan Defense. تواصل مع فريق التصدير لدينا للحصول على التوريد B2B والمواصفات الفنية وعروض الأسعار الجاهزة للتصدير.',NOW(3),NOW(3)) ON DUPLICATE KEY UPDATE title=VALUES(title),slug=VALUES(slug),description=VALUES(description),alt=VALUES(alt),meta_title=VALUES(meta_title),meta_description=VALUES(meta_description),updated_at=NOW(3);
INSERT INTO product_i18n (product_id,locale,title,slug,description,alt,tags,specifications,meta_title,meta_description,created_at,updated_at) VALUES ('8c464dea-e51a-43cd-a90a-cacc11f8745e','ru','Nurol Teknoloji','nurol-teknoloji','<p>Часть проверенной сети производителей и поставщиков Sultan Defense. Свяжитесь с нашим экспортным отделом для B2B-закупок, технических характеристик и готовых к экспорту предложений.</p>','Nurol Teknoloji','[]','{}','Nurol Teknoloji — Sultan Defense','Часть проверенной сети производителей и поставщиков Sultan Defense. Свяжитесь с нашим экспортным отделом для B2B-закупок, технических характеристик и готовых к ',NOW(3),NOW(3)) ON DUPLICATE KEY UPDATE title=VALUES(title),slug=VALUES(slug),description=VALUES(description),alt=VALUES(alt),meta_title=VALUES(meta_title),meta_description=VALUES(meta_description),updated_at=NOW(3);

INSERT INTO storage_assets (id,name,bucket,path,folder,mime,size,url,provider,provider_public_id,provider_resource_type,provider_format,created_at,updated_at) VALUES ('765a0922-9150-a9ba-4d55-2a903e53eac9','3e-1.jpg','products','sultandefense/products/3e/3e-1.jpg','sultandefense/products/3e','image/jpeg',23152,'/media/sultandefense/products/3e/3e-1.jpg','local','sultandefense/products/3e/3e-1.jpg','image','jpg',NOW(3),NOW(3)) ON DUPLICATE KEY UPDATE url=VALUES(url),path=VALUES(path),size=VALUES(size),updated_at=NOW(3);
INSERT INTO storage_assets (id,name,bucket,path,folder,mime,size,url,provider,provider_public_id,provider_resource_type,provider_format,created_at,updated_at) VALUES ('885c871e-00f1-3e8e-af2c-b0b525730ca8','3e-2.jpg','products','sultandefense/products/3e/3e-2.jpg','sultandefense/products/3e','image/jpeg',41108,'/media/sultandefense/products/3e/3e-2.jpg','local','sultandefense/products/3e/3e-2.jpg','image','jpg',NOW(3),NOW(3)) ON DUPLICATE KEY UPDATE url=VALUES(url),path=VALUES(path),size=VALUES(size),updated_at=NOW(3);
INSERT INTO storage_assets (id,name,bucket,path,folder,mime,size,url,provider,provider_public_id,provider_resource_type,provider_format,created_at,updated_at) VALUES ('fa923055-fc8c-e25f-d912-adcfdb9c02a6','3e-3.jpg','products','sultandefense/products/3e/3e-3.jpg','sultandefense/products/3e','image/jpeg',33914,'/media/sultandefense/products/3e/3e-3.jpg','local','sultandefense/products/3e/3e-3.jpg','image','jpg',NOW(3),NOW(3)) ON DUPLICATE KEY UPDATE url=VALUES(url),path=VALUES(path),size=VALUES(size),updated_at=NOW(3);
INSERT INTO storage_assets (id,name,bucket,path,folder,mime,size,url,provider,provider_public_id,provider_resource_type,provider_format,created_at,updated_at) VALUES ('a69d4ab0-d140-a578-0988-da092dcbb57e','3e-4.jpg','products','sultandefense/products/3e/3e-4.jpg','sultandefense/products/3e','image/jpeg',14352,'/media/sultandefense/products/3e/3e-4.jpg','local','sultandefense/products/3e/3e-4.jpg','image','jpg',NOW(3),NOW(3)) ON DUPLICATE KEY UPDATE url=VALUES(url),path=VALUES(path),size=VALUES(size),updated_at=NOW(3);
INSERT INTO storage_assets (id,name,bucket,path,folder,mime,size,url,provider,provider_public_id,provider_resource_type,provider_format,created_at,updated_at) VALUES ('7beec94a-c671-c14d-8ba6-cd3197c6583a','3e-5.jpg','products','sultandefense/products/3e/3e-5.jpg','sultandefense/products/3e','image/jpeg',14564,'/media/sultandefense/products/3e/3e-5.jpg','local','sultandefense/products/3e/3e-5.jpg','image','jpg',NOW(3),NOW(3)) ON DUPLICATE KEY UPDATE url=VALUES(url),path=VALUES(path),size=VALUES(size),updated_at=NOW(3);
INSERT INTO storage_assets (id,name,bucket,path,folder,mime,size,url,provider,provider_public_id,provider_resource_type,provider_format,created_at,updated_at) VALUES ('b94b2f59-bee7-616f-d7ca-d0c37bc19e8c','3e-6.jpg','products','sultandefense/products/3e/3e-6.jpg','sultandefense/products/3e','image/jpeg',10780,'/media/sultandefense/products/3e/3e-6.jpg','local','sultandefense/products/3e/3e-6.jpg','image','jpg',NOW(3),NOW(3)) ON DUPLICATE KEY UPDATE url=VALUES(url),path=VALUES(path),size=VALUES(size),updated_at=NOW(3);
INSERT INTO storage_assets (id,name,bucket,path,folder,mime,size,url,provider,provider_public_id,provider_resource_type,provider_format,created_at,updated_at) VALUES ('aeb4b9c4-88bd-a65d-27f9-63efe3841445','3e-7.jpg','products','sultandefense/products/3e/3e-7.jpg','sultandefense/products/3e','image/jpeg',31743,'/media/sultandefense/products/3e/3e-7.jpg','local','sultandefense/products/3e/3e-7.jpg','image','jpg',NOW(3),NOW(3)) ON DUPLICATE KEY UPDATE url=VALUES(url),path=VALUES(path),size=VALUES(size),updated_at=NOW(3);
INSERT INTO storage_assets (id,name,bucket,path,folder,mime,size,url,provider,provider_public_id,provider_resource_type,provider_format,created_at,updated_at) VALUES ('a1d5c1d8-6e8d-7b2f-66e0-c1820b72c679','3e-8.jpg','products','sultandefense/products/3e/3e-8.jpg','sultandefense/products/3e','image/jpeg',28644,'/media/sultandefense/products/3e/3e-8.jpg','local','sultandefense/products/3e/3e-8.jpg','image','jpg',NOW(3),NOW(3)) ON DUPLICATE KEY UPDATE url=VALUES(url),path=VALUES(path),size=VALUES(size),updated_at=NOW(3);
INSERT INTO storage_assets (id,name,bucket,path,folder,mime,size,url,provider,provider_public_id,provider_resource_type,provider_format,created_at,updated_at) VALUES ('58acdff0-a8a9-c924-17d0-366054a0c345','3e-9.jpg','products','sultandefense/products/3e/3e-9.jpg','sultandefense/products/3e','image/jpeg',20481,'/media/sultandefense/products/3e/3e-9.jpg','local','sultandefense/products/3e/3e-9.jpg','image','jpg',NOW(3),NOW(3)) ON DUPLICATE KEY UPDATE url=VALUES(url),path=VALUES(path),size=VALUES(size),updated_at=NOW(3);
INSERT INTO storage_assets (id,name,bucket,path,folder,mime,size,url,provider,provider_public_id,provider_resource_type,provider_format,created_at,updated_at) VALUES ('9f11114a-20fa-69ce-bcd6-6e1012e47f6a','3e-10.jpg','products','sultandefense/products/3e/3e-10.jpg','sultandefense/products/3e','image/jpeg',17063,'/media/sultandefense/products/3e/3e-10.jpg','local','sultandefense/products/3e/3e-10.jpg','image','jpg',NOW(3),NOW(3)) ON DUPLICATE KEY UPDATE url=VALUES(url),path=VALUES(path),size=VALUES(size),updated_at=NOW(3);
INSERT INTO products (id,item_type,category_id,price,image_url,storage_asset_id,images,storage_image_ids,is_active,is_featured,order_num,created_at,updated_at) VALUES ('2a04caa0-4cbc-5e10-b7c4-fa5cc984187e','sultandefense','cccc0008-4008-4008-8008-cccccccc0008',0,'/media/sultandefense/products/3e/3e-1.jpg','765a0922-9150-a9ba-4d55-2a903e53eac9','["/media/sultandefense/products/3e/3e-1.jpg","/media/sultandefense/products/3e/3e-2.jpg","/media/sultandefense/products/3e/3e-3.jpg","/media/sultandefense/products/3e/3e-4.jpg","/media/sultandefense/products/3e/3e-5.jpg","/media/sultandefense/products/3e/3e-6.jpg","/media/sultandefense/products/3e/3e-7.jpg","/media/sultandefense/products/3e/3e-8.jpg","/media/sultandefense/products/3e/3e-9.jpg","/media/sultandefense/products/3e/3e-10.jpg"]','["765a0922-9150-a9ba-4d55-2a903e53eac9","885c871e-00f1-3e8e-af2c-b0b525730ca8","fa923055-fc8c-e25f-d912-adcfdb9c02a6","a69d4ab0-d140-a578-0988-da092dcbb57e","7beec94a-c671-c14d-8ba6-cd3197c6583a","b94b2f59-bee7-616f-d7ca-d0c37bc19e8c","aeb4b9c4-88bd-a65d-27f9-63efe3841445","a1d5c1d8-6e8d-7b2f-66e0-c1820b72c679","58acdff0-a8a9-c924-17d0-366054a0c345","9f11114a-20fa-69ce-bcd6-6e1012e47f6a"]',1,0,116,NOW(3),NOW(3)) ON DUPLICATE KEY UPDATE category_id=VALUES(category_id),image_url=VALUES(image_url),storage_asset_id=VALUES(storage_asset_id),images=VALUES(images),storage_image_ids=VALUES(storage_image_ids),is_active=1,updated_at=NOW(3);
INSERT INTO product_i18n (product_id,locale,title,slug,description,alt,tags,specifications,meta_title,meta_description,created_at,updated_at) VALUES ('2a04caa0-4cbc-5e10-b7c4-fa5cc984187e','en','3E','3e','<p>Part of Sultan Defense''s verified manufacturer and supplier network. Contact our export team for B2B procurement, technical specifications and export-ready quotations.</p>','3E','[]','{}','3E — Sultan Defense','Part of Sultan Defense''s verified manufacturer and supplier network. Contact our export team for B2B procurement, technical specifications and export-ready quot',NOW(3),NOW(3)) ON DUPLICATE KEY UPDATE title=VALUES(title),slug=VALUES(slug),description=VALUES(description),alt=VALUES(alt),meta_title=VALUES(meta_title),meta_description=VALUES(meta_description),updated_at=NOW(3);
INSERT INTO product_i18n (product_id,locale,title,slug,description,alt,tags,specifications,meta_title,meta_description,created_at,updated_at) VALUES ('2a04caa0-4cbc-5e10-b7c4-fa5cc984187e','tr','3E','3e','<p>Sultan Defense''in doğrulanmış üretici ve tedarikçi ağının bir parçası. B2B tedarik, teknik şartname ve ihracata hazır teklifler için ihracat ekibimizle iletişime geçin.</p>','3E','[]','{}','3E — Sultan Defense','Sultan Defense''in doğrulanmış üretici ve tedarikçi ağının bir parçası. B2B tedarik, teknik şartname ve ihracata hazır teklifler için ihracat ekibimizle iletişim',NOW(3),NOW(3)) ON DUPLICATE KEY UPDATE title=VALUES(title),slug=VALUES(slug),description=VALUES(description),alt=VALUES(alt),meta_title=VALUES(meta_title),meta_description=VALUES(meta_description),updated_at=NOW(3);
INSERT INTO product_i18n (product_id,locale,title,slug,description,alt,tags,specifications,meta_title,meta_description,created_at,updated_at) VALUES ('2a04caa0-4cbc-5e10-b7c4-fa5cc984187e','de','3E','3e','<p>Teil des geprüften Hersteller- und Lieferantennetzwerks von Sultan Defense. Kontaktieren Sie unser Exportteam für B2B-Beschaffung, technische Spezifikationen und exportfertige Angebote.</p>','3E','[]','{}','3E — Sultan Defense','Teil des geprüften Hersteller- und Lieferantennetzwerks von Sultan Defense. Kontaktieren Sie unser Exportteam für B2B-Beschaffung, technische Spezifikationen un',NOW(3),NOW(3)) ON DUPLICATE KEY UPDATE title=VALUES(title),slug=VALUES(slug),description=VALUES(description),alt=VALUES(alt),meta_title=VALUES(meta_title),meta_description=VALUES(meta_description),updated_at=NOW(3);
INSERT INTO product_i18n (product_id,locale,title,slug,description,alt,tags,specifications,meta_title,meta_description,created_at,updated_at) VALUES ('2a04caa0-4cbc-5e10-b7c4-fa5cc984187e','ar','3E','3e','<p>جزء من شبكة الموردين والمصنّعين المعتمدة لدى Sultan Defense. تواصل مع فريق التصدير لدينا للحصول على التوريد B2B والمواصفات الفنية وعروض الأسعار الجاهزة للتصدير.</p>','3E','[]','{}','3E — Sultan Defense','جزء من شبكة الموردين والمصنّعين المعتمدة لدى Sultan Defense. تواصل مع فريق التصدير لدينا للحصول على التوريد B2B والمواصفات الفنية وعروض الأسعار الجاهزة للتصدير.',NOW(3),NOW(3)) ON DUPLICATE KEY UPDATE title=VALUES(title),slug=VALUES(slug),description=VALUES(description),alt=VALUES(alt),meta_title=VALUES(meta_title),meta_description=VALUES(meta_description),updated_at=NOW(3);
INSERT INTO product_i18n (product_id,locale,title,slug,description,alt,tags,specifications,meta_title,meta_description,created_at,updated_at) VALUES ('2a04caa0-4cbc-5e10-b7c4-fa5cc984187e','ru','3E','3e','<p>Часть проверенной сети производителей и поставщиков Sultan Defense. Свяжитесь с нашим экспортным отделом для B2B-закупок, технических характеристик и готовых к экспорту предложений.</p>','3E','[]','{}','3E — Sultan Defense','Часть проверенной сети производителей и поставщиков Sultan Defense. Свяжитесь с нашим экспортным отделом для B2B-закупок, технических характеристик и готовых к ',NOW(3),NOW(3)) ON DUPLICATE KEY UPDATE title=VALUES(title),slug=VALUES(slug),description=VALUES(description),alt=VALUES(alt),meta_title=VALUES(meta_title),meta_description=VALUES(meta_description),updated_at=NOW(3);

INSERT INTO storage_assets (id,name,bucket,path,folder,mime,size,url,provider,provider_public_id,provider_resource_type,provider_format,created_at,updated_at) VALUES ('036f6fd5-e4be-9517-e921-4465d8ed8475','asisguard-1.jpg','products','sultandefense/products/asisguard/asisguard-1.jpg','sultandefense/products/asisguard','image/jpeg',76864,'/media/sultandefense/products/asisguard/asisguard-1.jpg','local','sultandefense/products/asisguard/asisguard-1.jpg','image','jpg',NOW(3),NOW(3)) ON DUPLICATE KEY UPDATE url=VALUES(url),path=VALUES(path),size=VALUES(size),updated_at=NOW(3);
INSERT INTO storage_assets (id,name,bucket,path,folder,mime,size,url,provider,provider_public_id,provider_resource_type,provider_format,created_at,updated_at) VALUES ('7b6475bb-7f38-5f3b-a455-82b0eb733ec1','asisguard-2.jpg','products','sultandefense/products/asisguard/asisguard-2.jpg','sultandefense/products/asisguard','image/jpeg',30337,'/media/sultandefense/products/asisguard/asisguard-2.jpg','local','sultandefense/products/asisguard/asisguard-2.jpg','image','jpg',NOW(3),NOW(3)) ON DUPLICATE KEY UPDATE url=VALUES(url),path=VALUES(path),size=VALUES(size),updated_at=NOW(3);
INSERT INTO storage_assets (id,name,bucket,path,folder,mime,size,url,provider,provider_public_id,provider_resource_type,provider_format,created_at,updated_at) VALUES ('a145a4cf-c53d-b503-c99f-5c374c4093c7','asisguard-3.jpg','products','sultandefense/products/asisguard/asisguard-3.jpg','sultandefense/products/asisguard','image/jpeg',18997,'/media/sultandefense/products/asisguard/asisguard-3.jpg','local','sultandefense/products/asisguard/asisguard-3.jpg','image','jpg',NOW(3),NOW(3)) ON DUPLICATE KEY UPDATE url=VALUES(url),path=VALUES(path),size=VALUES(size),updated_at=NOW(3);
INSERT INTO storage_assets (id,name,bucket,path,folder,mime,size,url,provider,provider_public_id,provider_resource_type,provider_format,created_at,updated_at) VALUES ('83cf46f8-d85c-20ce-633f-78630720eaf7','asisguard-4.jpg','products','sultandefense/products/asisguard/asisguard-4.jpg','sultandefense/products/asisguard','image/jpeg',9632,'/media/sultandefense/products/asisguard/asisguard-4.jpg','local','sultandefense/products/asisguard/asisguard-4.jpg','image','jpg',NOW(3),NOW(3)) ON DUPLICATE KEY UPDATE url=VALUES(url),path=VALUES(path),size=VALUES(size),updated_at=NOW(3);
INSERT INTO storage_assets (id,name,bucket,path,folder,mime,size,url,provider,provider_public_id,provider_resource_type,provider_format,created_at,updated_at) VALUES ('afa2f1ef-5c79-9379-be30-579960b66d61','asisguard-5.jpg','products','sultandefense/products/asisguard/asisguard-5.jpg','sultandefense/products/asisguard','image/jpeg',36461,'/media/sultandefense/products/asisguard/asisguard-5.jpg','local','sultandefense/products/asisguard/asisguard-5.jpg','image','jpg',NOW(3),NOW(3)) ON DUPLICATE KEY UPDATE url=VALUES(url),path=VALUES(path),size=VALUES(size),updated_at=NOW(3);
INSERT INTO storage_assets (id,name,bucket,path,folder,mime,size,url,provider,provider_public_id,provider_resource_type,provider_format,created_at,updated_at) VALUES ('a7297450-ac44-5cc9-54c2-440f75bb9f3b','asisguard-6.jpg','products','sultandefense/products/asisguard/asisguard-6.jpg','sultandefense/products/asisguard','image/jpeg',28946,'/media/sultandefense/products/asisguard/asisguard-6.jpg','local','sultandefense/products/asisguard/asisguard-6.jpg','image','jpg',NOW(3),NOW(3)) ON DUPLICATE KEY UPDATE url=VALUES(url),path=VALUES(path),size=VALUES(size),updated_at=NOW(3);
INSERT INTO storage_assets (id,name,bucket,path,folder,mime,size,url,provider,provider_public_id,provider_resource_type,provider_format,created_at,updated_at) VALUES ('ee7e307d-83ce-d965-de6c-9b9bd57d21b0','asisguard-7.jpg','products','sultandefense/products/asisguard/asisguard-7.jpg','sultandefense/products/asisguard','image/jpeg',14423,'/media/sultandefense/products/asisguard/asisguard-7.jpg','local','sultandefense/products/asisguard/asisguard-7.jpg','image','jpg',NOW(3),NOW(3)) ON DUPLICATE KEY UPDATE url=VALUES(url),path=VALUES(path),size=VALUES(size),updated_at=NOW(3);
INSERT INTO storage_assets (id,name,bucket,path,folder,mime,size,url,provider,provider_public_id,provider_resource_type,provider_format,created_at,updated_at) VALUES ('6bfb555b-f7bb-7b53-9d58-9024b3f06f0b','asisguard-8.jpg','products','sultandefense/products/asisguard/asisguard-8.jpg','sultandefense/products/asisguard','image/jpeg',16851,'/media/sultandefense/products/asisguard/asisguard-8.jpg','local','sultandefense/products/asisguard/asisguard-8.jpg','image','jpg',NOW(3),NOW(3)) ON DUPLICATE KEY UPDATE url=VALUES(url),path=VALUES(path),size=VALUES(size),updated_at=NOW(3);
INSERT INTO storage_assets (id,name,bucket,path,folder,mime,size,url,provider,provider_public_id,provider_resource_type,provider_format,created_at,updated_at) VALUES ('9bba6fc5-9718-4c43-54d5-06ca22076bac','asisguard-9.jpg','products','sultandefense/products/asisguard/asisguard-9.jpg','sultandefense/products/asisguard','image/jpeg',18380,'/media/sultandefense/products/asisguard/asisguard-9.jpg','local','sultandefense/products/asisguard/asisguard-9.jpg','image','jpg',NOW(3),NOW(3)) ON DUPLICATE KEY UPDATE url=VALUES(url),path=VALUES(path),size=VALUES(size),updated_at=NOW(3);
INSERT INTO storage_assets (id,name,bucket,path,folder,mime,size,url,provider,provider_public_id,provider_resource_type,provider_format,created_at,updated_at) VALUES ('9a1be96c-f2d0-0b6d-f31d-36008da6916d','asisguard-10.jpg','products','sultandefense/products/asisguard/asisguard-10.jpg','sultandefense/products/asisguard','image/jpeg',18935,'/media/sultandefense/products/asisguard/asisguard-10.jpg','local','sultandefense/products/asisguard/asisguard-10.jpg','image','jpg',NOW(3),NOW(3)) ON DUPLICATE KEY UPDATE url=VALUES(url),path=VALUES(path),size=VALUES(size),updated_at=NOW(3);
INSERT INTO storage_assets (id,name,bucket,path,folder,mime,size,url,provider,provider_public_id,provider_resource_type,provider_format,created_at,updated_at) VALUES ('02d52586-099b-aa07-e787-94211b72b2e6','asisguard-11.jpg','products','sultandefense/products/asisguard/asisguard-11.jpg','sultandefense/products/asisguard','image/jpeg',15559,'/media/sultandefense/products/asisguard/asisguard-11.jpg','local','sultandefense/products/asisguard/asisguard-11.jpg','image','jpg',NOW(3),NOW(3)) ON DUPLICATE KEY UPDATE url=VALUES(url),path=VALUES(path),size=VALUES(size),updated_at=NOW(3);
INSERT INTO storage_assets (id,name,bucket,path,folder,mime,size,url,provider,provider_public_id,provider_resource_type,provider_format,created_at,updated_at) VALUES ('bb38448b-3f42-d2c8-224c-8145ff154e2f','asisguard-12.jpg','products','sultandefense/products/asisguard/asisguard-12.jpg','sultandefense/products/asisguard','image/jpeg',14970,'/media/sultandefense/products/asisguard/asisguard-12.jpg','local','sultandefense/products/asisguard/asisguard-12.jpg','image','jpg',NOW(3),NOW(3)) ON DUPLICATE KEY UPDATE url=VALUES(url),path=VALUES(path),size=VALUES(size),updated_at=NOW(3);
INSERT INTO storage_assets (id,name,bucket,path,folder,mime,size,url,provider,provider_public_id,provider_resource_type,provider_format,created_at,updated_at) VALUES ('d98afd20-e433-1809-fb6e-ccfe1930de9c','asisguard-13.jpg','products','sultandefense/products/asisguard/asisguard-13.jpg','sultandefense/products/asisguard','image/jpeg',14858,'/media/sultandefense/products/asisguard/asisguard-13.jpg','local','sultandefense/products/asisguard/asisguard-13.jpg','image','jpg',NOW(3),NOW(3)) ON DUPLICATE KEY UPDATE url=VALUES(url),path=VALUES(path),size=VALUES(size),updated_at=NOW(3);
INSERT INTO products (id,item_type,category_id,price,image_url,storage_asset_id,images,storage_image_ids,is_active,is_featured,order_num,created_at,updated_at) VALUES ('3939e9d3-f373-4306-f372-ebc31dc3f918','sultandefense','cccc0008-4008-4008-8008-cccccccc0008',0,'/media/sultandefense/products/asisguard/asisguard-1.jpg','036f6fd5-e4be-9517-e921-4465d8ed8475','["/media/sultandefense/products/asisguard/asisguard-1.jpg","/media/sultandefense/products/asisguard/asisguard-2.jpg","/media/sultandefense/products/asisguard/asisguard-3.jpg","/media/sultandefense/products/asisguard/asisguard-4.jpg","/media/sultandefense/products/asisguard/asisguard-5.jpg","/media/sultandefense/products/asisguard/asisguard-6.jpg","/media/sultandefense/products/asisguard/asisguard-7.jpg","/media/sultandefense/products/asisguard/asisguard-8.jpg","/media/sultandefense/products/asisguard/asisguard-9.jpg","/media/sultandefense/products/asisguard/asisguard-10.jpg","/media/sultandefense/products/asisguard/asisguard-11.jpg","/media/sultandefense/products/asisguard/asisguard-12.jpg","/media/sultandefense/products/asisguard/asisguard-13.jpg"]','["036f6fd5-e4be-9517-e921-4465d8ed8475","7b6475bb-7f38-5f3b-a455-82b0eb733ec1","a145a4cf-c53d-b503-c99f-5c374c4093c7","83cf46f8-d85c-20ce-633f-78630720eaf7","afa2f1ef-5c79-9379-be30-579960b66d61","a7297450-ac44-5cc9-54c2-440f75bb9f3b","ee7e307d-83ce-d965-de6c-9b9bd57d21b0","6bfb555b-f7bb-7b53-9d58-9024b3f06f0b","9bba6fc5-9718-4c43-54d5-06ca22076bac","9a1be96c-f2d0-0b6d-f31d-36008da6916d","02d52586-099b-aa07-e787-94211b72b2e6","bb38448b-3f42-d2c8-224c-8145ff154e2f","d98afd20-e433-1809-fb6e-ccfe1930de9c"]',1,0,117,NOW(3),NOW(3)) ON DUPLICATE KEY UPDATE category_id=VALUES(category_id),image_url=VALUES(image_url),storage_asset_id=VALUES(storage_asset_id),images=VALUES(images),storage_image_ids=VALUES(storage_image_ids),is_active=1,updated_at=NOW(3);
INSERT INTO product_i18n (product_id,locale,title,slug,description,alt,tags,specifications,meta_title,meta_description,created_at,updated_at) VALUES ('3939e9d3-f373-4306-f372-ebc31dc3f918','en','Asisguard','asisguard','<p>Part of Sultan Defense''s verified manufacturer and supplier network. Contact our export team for B2B procurement, technical specifications and export-ready quotations.</p>','Asisguard','[]','{}','Asisguard — Sultan Defense','Part of Sultan Defense''s verified manufacturer and supplier network. Contact our export team for B2B procurement, technical specifications and export-ready quot',NOW(3),NOW(3)) ON DUPLICATE KEY UPDATE title=VALUES(title),slug=VALUES(slug),description=VALUES(description),alt=VALUES(alt),meta_title=VALUES(meta_title),meta_description=VALUES(meta_description),updated_at=NOW(3);
INSERT INTO product_i18n (product_id,locale,title,slug,description,alt,tags,specifications,meta_title,meta_description,created_at,updated_at) VALUES ('3939e9d3-f373-4306-f372-ebc31dc3f918','tr','Asisguard','asisguard','<p>Sultan Defense''in doğrulanmış üretici ve tedarikçi ağının bir parçası. B2B tedarik, teknik şartname ve ihracata hazır teklifler için ihracat ekibimizle iletişime geçin.</p>','Asisguard','[]','{}','Asisguard — Sultan Defense','Sultan Defense''in doğrulanmış üretici ve tedarikçi ağının bir parçası. B2B tedarik, teknik şartname ve ihracata hazır teklifler için ihracat ekibimizle iletişim',NOW(3),NOW(3)) ON DUPLICATE KEY UPDATE title=VALUES(title),slug=VALUES(slug),description=VALUES(description),alt=VALUES(alt),meta_title=VALUES(meta_title),meta_description=VALUES(meta_description),updated_at=NOW(3);
INSERT INTO product_i18n (product_id,locale,title,slug,description,alt,tags,specifications,meta_title,meta_description,created_at,updated_at) VALUES ('3939e9d3-f373-4306-f372-ebc31dc3f918','de','Asisguard','asisguard','<p>Teil des geprüften Hersteller- und Lieferantennetzwerks von Sultan Defense. Kontaktieren Sie unser Exportteam für B2B-Beschaffung, technische Spezifikationen und exportfertige Angebote.</p>','Asisguard','[]','{}','Asisguard — Sultan Defense','Teil des geprüften Hersteller- und Lieferantennetzwerks von Sultan Defense. Kontaktieren Sie unser Exportteam für B2B-Beschaffung, technische Spezifikationen un',NOW(3),NOW(3)) ON DUPLICATE KEY UPDATE title=VALUES(title),slug=VALUES(slug),description=VALUES(description),alt=VALUES(alt),meta_title=VALUES(meta_title),meta_description=VALUES(meta_description),updated_at=NOW(3);
INSERT INTO product_i18n (product_id,locale,title,slug,description,alt,tags,specifications,meta_title,meta_description,created_at,updated_at) VALUES ('3939e9d3-f373-4306-f372-ebc31dc3f918','ar','Asisguard','asisguard','<p>جزء من شبكة الموردين والمصنّعين المعتمدة لدى Sultan Defense. تواصل مع فريق التصدير لدينا للحصول على التوريد B2B والمواصفات الفنية وعروض الأسعار الجاهزة للتصدير.</p>','Asisguard','[]','{}','Asisguard — Sultan Defense','جزء من شبكة الموردين والمصنّعين المعتمدة لدى Sultan Defense. تواصل مع فريق التصدير لدينا للحصول على التوريد B2B والمواصفات الفنية وعروض الأسعار الجاهزة للتصدير.',NOW(3),NOW(3)) ON DUPLICATE KEY UPDATE title=VALUES(title),slug=VALUES(slug),description=VALUES(description),alt=VALUES(alt),meta_title=VALUES(meta_title),meta_description=VALUES(meta_description),updated_at=NOW(3);
INSERT INTO product_i18n (product_id,locale,title,slug,description,alt,tags,specifications,meta_title,meta_description,created_at,updated_at) VALUES ('3939e9d3-f373-4306-f372-ebc31dc3f918','ru','Asisguard','asisguard','<p>Часть проверенной сети производителей и поставщиков Sultan Defense. Свяжитесь с нашим экспортным отделом для B2B-закупок, технических характеристик и готовых к экспорту предложений.</p>','Asisguard','[]','{}','Asisguard — Sultan Defense','Часть проверенной сети производителей и поставщиков Sultan Defense. Свяжитесь с нашим экспортным отделом для B2B-закупок, технических характеристик и готовых к ',NOW(3),NOW(3)) ON DUPLICATE KEY UPDATE title=VALUES(title),slug=VALUES(slug),description=VALUES(description),alt=VALUES(alt),meta_title=VALUES(meta_title),meta_description=VALUES(meta_description),updated_at=NOW(3);

INSERT INTO storage_assets (id,name,bucket,path,folder,mime,size,url,provider,provider_public_id,provider_resource_type,provider_format,created_at,updated_at) VALUES ('fbf6867f-7c10-73aa-3520-e68755a82042','fotoniks-a-s-1.jpg','products','sultandefense/products/fotoniks-a-s/fotoniks-a-s-1.jpg','sultandefense/products/fotoniks-a-s','image/jpeg',110716,'/media/sultandefense/products/fotoniks-a-s/fotoniks-a-s-1.jpg','local','sultandefense/products/fotoniks-a-s/fotoniks-a-s-1.jpg','image','jpg',NOW(3),NOW(3)) ON DUPLICATE KEY UPDATE url=VALUES(url),path=VALUES(path),size=VALUES(size),updated_at=NOW(3);
INSERT INTO storage_assets (id,name,bucket,path,folder,mime,size,url,provider,provider_public_id,provider_resource_type,provider_format,created_at,updated_at) VALUES ('5063ac6a-13cd-32f1-d196-4045c4d2833d','fotoniks-a-s-2.jpg','products','sultandefense/products/fotoniks-a-s/fotoniks-a-s-2.jpg','sultandefense/products/fotoniks-a-s','image/jpeg',33842,'/media/sultandefense/products/fotoniks-a-s/fotoniks-a-s-2.jpg','local','sultandefense/products/fotoniks-a-s/fotoniks-a-s-2.jpg','image','jpg',NOW(3),NOW(3)) ON DUPLICATE KEY UPDATE url=VALUES(url),path=VALUES(path),size=VALUES(size),updated_at=NOW(3);
INSERT INTO storage_assets (id,name,bucket,path,folder,mime,size,url,provider,provider_public_id,provider_resource_type,provider_format,created_at,updated_at) VALUES ('4d84176d-141b-b45d-aaf8-ac59f01950ce','fotoniks-a-s-3.jpg','products','sultandefense/products/fotoniks-a-s/fotoniks-a-s-3.jpg','sultandefense/products/fotoniks-a-s','image/jpeg',9796,'/media/sultandefense/products/fotoniks-a-s/fotoniks-a-s-3.jpg','local','sultandefense/products/fotoniks-a-s/fotoniks-a-s-3.jpg','image','jpg',NOW(3),NOW(3)) ON DUPLICATE KEY UPDATE url=VALUES(url),path=VALUES(path),size=VALUES(size),updated_at=NOW(3);
INSERT INTO storage_assets (id,name,bucket,path,folder,mime,size,url,provider,provider_public_id,provider_resource_type,provider_format,created_at,updated_at) VALUES ('180fa9ee-c361-6a45-7e9b-d220658f50b4','fotoniks-a-s-4.jpg','products','sultandefense/products/fotoniks-a-s/fotoniks-a-s-4.jpg','sultandefense/products/fotoniks-a-s','image/jpeg',13307,'/media/sultandefense/products/fotoniks-a-s/fotoniks-a-s-4.jpg','local','sultandefense/products/fotoniks-a-s/fotoniks-a-s-4.jpg','image','jpg',NOW(3),NOW(3)) ON DUPLICATE KEY UPDATE url=VALUES(url),path=VALUES(path),size=VALUES(size),updated_at=NOW(3);
INSERT INTO storage_assets (id,name,bucket,path,folder,mime,size,url,provider,provider_public_id,provider_resource_type,provider_format,created_at,updated_at) VALUES ('e6f188dd-9705-706e-249f-e305fe91b2f5','fotoniks-a-s-5.jpg','products','sultandefense/products/fotoniks-a-s/fotoniks-a-s-5.jpg','sultandefense/products/fotoniks-a-s','image/jpeg',26634,'/media/sultandefense/products/fotoniks-a-s/fotoniks-a-s-5.jpg','local','sultandefense/products/fotoniks-a-s/fotoniks-a-s-5.jpg','image','jpg',NOW(3),NOW(3)) ON DUPLICATE KEY UPDATE url=VALUES(url),path=VALUES(path),size=VALUES(size),updated_at=NOW(3);
INSERT INTO storage_assets (id,name,bucket,path,folder,mime,size,url,provider,provider_public_id,provider_resource_type,provider_format,created_at,updated_at) VALUES ('d371bb64-25a4-6e30-b6a9-36d03dadcfc2','fotoniks-a-s-6.jpg','products','sultandefense/products/fotoniks-a-s/fotoniks-a-s-6.jpg','sultandefense/products/fotoniks-a-s','image/jpeg',13895,'/media/sultandefense/products/fotoniks-a-s/fotoniks-a-s-6.jpg','local','sultandefense/products/fotoniks-a-s/fotoniks-a-s-6.jpg','image','jpg',NOW(3),NOW(3)) ON DUPLICATE KEY UPDATE url=VALUES(url),path=VALUES(path),size=VALUES(size),updated_at=NOW(3);
INSERT INTO storage_assets (id,name,bucket,path,folder,mime,size,url,provider,provider_public_id,provider_resource_type,provider_format,created_at,updated_at) VALUES ('d39c9f17-6fe5-1890-e6d6-91901d140a56','fotoniks-a-s-7.jpg','products','sultandefense/products/fotoniks-a-s/fotoniks-a-s-7.jpg','sultandefense/products/fotoniks-a-s','image/jpeg',16815,'/media/sultandefense/products/fotoniks-a-s/fotoniks-a-s-7.jpg','local','sultandefense/products/fotoniks-a-s/fotoniks-a-s-7.jpg','image','jpg',NOW(3),NOW(3)) ON DUPLICATE KEY UPDATE url=VALUES(url),path=VALUES(path),size=VALUES(size),updated_at=NOW(3);
INSERT INTO storage_assets (id,name,bucket,path,folder,mime,size,url,provider,provider_public_id,provider_resource_type,provider_format,created_at,updated_at) VALUES ('04f937ce-b966-8787-c75c-f765efad7838','fotoniks-a-s-8.jpg','products','sultandefense/products/fotoniks-a-s/fotoniks-a-s-8.jpg','sultandefense/products/fotoniks-a-s','image/jpeg',12641,'/media/sultandefense/products/fotoniks-a-s/fotoniks-a-s-8.jpg','local','sultandefense/products/fotoniks-a-s/fotoniks-a-s-8.jpg','image','jpg',NOW(3),NOW(3)) ON DUPLICATE KEY UPDATE url=VALUES(url),path=VALUES(path),size=VALUES(size),updated_at=NOW(3);
INSERT INTO storage_assets (id,name,bucket,path,folder,mime,size,url,provider,provider_public_id,provider_resource_type,provider_format,created_at,updated_at) VALUES ('48fc072c-af81-3403-0a0d-218688cebe30','fotoniks-a-s-9.jpg','products','sultandefense/products/fotoniks-a-s/fotoniks-a-s-9.jpg','sultandefense/products/fotoniks-a-s','image/jpeg',7458,'/media/sultandefense/products/fotoniks-a-s/fotoniks-a-s-9.jpg','local','sultandefense/products/fotoniks-a-s/fotoniks-a-s-9.jpg','image','jpg',NOW(3),NOW(3)) ON DUPLICATE KEY UPDATE url=VALUES(url),path=VALUES(path),size=VALUES(size),updated_at=NOW(3);
INSERT INTO storage_assets (id,name,bucket,path,folder,mime,size,url,provider,provider_public_id,provider_resource_type,provider_format,created_at,updated_at) VALUES ('d264d661-d19c-a25b-860e-91d8237695e9','fotoniks-a-s-10.jpg','products','sultandefense/products/fotoniks-a-s/fotoniks-a-s-10.jpg','sultandefense/products/fotoniks-a-s','image/jpeg',13337,'/media/sultandefense/products/fotoniks-a-s/fotoniks-a-s-10.jpg','local','sultandefense/products/fotoniks-a-s/fotoniks-a-s-10.jpg','image','jpg',NOW(3),NOW(3)) ON DUPLICATE KEY UPDATE url=VALUES(url),path=VALUES(path),size=VALUES(size),updated_at=NOW(3);
INSERT INTO storage_assets (id,name,bucket,path,folder,mime,size,url,provider,provider_public_id,provider_resource_type,provider_format,created_at,updated_at) VALUES ('db7c4357-b247-494a-36b8-7f75492acd1f','fotoniks-a-s-11.jpg','products','sultandefense/products/fotoniks-a-s/fotoniks-a-s-11.jpg','sultandefense/products/fotoniks-a-s','image/jpeg',7508,'/media/sultandefense/products/fotoniks-a-s/fotoniks-a-s-11.jpg','local','sultandefense/products/fotoniks-a-s/fotoniks-a-s-11.jpg','image','jpg',NOW(3),NOW(3)) ON DUPLICATE KEY UPDATE url=VALUES(url),path=VALUES(path),size=VALUES(size),updated_at=NOW(3);
INSERT INTO storage_assets (id,name,bucket,path,folder,mime,size,url,provider,provider_public_id,provider_resource_type,provider_format,created_at,updated_at) VALUES ('a8cede95-a334-7db2-9f54-9c0bc8e15668','fotoniks-a-s-12.jpg','products','sultandefense/products/fotoniks-a-s/fotoniks-a-s-12.jpg','sultandefense/products/fotoniks-a-s','image/jpeg',17036,'/media/sultandefense/products/fotoniks-a-s/fotoniks-a-s-12.jpg','local','sultandefense/products/fotoniks-a-s/fotoniks-a-s-12.jpg','image','jpg',NOW(3),NOW(3)) ON DUPLICATE KEY UPDATE url=VALUES(url),path=VALUES(path),size=VALUES(size),updated_at=NOW(3);
INSERT INTO storage_assets (id,name,bucket,path,folder,mime,size,url,provider,provider_public_id,provider_resource_type,provider_format,created_at,updated_at) VALUES ('dad1f2ee-a250-aee1-4a12-0a5e5216488e','fotoniks-a-s-13.jpg','products','sultandefense/products/fotoniks-a-s/fotoniks-a-s-13.jpg','sultandefense/products/fotoniks-a-s','image/jpeg',17632,'/media/sultandefense/products/fotoniks-a-s/fotoniks-a-s-13.jpg','local','sultandefense/products/fotoniks-a-s/fotoniks-a-s-13.jpg','image','jpg',NOW(3),NOW(3)) ON DUPLICATE KEY UPDATE url=VALUES(url),path=VALUES(path),size=VALUES(size),updated_at=NOW(3);
INSERT INTO storage_assets (id,name,bucket,path,folder,mime,size,url,provider,provider_public_id,provider_resource_type,provider_format,created_at,updated_at) VALUES ('bf3469b5-0a09-25b1-20ba-cd3c3e29279f','fotoniks-a-s-14.jpg','products','sultandefense/products/fotoniks-a-s/fotoniks-a-s-14.jpg','sultandefense/products/fotoniks-a-s','image/jpeg',25105,'/media/sultandefense/products/fotoniks-a-s/fotoniks-a-s-14.jpg','local','sultandefense/products/fotoniks-a-s/fotoniks-a-s-14.jpg','image','jpg',NOW(3),NOW(3)) ON DUPLICATE KEY UPDATE url=VALUES(url),path=VALUES(path),size=VALUES(size),updated_at=NOW(3);
INSERT INTO storage_assets (id,name,bucket,path,folder,mime,size,url,provider,provider_public_id,provider_resource_type,provider_format,created_at,updated_at) VALUES ('a5ebe140-b03a-8ab1-f840-52b4d10ba191','fotoniks-a-s-15.jpg','products','sultandefense/products/fotoniks-a-s/fotoniks-a-s-15.jpg','sultandefense/products/fotoniks-a-s','image/jpeg',11140,'/media/sultandefense/products/fotoniks-a-s/fotoniks-a-s-15.jpg','local','sultandefense/products/fotoniks-a-s/fotoniks-a-s-15.jpg','image','jpg',NOW(3),NOW(3)) ON DUPLICATE KEY UPDATE url=VALUES(url),path=VALUES(path),size=VALUES(size),updated_at=NOW(3);
INSERT INTO products (id,item_type,category_id,price,image_url,storage_asset_id,images,storage_image_ids,is_active,is_featured,order_num,created_at,updated_at) VALUES ('863ad96d-0d33-16c5-8808-7df4dcfe8aa0','sultandefense','cccc0008-4008-4008-8008-cccccccc0008',0,'/media/sultandefense/products/fotoniks-a-s/fotoniks-a-s-1.jpg','fbf6867f-7c10-73aa-3520-e68755a82042','["/media/sultandefense/products/fotoniks-a-s/fotoniks-a-s-1.jpg","/media/sultandefense/products/fotoniks-a-s/fotoniks-a-s-2.jpg","/media/sultandefense/products/fotoniks-a-s/fotoniks-a-s-3.jpg","/media/sultandefense/products/fotoniks-a-s/fotoniks-a-s-4.jpg","/media/sultandefense/products/fotoniks-a-s/fotoniks-a-s-5.jpg","/media/sultandefense/products/fotoniks-a-s/fotoniks-a-s-6.jpg","/media/sultandefense/products/fotoniks-a-s/fotoniks-a-s-7.jpg","/media/sultandefense/products/fotoniks-a-s/fotoniks-a-s-8.jpg","/media/sultandefense/products/fotoniks-a-s/fotoniks-a-s-9.jpg","/media/sultandefense/products/fotoniks-a-s/fotoniks-a-s-10.jpg","/media/sultandefense/products/fotoniks-a-s/fotoniks-a-s-11.jpg","/media/sultandefense/products/fotoniks-a-s/fotoniks-a-s-12.jpg","/media/sultandefense/products/fotoniks-a-s/fotoniks-a-s-13.jpg","/media/sultandefense/products/fotoniks-a-s/fotoniks-a-s-14.jpg","/media/sultandefense/products/fotoniks-a-s/fotoniks-a-s-15.jpg"]','["fbf6867f-7c10-73aa-3520-e68755a82042","5063ac6a-13cd-32f1-d196-4045c4d2833d","4d84176d-141b-b45d-aaf8-ac59f01950ce","180fa9ee-c361-6a45-7e9b-d220658f50b4","e6f188dd-9705-706e-249f-e305fe91b2f5","d371bb64-25a4-6e30-b6a9-36d03dadcfc2","d39c9f17-6fe5-1890-e6d6-91901d140a56","04f937ce-b966-8787-c75c-f765efad7838","48fc072c-af81-3403-0a0d-218688cebe30","d264d661-d19c-a25b-860e-91d8237695e9","db7c4357-b247-494a-36b8-7f75492acd1f","a8cede95-a334-7db2-9f54-9c0bc8e15668","dad1f2ee-a250-aee1-4a12-0a5e5216488e","bf3469b5-0a09-25b1-20ba-cd3c3e29279f","a5ebe140-b03a-8ab1-f840-52b4d10ba191"]',1,0,118,NOW(3),NOW(3)) ON DUPLICATE KEY UPDATE category_id=VALUES(category_id),image_url=VALUES(image_url),storage_asset_id=VALUES(storage_asset_id),images=VALUES(images),storage_image_ids=VALUES(storage_image_ids),is_active=1,updated_at=NOW(3);
INSERT INTO product_i18n (product_id,locale,title,slug,description,alt,tags,specifications,meta_title,meta_description,created_at,updated_at) VALUES ('863ad96d-0d33-16c5-8808-7df4dcfe8aa0','en','Fotoniks A S','fotoniks-a-s','<p>Part of Sultan Defense''s verified manufacturer and supplier network. Contact our export team for B2B procurement, technical specifications and export-ready quotations.</p>','Fotoniks A S','[]','{}','Fotoniks A S — Sultan Defense','Part of Sultan Defense''s verified manufacturer and supplier network. Contact our export team for B2B procurement, technical specifications and export-ready quot',NOW(3),NOW(3)) ON DUPLICATE KEY UPDATE title=VALUES(title),slug=VALUES(slug),description=VALUES(description),alt=VALUES(alt),meta_title=VALUES(meta_title),meta_description=VALUES(meta_description),updated_at=NOW(3);
INSERT INTO product_i18n (product_id,locale,title,slug,description,alt,tags,specifications,meta_title,meta_description,created_at,updated_at) VALUES ('863ad96d-0d33-16c5-8808-7df4dcfe8aa0','tr','Fotoniks A S','fotoniks-a-s','<p>Sultan Defense''in doğrulanmış üretici ve tedarikçi ağının bir parçası. B2B tedarik, teknik şartname ve ihracata hazır teklifler için ihracat ekibimizle iletişime geçin.</p>','Fotoniks A S','[]','{}','Fotoniks A S — Sultan Defense','Sultan Defense''in doğrulanmış üretici ve tedarikçi ağının bir parçası. B2B tedarik, teknik şartname ve ihracata hazır teklifler için ihracat ekibimizle iletişim',NOW(3),NOW(3)) ON DUPLICATE KEY UPDATE title=VALUES(title),slug=VALUES(slug),description=VALUES(description),alt=VALUES(alt),meta_title=VALUES(meta_title),meta_description=VALUES(meta_description),updated_at=NOW(3);
INSERT INTO product_i18n (product_id,locale,title,slug,description,alt,tags,specifications,meta_title,meta_description,created_at,updated_at) VALUES ('863ad96d-0d33-16c5-8808-7df4dcfe8aa0','de','Fotoniks A S','fotoniks-a-s','<p>Teil des geprüften Hersteller- und Lieferantennetzwerks von Sultan Defense. Kontaktieren Sie unser Exportteam für B2B-Beschaffung, technische Spezifikationen und exportfertige Angebote.</p>','Fotoniks A S','[]','{}','Fotoniks A S — Sultan Defense','Teil des geprüften Hersteller- und Lieferantennetzwerks von Sultan Defense. Kontaktieren Sie unser Exportteam für B2B-Beschaffung, technische Spezifikationen un',NOW(3),NOW(3)) ON DUPLICATE KEY UPDATE title=VALUES(title),slug=VALUES(slug),description=VALUES(description),alt=VALUES(alt),meta_title=VALUES(meta_title),meta_description=VALUES(meta_description),updated_at=NOW(3);
INSERT INTO product_i18n (product_id,locale,title,slug,description,alt,tags,specifications,meta_title,meta_description,created_at,updated_at) VALUES ('863ad96d-0d33-16c5-8808-7df4dcfe8aa0','ar','Fotoniks A S','fotoniks-a-s','<p>جزء من شبكة الموردين والمصنّعين المعتمدة لدى Sultan Defense. تواصل مع فريق التصدير لدينا للحصول على التوريد B2B والمواصفات الفنية وعروض الأسعار الجاهزة للتصدير.</p>','Fotoniks A S','[]','{}','Fotoniks A S — Sultan Defense','جزء من شبكة الموردين والمصنّعين المعتمدة لدى Sultan Defense. تواصل مع فريق التصدير لدينا للحصول على التوريد B2B والمواصفات الفنية وعروض الأسعار الجاهزة للتصدير.',NOW(3),NOW(3)) ON DUPLICATE KEY UPDATE title=VALUES(title),slug=VALUES(slug),description=VALUES(description),alt=VALUES(alt),meta_title=VALUES(meta_title),meta_description=VALUES(meta_description),updated_at=NOW(3);
INSERT INTO product_i18n (product_id,locale,title,slug,description,alt,tags,specifications,meta_title,meta_description,created_at,updated_at) VALUES ('863ad96d-0d33-16c5-8808-7df4dcfe8aa0','ru','Fotoniks A S','fotoniks-a-s','<p>Часть проверенной сети производителей и поставщиков Sultan Defense. Свяжитесь с нашим экспортным отделом для B2B-закупок, технических характеристик и готовых к экспорту предложений.</p>','Fotoniks A S','[]','{}','Fotoniks A S — Sultan Defense','Часть проверенной сети производителей и поставщиков Sultan Defense. Свяжитесь с нашим экспортным отделом для B2B-закупок, технических характеристик и готовых к ',NOW(3),NOW(3)) ON DUPLICATE KEY UPDATE title=VALUES(title),slug=VALUES(slug),description=VALUES(description),alt=VALUES(alt),meta_title=VALUES(meta_title),meta_description=VALUES(meta_description),updated_at=NOW(3);

INSERT INTO storage_assets (id,name,bucket,path,folder,mime,size,url,provider,provider_public_id,provider_resource_type,provider_format,created_at,updated_at) VALUES ('33e1b0d9-633d-702d-01f5-6c766a145f0a','htr-1.jpg','products','sultandefense/products/htr/htr-1.jpg','sultandefense/products/htr','image/jpeg',111586,'/media/sultandefense/products/htr/htr-1.jpg','local','sultandefense/products/htr/htr-1.jpg','image','jpg',NOW(3),NOW(3)) ON DUPLICATE KEY UPDATE url=VALUES(url),path=VALUES(path),size=VALUES(size),updated_at=NOW(3);
INSERT INTO storage_assets (id,name,bucket,path,folder,mime,size,url,provider,provider_public_id,provider_resource_type,provider_format,created_at,updated_at) VALUES ('7cb22a9a-9f6d-71f8-6115-e144b07ac047','htr-2.jpg','products','sultandefense/products/htr/htr-2.jpg','sultandefense/products/htr','image/jpeg',16576,'/media/sultandefense/products/htr/htr-2.jpg','local','sultandefense/products/htr/htr-2.jpg','image','jpg',NOW(3),NOW(3)) ON DUPLICATE KEY UPDATE url=VALUES(url),path=VALUES(path),size=VALUES(size),updated_at=NOW(3);
INSERT INTO storage_assets (id,name,bucket,path,folder,mime,size,url,provider,provider_public_id,provider_resource_type,provider_format,created_at,updated_at) VALUES ('7efec4a0-dc79-6da7-b68f-2fe7ac64ebb8','htr-3.jpg','products','sultandefense/products/htr/htr-3.jpg','sultandefense/products/htr','image/jpeg',9304,'/media/sultandefense/products/htr/htr-3.jpg','local','sultandefense/products/htr/htr-3.jpg','image','jpg',NOW(3),NOW(3)) ON DUPLICATE KEY UPDATE url=VALUES(url),path=VALUES(path),size=VALUES(size),updated_at=NOW(3);
INSERT INTO storage_assets (id,name,bucket,path,folder,mime,size,url,provider,provider_public_id,provider_resource_type,provider_format,created_at,updated_at) VALUES ('6ce8fb8f-d5e4-4434-1a64-a58c9905d9b3','htr-4.jpg','products','sultandefense/products/htr/htr-4.jpg','sultandefense/products/htr','image/jpeg',29817,'/media/sultandefense/products/htr/htr-4.jpg','local','sultandefense/products/htr/htr-4.jpg','image','jpg',NOW(3),NOW(3)) ON DUPLICATE KEY UPDATE url=VALUES(url),path=VALUES(path),size=VALUES(size),updated_at=NOW(3);
INSERT INTO storage_assets (id,name,bucket,path,folder,mime,size,url,provider,provider_public_id,provider_resource_type,provider_format,created_at,updated_at) VALUES ('9132a147-b03c-9cc2-9a88-9956217222eb','htr-5.jpg','products','sultandefense/products/htr/htr-5.jpg','sultandefense/products/htr','image/jpeg',35806,'/media/sultandefense/products/htr/htr-5.jpg','local','sultandefense/products/htr/htr-5.jpg','image','jpg',NOW(3),NOW(3)) ON DUPLICATE KEY UPDATE url=VALUES(url),path=VALUES(path),size=VALUES(size),updated_at=NOW(3);
INSERT INTO storage_assets (id,name,bucket,path,folder,mime,size,url,provider,provider_public_id,provider_resource_type,provider_format,created_at,updated_at) VALUES ('2000d41f-0374-a21b-0a9c-3b04d8cac1bd','htr-6.jpg','products','sultandefense/products/htr/htr-6.jpg','sultandefense/products/htr','image/jpeg',12126,'/media/sultandefense/products/htr/htr-6.jpg','local','sultandefense/products/htr/htr-6.jpg','image','jpg',NOW(3),NOW(3)) ON DUPLICATE KEY UPDATE url=VALUES(url),path=VALUES(path),size=VALUES(size),updated_at=NOW(3);
INSERT INTO storage_assets (id,name,bucket,path,folder,mime,size,url,provider,provider_public_id,provider_resource_type,provider_format,created_at,updated_at) VALUES ('d0a68e72-12a5-e15f-5ce4-96432ef1f900','htr-7.jpg','products','sultandefense/products/htr/htr-7.jpg','sultandefense/products/htr','image/jpeg',30096,'/media/sultandefense/products/htr/htr-7.jpg','local','sultandefense/products/htr/htr-7.jpg','image','jpg',NOW(3),NOW(3)) ON DUPLICATE KEY UPDATE url=VALUES(url),path=VALUES(path),size=VALUES(size),updated_at=NOW(3);
INSERT INTO storage_assets (id,name,bucket,path,folder,mime,size,url,provider,provider_public_id,provider_resource_type,provider_format,created_at,updated_at) VALUES ('c8f2d392-c79a-1c7f-21f6-d71b1b5a404c','htr-8.jpg','products','sultandefense/products/htr/htr-8.jpg','sultandefense/products/htr','image/jpeg',27652,'/media/sultandefense/products/htr/htr-8.jpg','local','sultandefense/products/htr/htr-8.jpg','image','jpg',NOW(3),NOW(3)) ON DUPLICATE KEY UPDATE url=VALUES(url),path=VALUES(path),size=VALUES(size),updated_at=NOW(3);
INSERT INTO products (id,item_type,category_id,price,image_url,storage_asset_id,images,storage_image_ids,is_active,is_featured,order_num,created_at,updated_at) VALUES ('de0dfc19-01b5-3b87-e00e-23f4b53c8cf9','sultandefense','cccc0008-4008-4008-8008-cccccccc0008',0,'/media/sultandefense/products/htr/htr-1.jpg','33e1b0d9-633d-702d-01f5-6c766a145f0a','["/media/sultandefense/products/htr/htr-1.jpg","/media/sultandefense/products/htr/htr-2.jpg","/media/sultandefense/products/htr/htr-3.jpg","/media/sultandefense/products/htr/htr-4.jpg","/media/sultandefense/products/htr/htr-5.jpg","/media/sultandefense/products/htr/htr-6.jpg","/media/sultandefense/products/htr/htr-7.jpg","/media/sultandefense/products/htr/htr-8.jpg"]','["33e1b0d9-633d-702d-01f5-6c766a145f0a","7cb22a9a-9f6d-71f8-6115-e144b07ac047","7efec4a0-dc79-6da7-b68f-2fe7ac64ebb8","6ce8fb8f-d5e4-4434-1a64-a58c9905d9b3","9132a147-b03c-9cc2-9a88-9956217222eb","2000d41f-0374-a21b-0a9c-3b04d8cac1bd","d0a68e72-12a5-e15f-5ce4-96432ef1f900","c8f2d392-c79a-1c7f-21f6-d71b1b5a404c"]',1,0,119,NOW(3),NOW(3)) ON DUPLICATE KEY UPDATE category_id=VALUES(category_id),image_url=VALUES(image_url),storage_asset_id=VALUES(storage_asset_id),images=VALUES(images),storage_image_ids=VALUES(storage_image_ids),is_active=1,updated_at=NOW(3);
INSERT INTO product_i18n (product_id,locale,title,slug,description,alt,tags,specifications,meta_title,meta_description,created_at,updated_at) VALUES ('de0dfc19-01b5-3b87-e00e-23f4b53c8cf9','en','HTR','htr','<p>Part of Sultan Defense''s verified manufacturer and supplier network. Contact our export team for B2B procurement, technical specifications and export-ready quotations.</p>','HTR','[]','{}','HTR — Sultan Defense','Part of Sultan Defense''s verified manufacturer and supplier network. Contact our export team for B2B procurement, technical specifications and export-ready quot',NOW(3),NOW(3)) ON DUPLICATE KEY UPDATE title=VALUES(title),slug=VALUES(slug),description=VALUES(description),alt=VALUES(alt),meta_title=VALUES(meta_title),meta_description=VALUES(meta_description),updated_at=NOW(3);
INSERT INTO product_i18n (product_id,locale,title,slug,description,alt,tags,specifications,meta_title,meta_description,created_at,updated_at) VALUES ('de0dfc19-01b5-3b87-e00e-23f4b53c8cf9','tr','HTR','htr','<p>Sultan Defense''in doğrulanmış üretici ve tedarikçi ağının bir parçası. B2B tedarik, teknik şartname ve ihracata hazır teklifler için ihracat ekibimizle iletişime geçin.</p>','HTR','[]','{}','HTR — Sultan Defense','Sultan Defense''in doğrulanmış üretici ve tedarikçi ağının bir parçası. B2B tedarik, teknik şartname ve ihracata hazır teklifler için ihracat ekibimizle iletişim',NOW(3),NOW(3)) ON DUPLICATE KEY UPDATE title=VALUES(title),slug=VALUES(slug),description=VALUES(description),alt=VALUES(alt),meta_title=VALUES(meta_title),meta_description=VALUES(meta_description),updated_at=NOW(3);
INSERT INTO product_i18n (product_id,locale,title,slug,description,alt,tags,specifications,meta_title,meta_description,created_at,updated_at) VALUES ('de0dfc19-01b5-3b87-e00e-23f4b53c8cf9','de','HTR','htr','<p>Teil des geprüften Hersteller- und Lieferantennetzwerks von Sultan Defense. Kontaktieren Sie unser Exportteam für B2B-Beschaffung, technische Spezifikationen und exportfertige Angebote.</p>','HTR','[]','{}','HTR — Sultan Defense','Teil des geprüften Hersteller- und Lieferantennetzwerks von Sultan Defense. Kontaktieren Sie unser Exportteam für B2B-Beschaffung, technische Spezifikationen un',NOW(3),NOW(3)) ON DUPLICATE KEY UPDATE title=VALUES(title),slug=VALUES(slug),description=VALUES(description),alt=VALUES(alt),meta_title=VALUES(meta_title),meta_description=VALUES(meta_description),updated_at=NOW(3);
INSERT INTO product_i18n (product_id,locale,title,slug,description,alt,tags,specifications,meta_title,meta_description,created_at,updated_at) VALUES ('de0dfc19-01b5-3b87-e00e-23f4b53c8cf9','ar','HTR','htr','<p>جزء من شبكة الموردين والمصنّعين المعتمدة لدى Sultan Defense. تواصل مع فريق التصدير لدينا للحصول على التوريد B2B والمواصفات الفنية وعروض الأسعار الجاهزة للتصدير.</p>','HTR','[]','{}','HTR — Sultan Defense','جزء من شبكة الموردين والمصنّعين المعتمدة لدى Sultan Defense. تواصل مع فريق التصدير لدينا للحصول على التوريد B2B والمواصفات الفنية وعروض الأسعار الجاهزة للتصدير.',NOW(3),NOW(3)) ON DUPLICATE KEY UPDATE title=VALUES(title),slug=VALUES(slug),description=VALUES(description),alt=VALUES(alt),meta_title=VALUES(meta_title),meta_description=VALUES(meta_description),updated_at=NOW(3);
INSERT INTO product_i18n (product_id,locale,title,slug,description,alt,tags,specifications,meta_title,meta_description,created_at,updated_at) VALUES ('de0dfc19-01b5-3b87-e00e-23f4b53c8cf9','ru','HTR','htr','<p>Часть проверенной сети производителей и поставщиков Sultan Defense. Свяжитесь с нашим экспортным отделом для B2B-закупок, технических характеристик и готовых к экспорту предложений.</p>','HTR','[]','{}','HTR — Sultan Defense','Часть проверенной сети производителей и поставщиков Sultan Defense. Свяжитесь с нашим экспортным отделом для B2B-закупок, технических характеристик и готовых к ',NOW(3),NOW(3)) ON DUPLICATE KEY UPDATE title=VALUES(title),slug=VALUES(slug),description=VALUES(description),alt=VALUES(alt),meta_title=VALUES(meta_title),meta_description=VALUES(meta_description),updated_at=NOW(3);

INSERT INTO storage_assets (id,name,bucket,path,folder,mime,size,url,provider,provider_public_id,provider_resource_type,provider_format,created_at,updated_at) VALUES ('18cd3721-13b7-39c7-6cee-2f1c68d976f8','mesan-1.jpg','products','sultandefense/products/mesan/mesan-1.jpg','sultandefense/products/mesan','image/jpeg',57304,'/media/sultandefense/products/mesan/mesan-1.jpg','local','sultandefense/products/mesan/mesan-1.jpg','image','jpg',NOW(3),NOW(3)) ON DUPLICATE KEY UPDATE url=VALUES(url),path=VALUES(path),size=VALUES(size),updated_at=NOW(3);
INSERT INTO storage_assets (id,name,bucket,path,folder,mime,size,url,provider,provider_public_id,provider_resource_type,provider_format,created_at,updated_at) VALUES ('9e4e1c7d-a90e-ae65-321d-d5f6c46ec2e8','mesan-2.jpg','products','sultandefense/products/mesan/mesan-2.jpg','sultandefense/products/mesan','image/jpeg',26249,'/media/sultandefense/products/mesan/mesan-2.jpg','local','sultandefense/products/mesan/mesan-2.jpg','image','jpg',NOW(3),NOW(3)) ON DUPLICATE KEY UPDATE url=VALUES(url),path=VALUES(path),size=VALUES(size),updated_at=NOW(3);
INSERT INTO storage_assets (id,name,bucket,path,folder,mime,size,url,provider,provider_public_id,provider_resource_type,provider_format,created_at,updated_at) VALUES ('59da9341-ec98-fe9a-c529-7399fed5cadf','mesan-3.jpg','products','sultandefense/products/mesan/mesan-3.jpg','sultandefense/products/mesan','image/jpeg',18702,'/media/sultandefense/products/mesan/mesan-3.jpg','local','sultandefense/products/mesan/mesan-3.jpg','image','jpg',NOW(3),NOW(3)) ON DUPLICATE KEY UPDATE url=VALUES(url),path=VALUES(path),size=VALUES(size),updated_at=NOW(3);
INSERT INTO storage_assets (id,name,bucket,path,folder,mime,size,url,provider,provider_public_id,provider_resource_type,provider_format,created_at,updated_at) VALUES ('f706602b-c9a5-da1f-3e70-18233d078ff5','mesan-4.jpg','products','sultandefense/products/mesan/mesan-4.jpg','sultandefense/products/mesan','image/jpeg',18011,'/media/sultandefense/products/mesan/mesan-4.jpg','local','sultandefense/products/mesan/mesan-4.jpg','image','jpg',NOW(3),NOW(3)) ON DUPLICATE KEY UPDATE url=VALUES(url),path=VALUES(path),size=VALUES(size),updated_at=NOW(3);
INSERT INTO storage_assets (id,name,bucket,path,folder,mime,size,url,provider,provider_public_id,provider_resource_type,provider_format,created_at,updated_at) VALUES ('fe23556f-c99c-ad19-e728-652e7f0d9700','mesan-5.jpg','products','sultandefense/products/mesan/mesan-5.jpg','sultandefense/products/mesan','image/jpeg',19573,'/media/sultandefense/products/mesan/mesan-5.jpg','local','sultandefense/products/mesan/mesan-5.jpg','image','jpg',NOW(3),NOW(3)) ON DUPLICATE KEY UPDATE url=VALUES(url),path=VALUES(path),size=VALUES(size),updated_at=NOW(3);
INSERT INTO storage_assets (id,name,bucket,path,folder,mime,size,url,provider,provider_public_id,provider_resource_type,provider_format,created_at,updated_at) VALUES ('cf688cd9-287d-3cfa-454b-149842919e77','mesan-6.jpg','products','sultandefense/products/mesan/mesan-6.jpg','sultandefense/products/mesan','image/jpeg',22531,'/media/sultandefense/products/mesan/mesan-6.jpg','local','sultandefense/products/mesan/mesan-6.jpg','image','jpg',NOW(3),NOW(3)) ON DUPLICATE KEY UPDATE url=VALUES(url),path=VALUES(path),size=VALUES(size),updated_at=NOW(3);
INSERT INTO storage_assets (id,name,bucket,path,folder,mime,size,url,provider,provider_public_id,provider_resource_type,provider_format,created_at,updated_at) VALUES ('8613649d-7edd-d376-4ee0-ff42dcffcc1e','mesan-7.jpg','products','sultandefense/products/mesan/mesan-7.jpg','sultandefense/products/mesan','image/jpeg',17762,'/media/sultandefense/products/mesan/mesan-7.jpg','local','sultandefense/products/mesan/mesan-7.jpg','image','jpg',NOW(3),NOW(3)) ON DUPLICATE KEY UPDATE url=VALUES(url),path=VALUES(path),size=VALUES(size),updated_at=NOW(3);
INSERT INTO products (id,item_type,category_id,price,image_url,storage_asset_id,images,storage_image_ids,is_active,is_featured,order_num,created_at,updated_at) VALUES ('59151042-0b10-2106-0307-d782cd9adb77','sultandefense','cccc0008-4008-4008-8008-cccccccc0008',0,'/media/sultandefense/products/mesan/mesan-1.jpg','18cd3721-13b7-39c7-6cee-2f1c68d976f8','["/media/sultandefense/products/mesan/mesan-1.jpg","/media/sultandefense/products/mesan/mesan-2.jpg","/media/sultandefense/products/mesan/mesan-3.jpg","/media/sultandefense/products/mesan/mesan-4.jpg","/media/sultandefense/products/mesan/mesan-5.jpg","/media/sultandefense/products/mesan/mesan-6.jpg","/media/sultandefense/products/mesan/mesan-7.jpg"]','["18cd3721-13b7-39c7-6cee-2f1c68d976f8","9e4e1c7d-a90e-ae65-321d-d5f6c46ec2e8","59da9341-ec98-fe9a-c529-7399fed5cadf","f706602b-c9a5-da1f-3e70-18233d078ff5","fe23556f-c99c-ad19-e728-652e7f0d9700","cf688cd9-287d-3cfa-454b-149842919e77","8613649d-7edd-d376-4ee0-ff42dcffcc1e"]',1,0,120,NOW(3),NOW(3)) ON DUPLICATE KEY UPDATE category_id=VALUES(category_id),image_url=VALUES(image_url),storage_asset_id=VALUES(storage_asset_id),images=VALUES(images),storage_image_ids=VALUES(storage_image_ids),is_active=1,updated_at=NOW(3);
INSERT INTO product_i18n (product_id,locale,title,slug,description,alt,tags,specifications,meta_title,meta_description,created_at,updated_at) VALUES ('59151042-0b10-2106-0307-d782cd9adb77','en','Mesan','mesan','<p>Part of Sultan Defense''s verified manufacturer and supplier network. Contact our export team for B2B procurement, technical specifications and export-ready quotations.</p>','Mesan','[]','{}','Mesan — Sultan Defense','Part of Sultan Defense''s verified manufacturer and supplier network. Contact our export team for B2B procurement, technical specifications and export-ready quot',NOW(3),NOW(3)) ON DUPLICATE KEY UPDATE title=VALUES(title),slug=VALUES(slug),description=VALUES(description),alt=VALUES(alt),meta_title=VALUES(meta_title),meta_description=VALUES(meta_description),updated_at=NOW(3);
INSERT INTO product_i18n (product_id,locale,title,slug,description,alt,tags,specifications,meta_title,meta_description,created_at,updated_at) VALUES ('59151042-0b10-2106-0307-d782cd9adb77','tr','Mesan','mesan','<p>Sultan Defense''in doğrulanmış üretici ve tedarikçi ağının bir parçası. B2B tedarik, teknik şartname ve ihracata hazır teklifler için ihracat ekibimizle iletişime geçin.</p>','Mesan','[]','{}','Mesan — Sultan Defense','Sultan Defense''in doğrulanmış üretici ve tedarikçi ağının bir parçası. B2B tedarik, teknik şartname ve ihracata hazır teklifler için ihracat ekibimizle iletişim',NOW(3),NOW(3)) ON DUPLICATE KEY UPDATE title=VALUES(title),slug=VALUES(slug),description=VALUES(description),alt=VALUES(alt),meta_title=VALUES(meta_title),meta_description=VALUES(meta_description),updated_at=NOW(3);
INSERT INTO product_i18n (product_id,locale,title,slug,description,alt,tags,specifications,meta_title,meta_description,created_at,updated_at) VALUES ('59151042-0b10-2106-0307-d782cd9adb77','de','Mesan','mesan','<p>Teil des geprüften Hersteller- und Lieferantennetzwerks von Sultan Defense. Kontaktieren Sie unser Exportteam für B2B-Beschaffung, technische Spezifikationen und exportfertige Angebote.</p>','Mesan','[]','{}','Mesan — Sultan Defense','Teil des geprüften Hersteller- und Lieferantennetzwerks von Sultan Defense. Kontaktieren Sie unser Exportteam für B2B-Beschaffung, technische Spezifikationen un',NOW(3),NOW(3)) ON DUPLICATE KEY UPDATE title=VALUES(title),slug=VALUES(slug),description=VALUES(description),alt=VALUES(alt),meta_title=VALUES(meta_title),meta_description=VALUES(meta_description),updated_at=NOW(3);
INSERT INTO product_i18n (product_id,locale,title,slug,description,alt,tags,specifications,meta_title,meta_description,created_at,updated_at) VALUES ('59151042-0b10-2106-0307-d782cd9adb77','ar','Mesan','mesan','<p>جزء من شبكة الموردين والمصنّعين المعتمدة لدى Sultan Defense. تواصل مع فريق التصدير لدينا للحصول على التوريد B2B والمواصفات الفنية وعروض الأسعار الجاهزة للتصدير.</p>','Mesan','[]','{}','Mesan — Sultan Defense','جزء من شبكة الموردين والمصنّعين المعتمدة لدى Sultan Defense. تواصل مع فريق التصدير لدينا للحصول على التوريد B2B والمواصفات الفنية وعروض الأسعار الجاهزة للتصدير.',NOW(3),NOW(3)) ON DUPLICATE KEY UPDATE title=VALUES(title),slug=VALUES(slug),description=VALUES(description),alt=VALUES(alt),meta_title=VALUES(meta_title),meta_description=VALUES(meta_description),updated_at=NOW(3);
INSERT INTO product_i18n (product_id,locale,title,slug,description,alt,tags,specifications,meta_title,meta_description,created_at,updated_at) VALUES ('59151042-0b10-2106-0307-d782cd9adb77','ru','Mesan','mesan','<p>Часть проверенной сети производителей и поставщиков Sultan Defense. Свяжитесь с нашим экспортным отделом для B2B-закупок, технических характеристик и готовых к экспорту предложений.</p>','Mesan','[]','{}','Mesan — Sultan Defense','Часть проверенной сети производителей и поставщиков Sultan Defense. Свяжитесь с нашим экспортным отделом для B2B-закупок, технических характеристик и готовых к ',NOW(3),NOW(3)) ON DUPLICATE KEY UPDATE title=VALUES(title),slug=VALUES(slug),description=VALUES(description),alt=VALUES(alt),meta_title=VALUES(meta_title),meta_description=VALUES(meta_description),updated_at=NOW(3);

INSERT INTO storage_assets (id,name,bucket,path,folder,mime,size,url,provider,provider_public_id,provider_resource_type,provider_format,created_at,updated_at) VALUES ('dbfba092-3af5-290e-30c4-0931b4819c77','rst-1.jpg','products','sultandefense/products/rst/rst-1.jpg','sultandefense/products/rst','image/jpeg',72120,'/media/sultandefense/products/rst/rst-1.jpg','local','sultandefense/products/rst/rst-1.jpg','image','jpg',NOW(3),NOW(3)) ON DUPLICATE KEY UPDATE url=VALUES(url),path=VALUES(path),size=VALUES(size),updated_at=NOW(3);
INSERT INTO storage_assets (id,name,bucket,path,folder,mime,size,url,provider,provider_public_id,provider_resource_type,provider_format,created_at,updated_at) VALUES ('3249200c-1618-222c-eafc-ae07a651b6ea','rst-2.jpg','products','sultandefense/products/rst/rst-2.jpg','sultandefense/products/rst','image/jpeg',75202,'/media/sultandefense/products/rst/rst-2.jpg','local','sultandefense/products/rst/rst-2.jpg','image','jpg',NOW(3),NOW(3)) ON DUPLICATE KEY UPDATE url=VALUES(url),path=VALUES(path),size=VALUES(size),updated_at=NOW(3);
INSERT INTO storage_assets (id,name,bucket,path,folder,mime,size,url,provider,provider_public_id,provider_resource_type,provider_format,created_at,updated_at) VALUES ('d7034440-502d-937d-b766-5c7632261033','rst-3.jpg','products','sultandefense/products/rst/rst-3.jpg','sultandefense/products/rst','image/jpeg',10685,'/media/sultandefense/products/rst/rst-3.jpg','local','sultandefense/products/rst/rst-3.jpg','image','jpg',NOW(3),NOW(3)) ON DUPLICATE KEY UPDATE url=VALUES(url),path=VALUES(path),size=VALUES(size),updated_at=NOW(3);
INSERT INTO storage_assets (id,name,bucket,path,folder,mime,size,url,provider,provider_public_id,provider_resource_type,provider_format,created_at,updated_at) VALUES ('b6858487-4468-5557-fa0e-c5ec2f523a80','rst-4.jpg','products','sultandefense/products/rst/rst-4.jpg','sultandefense/products/rst','image/jpeg',20265,'/media/sultandefense/products/rst/rst-4.jpg','local','sultandefense/products/rst/rst-4.jpg','image','jpg',NOW(3),NOW(3)) ON DUPLICATE KEY UPDATE url=VALUES(url),path=VALUES(path),size=VALUES(size),updated_at=NOW(3);
INSERT INTO storage_assets (id,name,bucket,path,folder,mime,size,url,provider,provider_public_id,provider_resource_type,provider_format,created_at,updated_at) VALUES ('95782f9d-cd2e-2371-1da4-8ac3248d4085','rst-5.jpg','products','sultandefense/products/rst/rst-5.jpg','sultandefense/products/rst','image/jpeg',35410,'/media/sultandefense/products/rst/rst-5.jpg','local','sultandefense/products/rst/rst-5.jpg','image','jpg',NOW(3),NOW(3)) ON DUPLICATE KEY UPDATE url=VALUES(url),path=VALUES(path),size=VALUES(size),updated_at=NOW(3);
INSERT INTO products (id,item_type,category_id,price,image_url,storage_asset_id,images,storage_image_ids,is_active,is_featured,order_num,created_at,updated_at) VALUES ('574f8ec4-2a2c-284b-5e48-1e63981c7d1f','sultandefense','cccc0008-4008-4008-8008-cccccccc0008',0,'/media/sultandefense/products/rst/rst-1.jpg','dbfba092-3af5-290e-30c4-0931b4819c77','["/media/sultandefense/products/rst/rst-1.jpg","/media/sultandefense/products/rst/rst-2.jpg","/media/sultandefense/products/rst/rst-3.jpg","/media/sultandefense/products/rst/rst-4.jpg","/media/sultandefense/products/rst/rst-5.jpg"]','["dbfba092-3af5-290e-30c4-0931b4819c77","3249200c-1618-222c-eafc-ae07a651b6ea","d7034440-502d-937d-b766-5c7632261033","b6858487-4468-5557-fa0e-c5ec2f523a80","95782f9d-cd2e-2371-1da4-8ac3248d4085"]',1,0,121,NOW(3),NOW(3)) ON DUPLICATE KEY UPDATE category_id=VALUES(category_id),image_url=VALUES(image_url),storage_asset_id=VALUES(storage_asset_id),images=VALUES(images),storage_image_ids=VALUES(storage_image_ids),is_active=1,updated_at=NOW(3);
INSERT INTO product_i18n (product_id,locale,title,slug,description,alt,tags,specifications,meta_title,meta_description,created_at,updated_at) VALUES ('574f8ec4-2a2c-284b-5e48-1e63981c7d1f','en','RST','rst','<p>Part of Sultan Defense''s verified manufacturer and supplier network. Contact our export team for B2B procurement, technical specifications and export-ready quotations.</p>','RST','[]','{}','RST — Sultan Defense','Part of Sultan Defense''s verified manufacturer and supplier network. Contact our export team for B2B procurement, technical specifications and export-ready quot',NOW(3),NOW(3)) ON DUPLICATE KEY UPDATE title=VALUES(title),slug=VALUES(slug),description=VALUES(description),alt=VALUES(alt),meta_title=VALUES(meta_title),meta_description=VALUES(meta_description),updated_at=NOW(3);
INSERT INTO product_i18n (product_id,locale,title,slug,description,alt,tags,specifications,meta_title,meta_description,created_at,updated_at) VALUES ('574f8ec4-2a2c-284b-5e48-1e63981c7d1f','tr','RST','rst','<p>Sultan Defense''in doğrulanmış üretici ve tedarikçi ağının bir parçası. B2B tedarik, teknik şartname ve ihracata hazır teklifler için ihracat ekibimizle iletişime geçin.</p>','RST','[]','{}','RST — Sultan Defense','Sultan Defense''in doğrulanmış üretici ve tedarikçi ağının bir parçası. B2B tedarik, teknik şartname ve ihracata hazır teklifler için ihracat ekibimizle iletişim',NOW(3),NOW(3)) ON DUPLICATE KEY UPDATE title=VALUES(title),slug=VALUES(slug),description=VALUES(description),alt=VALUES(alt),meta_title=VALUES(meta_title),meta_description=VALUES(meta_description),updated_at=NOW(3);
INSERT INTO product_i18n (product_id,locale,title,slug,description,alt,tags,specifications,meta_title,meta_description,created_at,updated_at) VALUES ('574f8ec4-2a2c-284b-5e48-1e63981c7d1f','de','RST','rst','<p>Teil des geprüften Hersteller- und Lieferantennetzwerks von Sultan Defense. Kontaktieren Sie unser Exportteam für B2B-Beschaffung, technische Spezifikationen und exportfertige Angebote.</p>','RST','[]','{}','RST — Sultan Defense','Teil des geprüften Hersteller- und Lieferantennetzwerks von Sultan Defense. Kontaktieren Sie unser Exportteam für B2B-Beschaffung, technische Spezifikationen un',NOW(3),NOW(3)) ON DUPLICATE KEY UPDATE title=VALUES(title),slug=VALUES(slug),description=VALUES(description),alt=VALUES(alt),meta_title=VALUES(meta_title),meta_description=VALUES(meta_description),updated_at=NOW(3);
INSERT INTO product_i18n (product_id,locale,title,slug,description,alt,tags,specifications,meta_title,meta_description,created_at,updated_at) VALUES ('574f8ec4-2a2c-284b-5e48-1e63981c7d1f','ar','RST','rst','<p>جزء من شبكة الموردين والمصنّعين المعتمدة لدى Sultan Defense. تواصل مع فريق التصدير لدينا للحصول على التوريد B2B والمواصفات الفنية وعروض الأسعار الجاهزة للتصدير.</p>','RST','[]','{}','RST — Sultan Defense','جزء من شبكة الموردين والمصنّعين المعتمدة لدى Sultan Defense. تواصل مع فريق التصدير لدينا للحصول على التوريد B2B والمواصفات الفنية وعروض الأسعار الجاهزة للتصدير.',NOW(3),NOW(3)) ON DUPLICATE KEY UPDATE title=VALUES(title),slug=VALUES(slug),description=VALUES(description),alt=VALUES(alt),meta_title=VALUES(meta_title),meta_description=VALUES(meta_description),updated_at=NOW(3);
INSERT INTO product_i18n (product_id,locale,title,slug,description,alt,tags,specifications,meta_title,meta_description,created_at,updated_at) VALUES ('574f8ec4-2a2c-284b-5e48-1e63981c7d1f','ru','RST','rst','<p>Часть проверенной сети производителей и поставщиков Sultan Defense. Свяжитесь с нашим экспортным отделом для B2B-закупок, технических характеристик и готовых к экспорту предложений.</p>','RST','[]','{}','RST — Sultan Defense','Часть проверенной сети производителей и поставщиков Sultan Defense. Свяжитесь с нашим экспортным отделом для B2B-закупок, технических характеристик и готовых к ',NOW(3),NOW(3)) ON DUPLICATE KEY UPDATE title=VALUES(title),slug=VALUES(slug),description=VALUES(description),alt=VALUES(alt),meta_title=VALUES(meta_title),meta_description=VALUES(meta_description),updated_at=NOW(3);

INSERT INTO storage_assets (id,name,bucket,path,folder,mime,size,url,provider,provider_public_id,provider_resource_type,provider_format,created_at,updated_at) VALUES ('9028e032-b011-8850-e56c-982e7665b501','tdu-savunma-1.jpg','products','sultandefense/products/tdu-savunma/tdu-savunma-1.jpg','sultandefense/products/tdu-savunma','image/jpeg',171854,'/media/sultandefense/products/tdu-savunma/tdu-savunma-1.jpg','local','sultandefense/products/tdu-savunma/tdu-savunma-1.jpg','image','jpg',NOW(3),NOW(3)) ON DUPLICATE KEY UPDATE url=VALUES(url),path=VALUES(path),size=VALUES(size),updated_at=NOW(3);
INSERT INTO storage_assets (id,name,bucket,path,folder,mime,size,url,provider,provider_public_id,provider_resource_type,provider_format,created_at,updated_at) VALUES ('f733a2a8-2219-bba2-6647-0e0fa107f052','tdu-savunma-2.jpg','products','sultandefense/products/tdu-savunma/tdu-savunma-2.jpg','sultandefense/products/tdu-savunma','image/jpeg',34103,'/media/sultandefense/products/tdu-savunma/tdu-savunma-2.jpg','local','sultandefense/products/tdu-savunma/tdu-savunma-2.jpg','image','jpg',NOW(3),NOW(3)) ON DUPLICATE KEY UPDATE url=VALUES(url),path=VALUES(path),size=VALUES(size),updated_at=NOW(3);
INSERT INTO storage_assets (id,name,bucket,path,folder,mime,size,url,provider,provider_public_id,provider_resource_type,provider_format,created_at,updated_at) VALUES ('faa0b66e-90a1-dee4-eafb-ec3aecac9a04','tdu-savunma-3.jpg','products','sultandefense/products/tdu-savunma/tdu-savunma-3.jpg','sultandefense/products/tdu-savunma','image/jpeg',80700,'/media/sultandefense/products/tdu-savunma/tdu-savunma-3.jpg','local','sultandefense/products/tdu-savunma/tdu-savunma-3.jpg','image','jpg',NOW(3),NOW(3)) ON DUPLICATE KEY UPDATE url=VALUES(url),path=VALUES(path),size=VALUES(size),updated_at=NOW(3);
INSERT INTO storage_assets (id,name,bucket,path,folder,mime,size,url,provider,provider_public_id,provider_resource_type,provider_format,created_at,updated_at) VALUES ('cf88745d-ce50-f8aa-d196-c1e66d08776a','tdu-savunma-4.jpg','products','sultandefense/products/tdu-savunma/tdu-savunma-4.jpg','sultandefense/products/tdu-savunma','image/jpeg',86872,'/media/sultandefense/products/tdu-savunma/tdu-savunma-4.jpg','local','sultandefense/products/tdu-savunma/tdu-savunma-4.jpg','image','jpg',NOW(3),NOW(3)) ON DUPLICATE KEY UPDATE url=VALUES(url),path=VALUES(path),size=VALUES(size),updated_at=NOW(3);
INSERT INTO storage_assets (id,name,bucket,path,folder,mime,size,url,provider,provider_public_id,provider_resource_type,provider_format,created_at,updated_at) VALUES ('c531ceed-6f29-c721-2663-38c05a207c94','tdu-savunma-5.jpg','products','sultandefense/products/tdu-savunma/tdu-savunma-5.jpg','sultandefense/products/tdu-savunma','image/jpeg',80898,'/media/sultandefense/products/tdu-savunma/tdu-savunma-5.jpg','local','sultandefense/products/tdu-savunma/tdu-savunma-5.jpg','image','jpg',NOW(3),NOW(3)) ON DUPLICATE KEY UPDATE url=VALUES(url),path=VALUES(path),size=VALUES(size),updated_at=NOW(3);
INSERT INTO storage_assets (id,name,bucket,path,folder,mime,size,url,provider,provider_public_id,provider_resource_type,provider_format,created_at,updated_at) VALUES ('09dc47ca-5c41-fd8e-a78f-0728bfd67a28','tdu-savunma-6.jpg','products','sultandefense/products/tdu-savunma/tdu-savunma-6.jpg','sultandefense/products/tdu-savunma','image/jpeg',82563,'/media/sultandefense/products/tdu-savunma/tdu-savunma-6.jpg','local','sultandefense/products/tdu-savunma/tdu-savunma-6.jpg','image','jpg',NOW(3),NOW(3)) ON DUPLICATE KEY UPDATE url=VALUES(url),path=VALUES(path),size=VALUES(size),updated_at=NOW(3);
INSERT INTO storage_assets (id,name,bucket,path,folder,mime,size,url,provider,provider_public_id,provider_resource_type,provider_format,created_at,updated_at) VALUES ('a95680c3-2ba9-dc45-fb37-49144603fe16','tdu-savunma-7.jpg','products','sultandefense/products/tdu-savunma/tdu-savunma-7.jpg','sultandefense/products/tdu-savunma','image/jpeg',40210,'/media/sultandefense/products/tdu-savunma/tdu-savunma-7.jpg','local','sultandefense/products/tdu-savunma/tdu-savunma-7.jpg','image','jpg',NOW(3),NOW(3)) ON DUPLICATE KEY UPDATE url=VALUES(url),path=VALUES(path),size=VALUES(size),updated_at=NOW(3);
INSERT INTO storage_assets (id,name,bucket,path,folder,mime,size,url,provider,provider_public_id,provider_resource_type,provider_format,created_at,updated_at) VALUES ('336e8a1b-36a9-9e00-a824-d51623154ec1','tdu-savunma-8.jpg','products','sultandefense/products/tdu-savunma/tdu-savunma-8.jpg','sultandefense/products/tdu-savunma','image/jpeg',46696,'/media/sultandefense/products/tdu-savunma/tdu-savunma-8.jpg','local','sultandefense/products/tdu-savunma/tdu-savunma-8.jpg','image','jpg',NOW(3),NOW(3)) ON DUPLICATE KEY UPDATE url=VALUES(url),path=VALUES(path),size=VALUES(size),updated_at=NOW(3);
INSERT INTO storage_assets (id,name,bucket,path,folder,mime,size,url,provider,provider_public_id,provider_resource_type,provider_format,created_at,updated_at) VALUES ('481c0767-8933-5b7a-116f-0f84bf8acb21','tdu-savunma-9.jpg','products','sultandefense/products/tdu-savunma/tdu-savunma-9.jpg','sultandefense/products/tdu-savunma','image/jpeg',39116,'/media/sultandefense/products/tdu-savunma/tdu-savunma-9.jpg','local','sultandefense/products/tdu-savunma/tdu-savunma-9.jpg','image','jpg',NOW(3),NOW(3)) ON DUPLICATE KEY UPDATE url=VALUES(url),path=VALUES(path),size=VALUES(size),updated_at=NOW(3);
INSERT INTO storage_assets (id,name,bucket,path,folder,mime,size,url,provider,provider_public_id,provider_resource_type,provider_format,created_at,updated_at) VALUES ('7dd06f6c-028c-8829-28e4-6f52cde383de','tdu-savunma-10.jpg','products','sultandefense/products/tdu-savunma/tdu-savunma-10.jpg','sultandefense/products/tdu-savunma','image/jpeg',29781,'/media/sultandefense/products/tdu-savunma/tdu-savunma-10.jpg','local','sultandefense/products/tdu-savunma/tdu-savunma-10.jpg','image','jpg',NOW(3),NOW(3)) ON DUPLICATE KEY UPDATE url=VALUES(url),path=VALUES(path),size=VALUES(size),updated_at=NOW(3);
INSERT INTO products (id,item_type,category_id,price,image_url,storage_asset_id,images,storage_image_ids,is_active,is_featured,order_num,created_at,updated_at) VALUES ('762ae3f5-7103-d379-67ff-802d307824e8','sultandefense','cccc0008-4008-4008-8008-cccccccc0008',0,'/media/sultandefense/products/tdu-savunma/tdu-savunma-1.jpg','9028e032-b011-8850-e56c-982e7665b501','["/media/sultandefense/products/tdu-savunma/tdu-savunma-1.jpg","/media/sultandefense/products/tdu-savunma/tdu-savunma-2.jpg","/media/sultandefense/products/tdu-savunma/tdu-savunma-3.jpg","/media/sultandefense/products/tdu-savunma/tdu-savunma-4.jpg","/media/sultandefense/products/tdu-savunma/tdu-savunma-5.jpg","/media/sultandefense/products/tdu-savunma/tdu-savunma-6.jpg","/media/sultandefense/products/tdu-savunma/tdu-savunma-7.jpg","/media/sultandefense/products/tdu-savunma/tdu-savunma-8.jpg","/media/sultandefense/products/tdu-savunma/tdu-savunma-9.jpg","/media/sultandefense/products/tdu-savunma/tdu-savunma-10.jpg"]','["9028e032-b011-8850-e56c-982e7665b501","f733a2a8-2219-bba2-6647-0e0fa107f052","faa0b66e-90a1-dee4-eafb-ec3aecac9a04","cf88745d-ce50-f8aa-d196-c1e66d08776a","c531ceed-6f29-c721-2663-38c05a207c94","09dc47ca-5c41-fd8e-a78f-0728bfd67a28","a95680c3-2ba9-dc45-fb37-49144603fe16","336e8a1b-36a9-9e00-a824-d51623154ec1","481c0767-8933-5b7a-116f-0f84bf8acb21","7dd06f6c-028c-8829-28e4-6f52cde383de"]',1,0,122,NOW(3),NOW(3)) ON DUPLICATE KEY UPDATE category_id=VALUES(category_id),image_url=VALUES(image_url),storage_asset_id=VALUES(storage_asset_id),images=VALUES(images),storage_image_ids=VALUES(storage_image_ids),is_active=1,updated_at=NOW(3);
INSERT INTO product_i18n (product_id,locale,title,slug,description,alt,tags,specifications,meta_title,meta_description,created_at,updated_at) VALUES ('762ae3f5-7103-d379-67ff-802d307824e8','en','TDU Savunma','tdu-savunma','<p>Part of Sultan Defense''s verified manufacturer and supplier network. Contact our export team for B2B procurement, technical specifications and export-ready quotations.</p>','TDU Savunma','[]','{}','TDU Savunma — Sultan Defense','Part of Sultan Defense''s verified manufacturer and supplier network. Contact our export team for B2B procurement, technical specifications and export-ready quot',NOW(3),NOW(3)) ON DUPLICATE KEY UPDATE title=VALUES(title),slug=VALUES(slug),description=VALUES(description),alt=VALUES(alt),meta_title=VALUES(meta_title),meta_description=VALUES(meta_description),updated_at=NOW(3);
INSERT INTO product_i18n (product_id,locale,title,slug,description,alt,tags,specifications,meta_title,meta_description,created_at,updated_at) VALUES ('762ae3f5-7103-d379-67ff-802d307824e8','tr','TDU Savunma','tdu-savunma','<p>Sultan Defense''in doğrulanmış üretici ve tedarikçi ağının bir parçası. B2B tedarik, teknik şartname ve ihracata hazır teklifler için ihracat ekibimizle iletişime geçin.</p>','TDU Savunma','[]','{}','TDU Savunma — Sultan Defense','Sultan Defense''in doğrulanmış üretici ve tedarikçi ağının bir parçası. B2B tedarik, teknik şartname ve ihracata hazır teklifler için ihracat ekibimizle iletişim',NOW(3),NOW(3)) ON DUPLICATE KEY UPDATE title=VALUES(title),slug=VALUES(slug),description=VALUES(description),alt=VALUES(alt),meta_title=VALUES(meta_title),meta_description=VALUES(meta_description),updated_at=NOW(3);
INSERT INTO product_i18n (product_id,locale,title,slug,description,alt,tags,specifications,meta_title,meta_description,created_at,updated_at) VALUES ('762ae3f5-7103-d379-67ff-802d307824e8','de','TDU Savunma','tdu-savunma','<p>Teil des geprüften Hersteller- und Lieferantennetzwerks von Sultan Defense. Kontaktieren Sie unser Exportteam für B2B-Beschaffung, technische Spezifikationen und exportfertige Angebote.</p>','TDU Savunma','[]','{}','TDU Savunma — Sultan Defense','Teil des geprüften Hersteller- und Lieferantennetzwerks von Sultan Defense. Kontaktieren Sie unser Exportteam für B2B-Beschaffung, technische Spezifikationen un',NOW(3),NOW(3)) ON DUPLICATE KEY UPDATE title=VALUES(title),slug=VALUES(slug),description=VALUES(description),alt=VALUES(alt),meta_title=VALUES(meta_title),meta_description=VALUES(meta_description),updated_at=NOW(3);
INSERT INTO product_i18n (product_id,locale,title,slug,description,alt,tags,specifications,meta_title,meta_description,created_at,updated_at) VALUES ('762ae3f5-7103-d379-67ff-802d307824e8','ar','TDU Savunma','tdu-savunma','<p>جزء من شبكة الموردين والمصنّعين المعتمدة لدى Sultan Defense. تواصل مع فريق التصدير لدينا للحصول على التوريد B2B والمواصفات الفنية وعروض الأسعار الجاهزة للتصدير.</p>','TDU Savunma','[]','{}','TDU Savunma — Sultan Defense','جزء من شبكة الموردين والمصنّعين المعتمدة لدى Sultan Defense. تواصل مع فريق التصدير لدينا للحصول على التوريد B2B والمواصفات الفنية وعروض الأسعار الجاهزة للتصدير.',NOW(3),NOW(3)) ON DUPLICATE KEY UPDATE title=VALUES(title),slug=VALUES(slug),description=VALUES(description),alt=VALUES(alt),meta_title=VALUES(meta_title),meta_description=VALUES(meta_description),updated_at=NOW(3);
INSERT INTO product_i18n (product_id,locale,title,slug,description,alt,tags,specifications,meta_title,meta_description,created_at,updated_at) VALUES ('762ae3f5-7103-d379-67ff-802d307824e8','ru','TDU Savunma','tdu-savunma','<p>Часть проверенной сети производителей и поставщиков Sultan Defense. Свяжитесь с нашим экспортным отделом для B2B-закупок, технических характеристик и готовых к экспорту предложений.</p>','TDU Savunma','[]','{}','TDU Savunma — Sultan Defense','Часть проверенной сети производителей и поставщиков Sultan Defense. Свяжитесь с нашим экспортным отделом для B2B-закупок, технических характеристик и готовых к ',NOW(3),NOW(3)) ON DUPLICATE KEY UPDATE title=VALUES(title),slug=VALUES(slug),description=VALUES(description),alt=VALUES(alt),meta_title=VALUES(meta_title),meta_description=VALUES(meta_description),updated_at=NOW(3);

INSERT INTO storage_assets (id,name,bucket,path,folder,mime,size,url,provider,provider_public_id,provider_resource_type,provider_format,created_at,updated_at) VALUES ('c6913b3f-0e54-dacb-c30b-98bc7348d81b','transvaro-1.jpg','products','sultandefense/products/transvaro/transvaro-1.jpg','sultandefense/products/transvaro','image/jpeg',76507,'/media/sultandefense/products/transvaro/transvaro-1.jpg','local','sultandefense/products/transvaro/transvaro-1.jpg','image','jpg',NOW(3),NOW(3)) ON DUPLICATE KEY UPDATE url=VALUES(url),path=VALUES(path),size=VALUES(size),updated_at=NOW(3);
INSERT INTO storage_assets (id,name,bucket,path,folder,mime,size,url,provider,provider_public_id,provider_resource_type,provider_format,created_at,updated_at) VALUES ('f6afb7fd-e54e-c36c-22b9-ac3d8e827e7c','transvaro-2.jpg','products','sultandefense/products/transvaro/transvaro-2.jpg','sultandefense/products/transvaro','image/jpeg',18128,'/media/sultandefense/products/transvaro/transvaro-2.jpg','local','sultandefense/products/transvaro/transvaro-2.jpg','image','jpg',NOW(3),NOW(3)) ON DUPLICATE KEY UPDATE url=VALUES(url),path=VALUES(path),size=VALUES(size),updated_at=NOW(3);
INSERT INTO storage_assets (id,name,bucket,path,folder,mime,size,url,provider,provider_public_id,provider_resource_type,provider_format,created_at,updated_at) VALUES ('a043a43d-9844-3ce2-3843-286c8d7b3e27','transvaro-3.jpg','products','sultandefense/products/transvaro/transvaro-3.jpg','sultandefense/products/transvaro','image/jpeg',30656,'/media/sultandefense/products/transvaro/transvaro-3.jpg','local','sultandefense/products/transvaro/transvaro-3.jpg','image','jpg',NOW(3),NOW(3)) ON DUPLICATE KEY UPDATE url=VALUES(url),path=VALUES(path),size=VALUES(size),updated_at=NOW(3);
INSERT INTO storage_assets (id,name,bucket,path,folder,mime,size,url,provider,provider_public_id,provider_resource_type,provider_format,created_at,updated_at) VALUES ('f9f18f4b-bf16-2217-6dbb-606ee7ab15a4','transvaro-4.jpg','products','sultandefense/products/transvaro/transvaro-4.jpg','sultandefense/products/transvaro','image/jpeg',13689,'/media/sultandefense/products/transvaro/transvaro-4.jpg','local','sultandefense/products/transvaro/transvaro-4.jpg','image','jpg',NOW(3),NOW(3)) ON DUPLICATE KEY UPDATE url=VALUES(url),path=VALUES(path),size=VALUES(size),updated_at=NOW(3);
INSERT INTO storage_assets (id,name,bucket,path,folder,mime,size,url,provider,provider_public_id,provider_resource_type,provider_format,created_at,updated_at) VALUES ('b5690ba3-82f3-91e7-27c7-bd0d2aea7c0c','transvaro-5.jpg','products','sultandefense/products/transvaro/transvaro-5.jpg','sultandefense/products/transvaro','image/jpeg',20101,'/media/sultandefense/products/transvaro/transvaro-5.jpg','local','sultandefense/products/transvaro/transvaro-5.jpg','image','jpg',NOW(3),NOW(3)) ON DUPLICATE KEY UPDATE url=VALUES(url),path=VALUES(path),size=VALUES(size),updated_at=NOW(3);
INSERT INTO storage_assets (id,name,bucket,path,folder,mime,size,url,provider,provider_public_id,provider_resource_type,provider_format,created_at,updated_at) VALUES ('539779f1-c24c-5c8e-6f78-31843cdd9190','transvaro-6.jpg','products','sultandefense/products/transvaro/transvaro-6.jpg','sultandefense/products/transvaro','image/jpeg',20695,'/media/sultandefense/products/transvaro/transvaro-6.jpg','local','sultandefense/products/transvaro/transvaro-6.jpg','image','jpg',NOW(3),NOW(3)) ON DUPLICATE KEY UPDATE url=VALUES(url),path=VALUES(path),size=VALUES(size),updated_at=NOW(3);
INSERT INTO storage_assets (id,name,bucket,path,folder,mime,size,url,provider,provider_public_id,provider_resource_type,provider_format,created_at,updated_at) VALUES ('badca83c-7ec9-5c67-fa2a-3c95e88bf7a0','transvaro-7.jpg','products','sultandefense/products/transvaro/transvaro-7.jpg','sultandefense/products/transvaro','image/jpeg',39368,'/media/sultandefense/products/transvaro/transvaro-7.jpg','local','sultandefense/products/transvaro/transvaro-7.jpg','image','jpg',NOW(3),NOW(3)) ON DUPLICATE KEY UPDATE url=VALUES(url),path=VALUES(path),size=VALUES(size),updated_at=NOW(3);
INSERT INTO storage_assets (id,name,bucket,path,folder,mime,size,url,provider,provider_public_id,provider_resource_type,provider_format,created_at,updated_at) VALUES ('105cd313-6920-1c41-9728-a5efa00d9c76','transvaro-8.jpg','products','sultandefense/products/transvaro/transvaro-8.jpg','sultandefense/products/transvaro','image/jpeg',22134,'/media/sultandefense/products/transvaro/transvaro-8.jpg','local','sultandefense/products/transvaro/transvaro-8.jpg','image','jpg',NOW(3),NOW(3)) ON DUPLICATE KEY UPDATE url=VALUES(url),path=VALUES(path),size=VALUES(size),updated_at=NOW(3);
INSERT INTO storage_assets (id,name,bucket,path,folder,mime,size,url,provider,provider_public_id,provider_resource_type,provider_format,created_at,updated_at) VALUES ('5ab37108-f108-38c7-fe95-263c4e04b56a','transvaro-9.jpg','products','sultandefense/products/transvaro/transvaro-9.jpg','sultandefense/products/transvaro','image/jpeg',17221,'/media/sultandefense/products/transvaro/transvaro-9.jpg','local','sultandefense/products/transvaro/transvaro-9.jpg','image','jpg',NOW(3),NOW(3)) ON DUPLICATE KEY UPDATE url=VALUES(url),path=VALUES(path),size=VALUES(size),updated_at=NOW(3);
INSERT INTO storage_assets (id,name,bucket,path,folder,mime,size,url,provider,provider_public_id,provider_resource_type,provider_format,created_at,updated_at) VALUES ('49710736-938e-a515-1290-37da75ec39a9','transvaro-10.jpg','products','sultandefense/products/transvaro/transvaro-10.jpg','sultandefense/products/transvaro','image/jpeg',35986,'/media/sultandefense/products/transvaro/transvaro-10.jpg','local','sultandefense/products/transvaro/transvaro-10.jpg','image','jpg',NOW(3),NOW(3)) ON DUPLICATE KEY UPDATE url=VALUES(url),path=VALUES(path),size=VALUES(size),updated_at=NOW(3);
INSERT INTO storage_assets (id,name,bucket,path,folder,mime,size,url,provider,provider_public_id,provider_resource_type,provider_format,created_at,updated_at) VALUES ('901a0cf7-f40b-f664-45e6-9b0fd7727185','transvaro-11.jpg','products','sultandefense/products/transvaro/transvaro-11.jpg','sultandefense/products/transvaro','image/jpeg',49212,'/media/sultandefense/products/transvaro/transvaro-11.jpg','local','sultandefense/products/transvaro/transvaro-11.jpg','image','jpg',NOW(3),NOW(3)) ON DUPLICATE KEY UPDATE url=VALUES(url),path=VALUES(path),size=VALUES(size),updated_at=NOW(3);
INSERT INTO products (id,item_type,category_id,price,image_url,storage_asset_id,images,storage_image_ids,is_active,is_featured,order_num,created_at,updated_at) VALUES ('0ff94f5f-1615-0fb0-5181-7c7f5bd70ef4','sultandefense','cccc0008-4008-4008-8008-cccccccc0008',0,'/media/sultandefense/products/transvaro/transvaro-1.jpg','c6913b3f-0e54-dacb-c30b-98bc7348d81b','["/media/sultandefense/products/transvaro/transvaro-1.jpg","/media/sultandefense/products/transvaro/transvaro-2.jpg","/media/sultandefense/products/transvaro/transvaro-3.jpg","/media/sultandefense/products/transvaro/transvaro-4.jpg","/media/sultandefense/products/transvaro/transvaro-5.jpg","/media/sultandefense/products/transvaro/transvaro-6.jpg","/media/sultandefense/products/transvaro/transvaro-7.jpg","/media/sultandefense/products/transvaro/transvaro-8.jpg","/media/sultandefense/products/transvaro/transvaro-9.jpg","/media/sultandefense/products/transvaro/transvaro-10.jpg","/media/sultandefense/products/transvaro/transvaro-11.jpg"]','["c6913b3f-0e54-dacb-c30b-98bc7348d81b","f6afb7fd-e54e-c36c-22b9-ac3d8e827e7c","a043a43d-9844-3ce2-3843-286c8d7b3e27","f9f18f4b-bf16-2217-6dbb-606ee7ab15a4","b5690ba3-82f3-91e7-27c7-bd0d2aea7c0c","539779f1-c24c-5c8e-6f78-31843cdd9190","badca83c-7ec9-5c67-fa2a-3c95e88bf7a0","105cd313-6920-1c41-9728-a5efa00d9c76","5ab37108-f108-38c7-fe95-263c4e04b56a","49710736-938e-a515-1290-37da75ec39a9","901a0cf7-f40b-f664-45e6-9b0fd7727185"]',1,0,123,NOW(3),NOW(3)) ON DUPLICATE KEY UPDATE category_id=VALUES(category_id),image_url=VALUES(image_url),storage_asset_id=VALUES(storage_asset_id),images=VALUES(images),storage_image_ids=VALUES(storage_image_ids),is_active=1,updated_at=NOW(3);
INSERT INTO product_i18n (product_id,locale,title,slug,description,alt,tags,specifications,meta_title,meta_description,created_at,updated_at) VALUES ('0ff94f5f-1615-0fb0-5181-7c7f5bd70ef4','en','Transvaro','transvaro','<p>Part of Sultan Defense''s verified manufacturer and supplier network. Contact our export team for B2B procurement, technical specifications and export-ready quotations.</p>','Transvaro','[]','{}','Transvaro — Sultan Defense','Part of Sultan Defense''s verified manufacturer and supplier network. Contact our export team for B2B procurement, technical specifications and export-ready quot',NOW(3),NOW(3)) ON DUPLICATE KEY UPDATE title=VALUES(title),slug=VALUES(slug),description=VALUES(description),alt=VALUES(alt),meta_title=VALUES(meta_title),meta_description=VALUES(meta_description),updated_at=NOW(3);
INSERT INTO product_i18n (product_id,locale,title,slug,description,alt,tags,specifications,meta_title,meta_description,created_at,updated_at) VALUES ('0ff94f5f-1615-0fb0-5181-7c7f5bd70ef4','tr','Transvaro','transvaro','<p>Sultan Defense''in doğrulanmış üretici ve tedarikçi ağının bir parçası. B2B tedarik, teknik şartname ve ihracata hazır teklifler için ihracat ekibimizle iletişime geçin.</p>','Transvaro','[]','{}','Transvaro — Sultan Defense','Sultan Defense''in doğrulanmış üretici ve tedarikçi ağının bir parçası. B2B tedarik, teknik şartname ve ihracata hazır teklifler için ihracat ekibimizle iletişim',NOW(3),NOW(3)) ON DUPLICATE KEY UPDATE title=VALUES(title),slug=VALUES(slug),description=VALUES(description),alt=VALUES(alt),meta_title=VALUES(meta_title),meta_description=VALUES(meta_description),updated_at=NOW(3);
INSERT INTO product_i18n (product_id,locale,title,slug,description,alt,tags,specifications,meta_title,meta_description,created_at,updated_at) VALUES ('0ff94f5f-1615-0fb0-5181-7c7f5bd70ef4','de','Transvaro','transvaro','<p>Teil des geprüften Hersteller- und Lieferantennetzwerks von Sultan Defense. Kontaktieren Sie unser Exportteam für B2B-Beschaffung, technische Spezifikationen und exportfertige Angebote.</p>','Transvaro','[]','{}','Transvaro — Sultan Defense','Teil des geprüften Hersteller- und Lieferantennetzwerks von Sultan Defense. Kontaktieren Sie unser Exportteam für B2B-Beschaffung, technische Spezifikationen un',NOW(3),NOW(3)) ON DUPLICATE KEY UPDATE title=VALUES(title),slug=VALUES(slug),description=VALUES(description),alt=VALUES(alt),meta_title=VALUES(meta_title),meta_description=VALUES(meta_description),updated_at=NOW(3);
INSERT INTO product_i18n (product_id,locale,title,slug,description,alt,tags,specifications,meta_title,meta_description,created_at,updated_at) VALUES ('0ff94f5f-1615-0fb0-5181-7c7f5bd70ef4','ar','Transvaro','transvaro','<p>جزء من شبكة الموردين والمصنّعين المعتمدة لدى Sultan Defense. تواصل مع فريق التصدير لدينا للحصول على التوريد B2B والمواصفات الفنية وعروض الأسعار الجاهزة للتصدير.</p>','Transvaro','[]','{}','Transvaro — Sultan Defense','جزء من شبكة الموردين والمصنّعين المعتمدة لدى Sultan Defense. تواصل مع فريق التصدير لدينا للحصول على التوريد B2B والمواصفات الفنية وعروض الأسعار الجاهزة للتصدير.',NOW(3),NOW(3)) ON DUPLICATE KEY UPDATE title=VALUES(title),slug=VALUES(slug),description=VALUES(description),alt=VALUES(alt),meta_title=VALUES(meta_title),meta_description=VALUES(meta_description),updated_at=NOW(3);
INSERT INTO product_i18n (product_id,locale,title,slug,description,alt,tags,specifications,meta_title,meta_description,created_at,updated_at) VALUES ('0ff94f5f-1615-0fb0-5181-7c7f5bd70ef4','ru','Transvaro','transvaro','<p>Часть проверенной сети производителей и поставщиков Sultan Defense. Свяжитесь с нашим экспортным отделом для B2B-закупок, технических характеристик и готовых к экспорту предложений.</p>','Transvaro','[]','{}','Transvaro — Sultan Defense','Часть проверенной сети производителей и поставщиков Sultan Defense. Свяжитесь с нашим экспортным отделом для B2B-закупок, технических характеристик и готовых к ',NOW(3),NOW(3)) ON DUPLICATE KEY UPDATE title=VALUES(title),slug=VALUES(slug),description=VALUES(description),alt=VALUES(alt),meta_title=VALUES(meta_title),meta_description=VALUES(meta_description),updated_at=NOW(3);

INSERT INTO storage_assets (id,name,bucket,path,folder,mime,size,url,provider,provider_public_id,provider_resource_type,provider_format,created_at,updated_at) VALUES ('85484e0c-5d3f-4354-8b77-806d3866ff8c','fora-grup-savunma-1.jpg','products','sultandefense/products/fora-grup-savunma/fora-grup-savunma-1.jpg','sultandefense/products/fora-grup-savunma','image/jpeg',122190,'/media/sultandefense/products/fora-grup-savunma/fora-grup-savunma-1.jpg','local','sultandefense/products/fora-grup-savunma/fora-grup-savunma-1.jpg','image','jpg',NOW(3),NOW(3)) ON DUPLICATE KEY UPDATE url=VALUES(url),path=VALUES(path),size=VALUES(size),updated_at=NOW(3);
INSERT INTO storage_assets (id,name,bucket,path,folder,mime,size,url,provider,provider_public_id,provider_resource_type,provider_format,created_at,updated_at) VALUES ('1ae572c2-a736-565b-299b-b4dfecfe6351','fora-grup-savunma-2.jpg','products','sultandefense/products/fora-grup-savunma/fora-grup-savunma-2.jpg','sultandefense/products/fora-grup-savunma','image/jpeg',73130,'/media/sultandefense/products/fora-grup-savunma/fora-grup-savunma-2.jpg','local','sultandefense/products/fora-grup-savunma/fora-grup-savunma-2.jpg','image','jpg',NOW(3),NOW(3)) ON DUPLICATE KEY UPDATE url=VALUES(url),path=VALUES(path),size=VALUES(size),updated_at=NOW(3);
INSERT INTO storage_assets (id,name,bucket,path,folder,mime,size,url,provider,provider_public_id,provider_resource_type,provider_format,created_at,updated_at) VALUES ('cbea8ccf-cc73-b46b-321c-927f1739a0dc','fora-grup-savunma-3.jpg','products','sultandefense/products/fora-grup-savunma/fora-grup-savunma-3.jpg','sultandefense/products/fora-grup-savunma','image/jpeg',32615,'/media/sultandefense/products/fora-grup-savunma/fora-grup-savunma-3.jpg','local','sultandefense/products/fora-grup-savunma/fora-grup-savunma-3.jpg','image','jpg',NOW(3),NOW(3)) ON DUPLICATE KEY UPDATE url=VALUES(url),path=VALUES(path),size=VALUES(size),updated_at=NOW(3);
INSERT INTO products (id,item_type,category_id,price,image_url,storage_asset_id,images,storage_image_ids,is_active,is_featured,order_num,created_at,updated_at) VALUES ('76010b4c-f3b2-8132-a692-2c8a2045b521','sultandefense','cccc0009-4009-4009-8009-cccccccc0009',0,'/media/sultandefense/products/fora-grup-savunma/fora-grup-savunma-1.jpg','85484e0c-5d3f-4354-8b77-806d3866ff8c','["/media/sultandefense/products/fora-grup-savunma/fora-grup-savunma-1.jpg","/media/sultandefense/products/fora-grup-savunma/fora-grup-savunma-2.jpg","/media/sultandefense/products/fora-grup-savunma/fora-grup-savunma-3.jpg"]','["85484e0c-5d3f-4354-8b77-806d3866ff8c","1ae572c2-a736-565b-299b-b4dfecfe6351","cbea8ccf-cc73-b46b-321c-927f1739a0dc"]',1,0,124,NOW(3),NOW(3)) ON DUPLICATE KEY UPDATE category_id=VALUES(category_id),image_url=VALUES(image_url),storage_asset_id=VALUES(storage_asset_id),images=VALUES(images),storage_image_ids=VALUES(storage_image_ids),is_active=1,updated_at=NOW(3);
INSERT INTO product_i18n (product_id,locale,title,slug,description,alt,tags,specifications,meta_title,meta_description,created_at,updated_at) VALUES ('76010b4c-f3b2-8132-a692-2c8a2045b521','en','Fora Grup Savunma','fora-grup-savunma','<p>Part of Sultan Defense''s verified manufacturer and supplier network. Contact our export team for B2B procurement, technical specifications and export-ready quotations.</p>','Fora Grup Savunma','[]','{}','Fora Grup Savunma — Sultan Defense','Part of Sultan Defense''s verified manufacturer and supplier network. Contact our export team for B2B procurement, technical specifications and export-ready quot',NOW(3),NOW(3)) ON DUPLICATE KEY UPDATE title=VALUES(title),slug=VALUES(slug),description=VALUES(description),alt=VALUES(alt),meta_title=VALUES(meta_title),meta_description=VALUES(meta_description),updated_at=NOW(3);
INSERT INTO product_i18n (product_id,locale,title,slug,description,alt,tags,specifications,meta_title,meta_description,created_at,updated_at) VALUES ('76010b4c-f3b2-8132-a692-2c8a2045b521','tr','Fora Grup Savunma','fora-grup-savunma','<p>Sultan Defense''in doğrulanmış üretici ve tedarikçi ağının bir parçası. B2B tedarik, teknik şartname ve ihracata hazır teklifler için ihracat ekibimizle iletişime geçin.</p>','Fora Grup Savunma','[]','{}','Fora Grup Savunma — Sultan Defense','Sultan Defense''in doğrulanmış üretici ve tedarikçi ağının bir parçası. B2B tedarik, teknik şartname ve ihracata hazır teklifler için ihracat ekibimizle iletişim',NOW(3),NOW(3)) ON DUPLICATE KEY UPDATE title=VALUES(title),slug=VALUES(slug),description=VALUES(description),alt=VALUES(alt),meta_title=VALUES(meta_title),meta_description=VALUES(meta_description),updated_at=NOW(3);
INSERT INTO product_i18n (product_id,locale,title,slug,description,alt,tags,specifications,meta_title,meta_description,created_at,updated_at) VALUES ('76010b4c-f3b2-8132-a692-2c8a2045b521','de','Fora Grup Savunma','fora-grup-savunma','<p>Teil des geprüften Hersteller- und Lieferantennetzwerks von Sultan Defense. Kontaktieren Sie unser Exportteam für B2B-Beschaffung, technische Spezifikationen und exportfertige Angebote.</p>','Fora Grup Savunma','[]','{}','Fora Grup Savunma — Sultan Defense','Teil des geprüften Hersteller- und Lieferantennetzwerks von Sultan Defense. Kontaktieren Sie unser Exportteam für B2B-Beschaffung, technische Spezifikationen un',NOW(3),NOW(3)) ON DUPLICATE KEY UPDATE title=VALUES(title),slug=VALUES(slug),description=VALUES(description),alt=VALUES(alt),meta_title=VALUES(meta_title),meta_description=VALUES(meta_description),updated_at=NOW(3);
INSERT INTO product_i18n (product_id,locale,title,slug,description,alt,tags,specifications,meta_title,meta_description,created_at,updated_at) VALUES ('76010b4c-f3b2-8132-a692-2c8a2045b521','ar','Fora Grup Savunma','fora-grup-savunma','<p>جزء من شبكة الموردين والمصنّعين المعتمدة لدى Sultan Defense. تواصل مع فريق التصدير لدينا للحصول على التوريد B2B والمواصفات الفنية وعروض الأسعار الجاهزة للتصدير.</p>','Fora Grup Savunma','[]','{}','Fora Grup Savunma — Sultan Defense','جزء من شبكة الموردين والمصنّعين المعتمدة لدى Sultan Defense. تواصل مع فريق التصدير لدينا للحصول على التوريد B2B والمواصفات الفنية وعروض الأسعار الجاهزة للتصدير.',NOW(3),NOW(3)) ON DUPLICATE KEY UPDATE title=VALUES(title),slug=VALUES(slug),description=VALUES(description),alt=VALUES(alt),meta_title=VALUES(meta_title),meta_description=VALUES(meta_description),updated_at=NOW(3);
INSERT INTO product_i18n (product_id,locale,title,slug,description,alt,tags,specifications,meta_title,meta_description,created_at,updated_at) VALUES ('76010b4c-f3b2-8132-a692-2c8a2045b521','ru','Fora Grup Savunma','fora-grup-savunma','<p>Часть проверенной сети производителей и поставщиков Sultan Defense. Свяжитесь с нашим экспортным отделом для B2B-закупок, технических характеристик и готовых к экспорту предложений.</p>','Fora Grup Savunma','[]','{}','Fora Grup Savunma — Sultan Defense','Часть проверенной сети производителей и поставщиков Sultan Defense. Свяжитесь с нашим экспортным отделом для B2B-закупок, технических характеристик и готовых к ',NOW(3),NOW(3)) ON DUPLICATE KEY UPDATE title=VALUES(title),slug=VALUES(slug),description=VALUES(description),alt=VALUES(alt),meta_title=VALUES(meta_title),meta_description=VALUES(meta_description),updated_at=NOW(3);

INSERT INTO storage_assets (id,name,bucket,path,folder,mime,size,url,provider,provider_public_id,provider_resource_type,provider_format,created_at,updated_at) VALUES ('6e11ce62-be8c-d857-6cfe-3522f5f65e4f','raff-military-textile-1.jpg','products','sultandefense/products/raff-military-textile/raff-military-textile-1.jpg','sultandefense/products/raff-military-textile','image/jpeg',184655,'/media/sultandefense/products/raff-military-textile/raff-military-textile-1.jpg','local','sultandefense/products/raff-military-textile/raff-military-textile-1.jpg','image','jpg',NOW(3),NOW(3)) ON DUPLICATE KEY UPDATE url=VALUES(url),path=VALUES(path),size=VALUES(size),updated_at=NOW(3);
INSERT INTO storage_assets (id,name,bucket,path,folder,mime,size,url,provider,provider_public_id,provider_resource_type,provider_format,created_at,updated_at) VALUES ('b5b81cc2-e3af-e883-4b2c-c8088a292c6d','raff-military-textile-2.jpg','products','sultandefense/products/raff-military-textile/raff-military-textile-2.jpg','sultandefense/products/raff-military-textile','image/jpeg',46600,'/media/sultandefense/products/raff-military-textile/raff-military-textile-2.jpg','local','sultandefense/products/raff-military-textile/raff-military-textile-2.jpg','image','jpg',NOW(3),NOW(3)) ON DUPLICATE KEY UPDATE url=VALUES(url),path=VALUES(path),size=VALUES(size),updated_at=NOW(3);
INSERT INTO storage_assets (id,name,bucket,path,folder,mime,size,url,provider,provider_public_id,provider_resource_type,provider_format,created_at,updated_at) VALUES ('b0234a1d-85ea-7b77-7945-5664c36c77b0','raff-military-textile-3.jpg','products','sultandefense/products/raff-military-textile/raff-military-textile-3.jpg','sultandefense/products/raff-military-textile','image/jpeg',50695,'/media/sultandefense/products/raff-military-textile/raff-military-textile-3.jpg','local','sultandefense/products/raff-military-textile/raff-military-textile-3.jpg','image','jpg',NOW(3),NOW(3)) ON DUPLICATE KEY UPDATE url=VALUES(url),path=VALUES(path),size=VALUES(size),updated_at=NOW(3);
INSERT INTO storage_assets (id,name,bucket,path,folder,mime,size,url,provider,provider_public_id,provider_resource_type,provider_format,created_at,updated_at) VALUES ('7981eb7c-762e-4a4e-a64f-ad47cbe63125','raff-military-textile-4.jpg','products','sultandefense/products/raff-military-textile/raff-military-textile-4.jpg','sultandefense/products/raff-military-textile','image/jpeg',12384,'/media/sultandefense/products/raff-military-textile/raff-military-textile-4.jpg','local','sultandefense/products/raff-military-textile/raff-military-textile-4.jpg','image','jpg',NOW(3),NOW(3)) ON DUPLICATE KEY UPDATE url=VALUES(url),path=VALUES(path),size=VALUES(size),updated_at=NOW(3);
INSERT INTO storage_assets (id,name,bucket,path,folder,mime,size,url,provider,provider_public_id,provider_resource_type,provider_format,created_at,updated_at) VALUES ('bc1fba88-b755-2cc3-9b58-e0ecaa86efee','raff-military-textile-5.jpg','products','sultandefense/products/raff-military-textile/raff-military-textile-5.jpg','sultandefense/products/raff-military-textile','image/jpeg',14157,'/media/sultandefense/products/raff-military-textile/raff-military-textile-5.jpg','local','sultandefense/products/raff-military-textile/raff-military-textile-5.jpg','image','jpg',NOW(3),NOW(3)) ON DUPLICATE KEY UPDATE url=VALUES(url),path=VALUES(path),size=VALUES(size),updated_at=NOW(3);
INSERT INTO storage_assets (id,name,bucket,path,folder,mime,size,url,provider,provider_public_id,provider_resource_type,provider_format,created_at,updated_at) VALUES ('d2d9a4ed-7922-868b-de24-ffcec5e7118f','raff-military-textile-6.jpg','products','sultandefense/products/raff-military-textile/raff-military-textile-6.jpg','sultandefense/products/raff-military-textile','image/jpeg',34515,'/media/sultandefense/products/raff-military-textile/raff-military-textile-6.jpg','local','sultandefense/products/raff-military-textile/raff-military-textile-6.jpg','image','jpg',NOW(3),NOW(3)) ON DUPLICATE KEY UPDATE url=VALUES(url),path=VALUES(path),size=VALUES(size),updated_at=NOW(3);
INSERT INTO storage_assets (id,name,bucket,path,folder,mime,size,url,provider,provider_public_id,provider_resource_type,provider_format,created_at,updated_at) VALUES ('22510f53-d3e1-fbcf-c0fd-b5793b238fb7','raff-military-textile-7.jpg','products','sultandefense/products/raff-military-textile/raff-military-textile-7.jpg','sultandefense/products/raff-military-textile','image/jpeg',8594,'/media/sultandefense/products/raff-military-textile/raff-military-textile-7.jpg','local','sultandefense/products/raff-military-textile/raff-military-textile-7.jpg','image','jpg',NOW(3),NOW(3)) ON DUPLICATE KEY UPDATE url=VALUES(url),path=VALUES(path),size=VALUES(size),updated_at=NOW(3);
INSERT INTO storage_assets (id,name,bucket,path,folder,mime,size,url,provider,provider_public_id,provider_resource_type,provider_format,created_at,updated_at) VALUES ('6dcf126c-110a-9ddf-06c7-c0edb605d9d5','raff-military-textile-8.jpg','products','sultandefense/products/raff-military-textile/raff-military-textile-8.jpg','sultandefense/products/raff-military-textile','image/jpeg',21712,'/media/sultandefense/products/raff-military-textile/raff-military-textile-8.jpg','local','sultandefense/products/raff-military-textile/raff-military-textile-8.jpg','image','jpg',NOW(3),NOW(3)) ON DUPLICATE KEY UPDATE url=VALUES(url),path=VALUES(path),size=VALUES(size),updated_at=NOW(3);
INSERT INTO storage_assets (id,name,bucket,path,folder,mime,size,url,provider,provider_public_id,provider_resource_type,provider_format,created_at,updated_at) VALUES ('ee8ea29e-5a13-7e02-6e81-c867fdc25f37','raff-military-textile-9.jpg','products','sultandefense/products/raff-military-textile/raff-military-textile-9.jpg','sultandefense/products/raff-military-textile','image/jpeg',19195,'/media/sultandefense/products/raff-military-textile/raff-military-textile-9.jpg','local','sultandefense/products/raff-military-textile/raff-military-textile-9.jpg','image','jpg',NOW(3),NOW(3)) ON DUPLICATE KEY UPDATE url=VALUES(url),path=VALUES(path),size=VALUES(size),updated_at=NOW(3);
INSERT INTO storage_assets (id,name,bucket,path,folder,mime,size,url,provider,provider_public_id,provider_resource_type,provider_format,created_at,updated_at) VALUES ('fb753428-ae5f-558e-7cbd-2d8a2bf0c74f','raff-military-textile-10.jpg','products','sultandefense/products/raff-military-textile/raff-military-textile-10.jpg','sultandefense/products/raff-military-textile','image/jpeg',24959,'/media/sultandefense/products/raff-military-textile/raff-military-textile-10.jpg','local','sultandefense/products/raff-military-textile/raff-military-textile-10.jpg','image','jpg',NOW(3),NOW(3)) ON DUPLICATE KEY UPDATE url=VALUES(url),path=VALUES(path),size=VALUES(size),updated_at=NOW(3);
INSERT INTO storage_assets (id,name,bucket,path,folder,mime,size,url,provider,provider_public_id,provider_resource_type,provider_format,created_at,updated_at) VALUES ('f95428f5-dd21-70cc-c53e-6eae26f814c7','raff-military-textile-11.jpg','products','sultandefense/products/raff-military-textile/raff-military-textile-11.jpg','sultandefense/products/raff-military-textile','image/jpeg',16280,'/media/sultandefense/products/raff-military-textile/raff-military-textile-11.jpg','local','sultandefense/products/raff-military-textile/raff-military-textile-11.jpg','image','jpg',NOW(3),NOW(3)) ON DUPLICATE KEY UPDATE url=VALUES(url),path=VALUES(path),size=VALUES(size),updated_at=NOW(3);
INSERT INTO products (id,item_type,category_id,price,image_url,storage_asset_id,images,storage_image_ids,is_active,is_featured,order_num,created_at,updated_at) VALUES ('4bc3bd1c-5376-5c12-6e52-3988860c6e87','sultandefense','cccc0009-4009-4009-8009-cccccccc0009',0,'/media/sultandefense/products/raff-military-textile/raff-military-textile-1.jpg','6e11ce62-be8c-d857-6cfe-3522f5f65e4f','["/media/sultandefense/products/raff-military-textile/raff-military-textile-1.jpg","/media/sultandefense/products/raff-military-textile/raff-military-textile-2.jpg","/media/sultandefense/products/raff-military-textile/raff-military-textile-3.jpg","/media/sultandefense/products/raff-military-textile/raff-military-textile-4.jpg","/media/sultandefense/products/raff-military-textile/raff-military-textile-5.jpg","/media/sultandefense/products/raff-military-textile/raff-military-textile-6.jpg","/media/sultandefense/products/raff-military-textile/raff-military-textile-7.jpg","/media/sultandefense/products/raff-military-textile/raff-military-textile-8.jpg","/media/sultandefense/products/raff-military-textile/raff-military-textile-9.jpg","/media/sultandefense/products/raff-military-textile/raff-military-textile-10.jpg","/media/sultandefense/products/raff-military-textile/raff-military-textile-11.jpg"]','["6e11ce62-be8c-d857-6cfe-3522f5f65e4f","b5b81cc2-e3af-e883-4b2c-c8088a292c6d","b0234a1d-85ea-7b77-7945-5664c36c77b0","7981eb7c-762e-4a4e-a64f-ad47cbe63125","bc1fba88-b755-2cc3-9b58-e0ecaa86efee","d2d9a4ed-7922-868b-de24-ffcec5e7118f","22510f53-d3e1-fbcf-c0fd-b5793b238fb7","6dcf126c-110a-9ddf-06c7-c0edb605d9d5","ee8ea29e-5a13-7e02-6e81-c867fdc25f37","fb753428-ae5f-558e-7cbd-2d8a2bf0c74f","f95428f5-dd21-70cc-c53e-6eae26f814c7"]',1,0,125,NOW(3),NOW(3)) ON DUPLICATE KEY UPDATE category_id=VALUES(category_id),image_url=VALUES(image_url),storage_asset_id=VALUES(storage_asset_id),images=VALUES(images),storage_image_ids=VALUES(storage_image_ids),is_active=1,updated_at=NOW(3);
INSERT INTO product_i18n (product_id,locale,title,slug,description,alt,tags,specifications,meta_title,meta_description,created_at,updated_at) VALUES ('4bc3bd1c-5376-5c12-6e52-3988860c6e87','en','Raff Military Textile','raff-military-textile','<p>Part of Sultan Defense''s verified manufacturer and supplier network. Contact our export team for B2B procurement, technical specifications and export-ready quotations.</p>','Raff Military Textile','[]','{}','Raff Military Textile — Sultan Defense','Part of Sultan Defense''s verified manufacturer and supplier network. Contact our export team for B2B procurement, technical specifications and export-ready quot',NOW(3),NOW(3)) ON DUPLICATE KEY UPDATE title=VALUES(title),slug=VALUES(slug),description=VALUES(description),alt=VALUES(alt),meta_title=VALUES(meta_title),meta_description=VALUES(meta_description),updated_at=NOW(3);
INSERT INTO product_i18n (product_id,locale,title,slug,description,alt,tags,specifications,meta_title,meta_description,created_at,updated_at) VALUES ('4bc3bd1c-5376-5c12-6e52-3988860c6e87','tr','Raff Military Textile','raff-military-textile','<p>Sultan Defense''in doğrulanmış üretici ve tedarikçi ağının bir parçası. B2B tedarik, teknik şartname ve ihracata hazır teklifler için ihracat ekibimizle iletişime geçin.</p>','Raff Military Textile','[]','{}','Raff Military Textile — Sultan Defense','Sultan Defense''in doğrulanmış üretici ve tedarikçi ağının bir parçası. B2B tedarik, teknik şartname ve ihracata hazır teklifler için ihracat ekibimizle iletişim',NOW(3),NOW(3)) ON DUPLICATE KEY UPDATE title=VALUES(title),slug=VALUES(slug),description=VALUES(description),alt=VALUES(alt),meta_title=VALUES(meta_title),meta_description=VALUES(meta_description),updated_at=NOW(3);
INSERT INTO product_i18n (product_id,locale,title,slug,description,alt,tags,specifications,meta_title,meta_description,created_at,updated_at) VALUES ('4bc3bd1c-5376-5c12-6e52-3988860c6e87','de','Raff Military Textile','raff-military-textile','<p>Teil des geprüften Hersteller- und Lieferantennetzwerks von Sultan Defense. Kontaktieren Sie unser Exportteam für B2B-Beschaffung, technische Spezifikationen und exportfertige Angebote.</p>','Raff Military Textile','[]','{}','Raff Military Textile — Sultan Defense','Teil des geprüften Hersteller- und Lieferantennetzwerks von Sultan Defense. Kontaktieren Sie unser Exportteam für B2B-Beschaffung, technische Spezifikationen un',NOW(3),NOW(3)) ON DUPLICATE KEY UPDATE title=VALUES(title),slug=VALUES(slug),description=VALUES(description),alt=VALUES(alt),meta_title=VALUES(meta_title),meta_description=VALUES(meta_description),updated_at=NOW(3);
INSERT INTO product_i18n (product_id,locale,title,slug,description,alt,tags,specifications,meta_title,meta_description,created_at,updated_at) VALUES ('4bc3bd1c-5376-5c12-6e52-3988860c6e87','ar','Raff Military Textile','raff-military-textile','<p>جزء من شبكة الموردين والمصنّعين المعتمدة لدى Sultan Defense. تواصل مع فريق التصدير لدينا للحصول على التوريد B2B والمواصفات الفنية وعروض الأسعار الجاهزة للتصدير.</p>','Raff Military Textile','[]','{}','Raff Military Textile — Sultan Defense','جزء من شبكة الموردين والمصنّعين المعتمدة لدى Sultan Defense. تواصل مع فريق التصدير لدينا للحصول على التوريد B2B والمواصفات الفنية وعروض الأسعار الجاهزة للتصدير.',NOW(3),NOW(3)) ON DUPLICATE KEY UPDATE title=VALUES(title),slug=VALUES(slug),description=VALUES(description),alt=VALUES(alt),meta_title=VALUES(meta_title),meta_description=VALUES(meta_description),updated_at=NOW(3);
INSERT INTO product_i18n (product_id,locale,title,slug,description,alt,tags,specifications,meta_title,meta_description,created_at,updated_at) VALUES ('4bc3bd1c-5376-5c12-6e52-3988860c6e87','ru','Raff Military Textile','raff-military-textile','<p>Часть проверенной сети производителей и поставщиков Sultan Defense. Свяжитесь с нашим экспортным отделом для B2B-закупок, технических характеристик и готовых к экспорту предложений.</p>','Raff Military Textile','[]','{}','Raff Military Textile — Sultan Defense','Часть проверенной сети производителей и поставщиков Sultan Defense. Свяжитесь с нашим экспортным отделом для B2B-закупок, технических характеристик и готовых к ',NOW(3),NOW(3)) ON DUPLICATE KEY UPDATE title=VALUES(title),slug=VALUES(slug),description=VALUES(description),alt=VALUES(alt),meta_title=VALUES(meta_title),meta_description=VALUES(meta_description),updated_at=NOW(3);

INSERT INTO storage_assets (id,name,bucket,path,folder,mime,size,url,provider,provider_public_id,provider_resource_type,provider_format,created_at,updated_at) VALUES ('025c045c-5222-64b3-3925-56d550217fac','teknik-tekstil-konfeksiyon-a-s-1.jpg','products','sultandefense/products/teknik-tekstil-konfeksiyon-a-s/teknik-tekstil-konfeksiyon-a-s-1.jpg','sultandefense/products/teknik-tekstil-konfeksiyon-a-s','image/jpeg',38492,'/media/sultandefense/products/teknik-tekstil-konfeksiyon-a-s/teknik-tekstil-konfeksiyon-a-s-1.jpg','local','sultandefense/products/teknik-tekstil-konfeksiyon-a-s/teknik-tekstil-konfeksiyon-a-s-1.jpg','image','jpg',NOW(3),NOW(3)) ON DUPLICATE KEY UPDATE url=VALUES(url),path=VALUES(path),size=VALUES(size),updated_at=NOW(3);
INSERT INTO storage_assets (id,name,bucket,path,folder,mime,size,url,provider,provider_public_id,provider_resource_type,provider_format,created_at,updated_at) VALUES ('368aab95-7e5a-6320-fcfd-bf51a51563a9','teknik-tekstil-konfeksiyon-a-s-2.jpg','products','sultandefense/products/teknik-tekstil-konfeksiyon-a-s/teknik-tekstil-konfeksiyon-a-s-2.jpg','sultandefense/products/teknik-tekstil-konfeksiyon-a-s','image/jpeg',19692,'/media/sultandefense/products/teknik-tekstil-konfeksiyon-a-s/teknik-tekstil-konfeksiyon-a-s-2.jpg','local','sultandefense/products/teknik-tekstil-konfeksiyon-a-s/teknik-tekstil-konfeksiyon-a-s-2.jpg','image','jpg',NOW(3),NOW(3)) ON DUPLICATE KEY UPDATE url=VALUES(url),path=VALUES(path),size=VALUES(size),updated_at=NOW(3);
INSERT INTO storage_assets (id,name,bucket,path,folder,mime,size,url,provider,provider_public_id,provider_resource_type,provider_format,created_at,updated_at) VALUES ('cbc6dc13-e5ab-0f83-5064-fa74a467a060','teknik-tekstil-konfeksiyon-a-s-3.jpg','products','sultandefense/products/teknik-tekstil-konfeksiyon-a-s/teknik-tekstil-konfeksiyon-a-s-3.jpg','sultandefense/products/teknik-tekstil-konfeksiyon-a-s','image/jpeg',23025,'/media/sultandefense/products/teknik-tekstil-konfeksiyon-a-s/teknik-tekstil-konfeksiyon-a-s-3.jpg','local','sultandefense/products/teknik-tekstil-konfeksiyon-a-s/teknik-tekstil-konfeksiyon-a-s-3.jpg','image','jpg',NOW(3),NOW(3)) ON DUPLICATE KEY UPDATE url=VALUES(url),path=VALUES(path),size=VALUES(size),updated_at=NOW(3);
INSERT INTO products (id,item_type,category_id,price,image_url,storage_asset_id,images,storage_image_ids,is_active,is_featured,order_num,created_at,updated_at) VALUES ('f5b0cbf4-9c2c-5667-8949-f3fd80492e58','sultandefense','cccc0009-4009-4009-8009-cccccccc0009',0,'/media/sultandefense/products/teknik-tekstil-konfeksiyon-a-s/teknik-tekstil-konfeksiyon-a-s-1.jpg','025c045c-5222-64b3-3925-56d550217fac','["/media/sultandefense/products/teknik-tekstil-konfeksiyon-a-s/teknik-tekstil-konfeksiyon-a-s-1.jpg","/media/sultandefense/products/teknik-tekstil-konfeksiyon-a-s/teknik-tekstil-konfeksiyon-a-s-2.jpg","/media/sultandefense/products/teknik-tekstil-konfeksiyon-a-s/teknik-tekstil-konfeksiyon-a-s-3.jpg"]','["025c045c-5222-64b3-3925-56d550217fac","368aab95-7e5a-6320-fcfd-bf51a51563a9","cbc6dc13-e5ab-0f83-5064-fa74a467a060"]',1,0,126,NOW(3),NOW(3)) ON DUPLICATE KEY UPDATE category_id=VALUES(category_id),image_url=VALUES(image_url),storage_asset_id=VALUES(storage_asset_id),images=VALUES(images),storage_image_ids=VALUES(storage_image_ids),is_active=1,updated_at=NOW(3);
INSERT INTO product_i18n (product_id,locale,title,slug,description,alt,tags,specifications,meta_title,meta_description,created_at,updated_at) VALUES ('f5b0cbf4-9c2c-5667-8949-f3fd80492e58','en','Teknik Tekstil Konfeksiyon A S','teknik-tekstil-konfeksiyon-a-s','<p>Part of Sultan Defense''s verified manufacturer and supplier network. Contact our export team for B2B procurement, technical specifications and export-ready quotations.</p>','Teknik Tekstil Konfeksiyon A S','[]','{}','Teknik Tekstil Konfeksiyon A S — Sultan Defense','Part of Sultan Defense''s verified manufacturer and supplier network. Contact our export team for B2B procurement, technical specifications and export-ready quot',NOW(3),NOW(3)) ON DUPLICATE KEY UPDATE title=VALUES(title),slug=VALUES(slug),description=VALUES(description),alt=VALUES(alt),meta_title=VALUES(meta_title),meta_description=VALUES(meta_description),updated_at=NOW(3);
INSERT INTO product_i18n (product_id,locale,title,slug,description,alt,tags,specifications,meta_title,meta_description,created_at,updated_at) VALUES ('f5b0cbf4-9c2c-5667-8949-f3fd80492e58','tr','Teknik Tekstil Konfeksiyon A S','teknik-tekstil-konfeksiyon-a-s','<p>Sultan Defense''in doğrulanmış üretici ve tedarikçi ağının bir parçası. B2B tedarik, teknik şartname ve ihracata hazır teklifler için ihracat ekibimizle iletişime geçin.</p>','Teknik Tekstil Konfeksiyon A S','[]','{}','Teknik Tekstil Konfeksiyon A S — Sultan Defense','Sultan Defense''in doğrulanmış üretici ve tedarikçi ağının bir parçası. B2B tedarik, teknik şartname ve ihracata hazır teklifler için ihracat ekibimizle iletişim',NOW(3),NOW(3)) ON DUPLICATE KEY UPDATE title=VALUES(title),slug=VALUES(slug),description=VALUES(description),alt=VALUES(alt),meta_title=VALUES(meta_title),meta_description=VALUES(meta_description),updated_at=NOW(3);
INSERT INTO product_i18n (product_id,locale,title,slug,description,alt,tags,specifications,meta_title,meta_description,created_at,updated_at) VALUES ('f5b0cbf4-9c2c-5667-8949-f3fd80492e58','de','Teknik Tekstil Konfeksiyon A S','teknik-tekstil-konfeksiyon-a-s','<p>Teil des geprüften Hersteller- und Lieferantennetzwerks von Sultan Defense. Kontaktieren Sie unser Exportteam für B2B-Beschaffung, technische Spezifikationen und exportfertige Angebote.</p>','Teknik Tekstil Konfeksiyon A S','[]','{}','Teknik Tekstil Konfeksiyon A S — Sultan Defense','Teil des geprüften Hersteller- und Lieferantennetzwerks von Sultan Defense. Kontaktieren Sie unser Exportteam für B2B-Beschaffung, technische Spezifikationen un',NOW(3),NOW(3)) ON DUPLICATE KEY UPDATE title=VALUES(title),slug=VALUES(slug),description=VALUES(description),alt=VALUES(alt),meta_title=VALUES(meta_title),meta_description=VALUES(meta_description),updated_at=NOW(3);
INSERT INTO product_i18n (product_id,locale,title,slug,description,alt,tags,specifications,meta_title,meta_description,created_at,updated_at) VALUES ('f5b0cbf4-9c2c-5667-8949-f3fd80492e58','ar','Teknik Tekstil Konfeksiyon A S','teknik-tekstil-konfeksiyon-a-s','<p>جزء من شبكة الموردين والمصنّعين المعتمدة لدى Sultan Defense. تواصل مع فريق التصدير لدينا للحصول على التوريد B2B والمواصفات الفنية وعروض الأسعار الجاهزة للتصدير.</p>','Teknik Tekstil Konfeksiyon A S','[]','{}','Teknik Tekstil Konfeksiyon A S — Sultan Defense','جزء من شبكة الموردين والمصنّعين المعتمدة لدى Sultan Defense. تواصل مع فريق التصدير لدينا للحصول على التوريد B2B والمواصفات الفنية وعروض الأسعار الجاهزة للتصدير.',NOW(3),NOW(3)) ON DUPLICATE KEY UPDATE title=VALUES(title),slug=VALUES(slug),description=VALUES(description),alt=VALUES(alt),meta_title=VALUES(meta_title),meta_description=VALUES(meta_description),updated_at=NOW(3);
INSERT INTO product_i18n (product_id,locale,title,slug,description,alt,tags,specifications,meta_title,meta_description,created_at,updated_at) VALUES ('f5b0cbf4-9c2c-5667-8949-f3fd80492e58','ru','Teknik Tekstil Konfeksiyon A S','teknik-tekstil-konfeksiyon-a-s','<p>Часть проверенной сети производителей и поставщиков Sultan Defense. Свяжитесь с нашим экспортным отделом для B2B-закупок, технических характеристик и готовых к экспорту предложений.</p>','Teknik Tekstil Konfeksiyon A S','[]','{}','Teknik Tekstil Konfeksiyon A S — Sultan Defense','Часть проверенной сети производителей и поставщиков Sultan Defense. Свяжитесь с нашим экспортным отделом для B2B-закупок, технических характеристик и готовых к ',NOW(3),NOW(3)) ON DUPLICATE KEY UPDATE title=VALUES(title),slug=VALUES(slug),description=VALUES(description),alt=VALUES(alt),meta_title=VALUES(meta_title),meta_description=VALUES(meta_description),updated_at=NOW(3);

INSERT INTO storage_assets (id,name,bucket,path,folder,mime,size,url,provider,provider_public_id,provider_resource_type,provider_format,created_at,updated_at) VALUES ('47be2ad1-61ed-a275-5aa9-3ae1c75e22ba','vaneda-1.jpg','products','sultandefense/products/vaneda/vaneda-1.jpg','sultandefense/products/vaneda','image/jpeg',91767,'/media/sultandefense/products/vaneda/vaneda-1.jpg','local','sultandefense/products/vaneda/vaneda-1.jpg','image','jpg',NOW(3),NOW(3)) ON DUPLICATE KEY UPDATE url=VALUES(url),path=VALUES(path),size=VALUES(size),updated_at=NOW(3);
INSERT INTO storage_assets (id,name,bucket,path,folder,mime,size,url,provider,provider_public_id,provider_resource_type,provider_format,created_at,updated_at) VALUES ('3d9d275c-3590-044d-5731-d1ebb4c650c6','vaneda-2.jpg','products','sultandefense/products/vaneda/vaneda-2.jpg','sultandefense/products/vaneda','image/jpeg',31469,'/media/sultandefense/products/vaneda/vaneda-2.jpg','local','sultandefense/products/vaneda/vaneda-2.jpg','image','jpg',NOW(3),NOW(3)) ON DUPLICATE KEY UPDATE url=VALUES(url),path=VALUES(path),size=VALUES(size),updated_at=NOW(3);
INSERT INTO storage_assets (id,name,bucket,path,folder,mime,size,url,provider,provider_public_id,provider_resource_type,provider_format,created_at,updated_at) VALUES ('54ba3e34-23f1-804f-1f23-56fba16829f9','vaneda-3.jpg','products','sultandefense/products/vaneda/vaneda-3.jpg','sultandefense/products/vaneda','image/jpeg',24305,'/media/sultandefense/products/vaneda/vaneda-3.jpg','local','sultandefense/products/vaneda/vaneda-3.jpg','image','jpg',NOW(3),NOW(3)) ON DUPLICATE KEY UPDATE url=VALUES(url),path=VALUES(path),size=VALUES(size),updated_at=NOW(3);
INSERT INTO products (id,item_type,category_id,price,image_url,storage_asset_id,images,storage_image_ids,is_active,is_featured,order_num,created_at,updated_at) VALUES ('a560ac55-e2f1-04d6-3919-b95fafda2ebe','sultandefense','cccc0009-4009-4009-8009-cccccccc0009',0,'/media/sultandefense/products/vaneda/vaneda-1.jpg','47be2ad1-61ed-a275-5aa9-3ae1c75e22ba','["/media/sultandefense/products/vaneda/vaneda-1.jpg","/media/sultandefense/products/vaneda/vaneda-2.jpg","/media/sultandefense/products/vaneda/vaneda-3.jpg"]','["47be2ad1-61ed-a275-5aa9-3ae1c75e22ba","3d9d275c-3590-044d-5731-d1ebb4c650c6","54ba3e34-23f1-804f-1f23-56fba16829f9"]',1,0,127,NOW(3),NOW(3)) ON DUPLICATE KEY UPDATE category_id=VALUES(category_id),image_url=VALUES(image_url),storage_asset_id=VALUES(storage_asset_id),images=VALUES(images),storage_image_ids=VALUES(storage_image_ids),is_active=1,updated_at=NOW(3);
INSERT INTO product_i18n (product_id,locale,title,slug,description,alt,tags,specifications,meta_title,meta_description,created_at,updated_at) VALUES ('a560ac55-e2f1-04d6-3919-b95fafda2ebe','en','Vaneda','vaneda','<p>Part of Sultan Defense''s verified manufacturer and supplier network. Contact our export team for B2B procurement, technical specifications and export-ready quotations.</p>','Vaneda','[]','{}','Vaneda — Sultan Defense','Part of Sultan Defense''s verified manufacturer and supplier network. Contact our export team for B2B procurement, technical specifications and export-ready quot',NOW(3),NOW(3)) ON DUPLICATE KEY UPDATE title=VALUES(title),slug=VALUES(slug),description=VALUES(description),alt=VALUES(alt),meta_title=VALUES(meta_title),meta_description=VALUES(meta_description),updated_at=NOW(3);
INSERT INTO product_i18n (product_id,locale,title,slug,description,alt,tags,specifications,meta_title,meta_description,created_at,updated_at) VALUES ('a560ac55-e2f1-04d6-3919-b95fafda2ebe','tr','Vaneda','vaneda','<p>Sultan Defense''in doğrulanmış üretici ve tedarikçi ağının bir parçası. B2B tedarik, teknik şartname ve ihracata hazır teklifler için ihracat ekibimizle iletişime geçin.</p>','Vaneda','[]','{}','Vaneda — Sultan Defense','Sultan Defense''in doğrulanmış üretici ve tedarikçi ağının bir parçası. B2B tedarik, teknik şartname ve ihracata hazır teklifler için ihracat ekibimizle iletişim',NOW(3),NOW(3)) ON DUPLICATE KEY UPDATE title=VALUES(title),slug=VALUES(slug),description=VALUES(description),alt=VALUES(alt),meta_title=VALUES(meta_title),meta_description=VALUES(meta_description),updated_at=NOW(3);
INSERT INTO product_i18n (product_id,locale,title,slug,description,alt,tags,specifications,meta_title,meta_description,created_at,updated_at) VALUES ('a560ac55-e2f1-04d6-3919-b95fafda2ebe','de','Vaneda','vaneda','<p>Teil des geprüften Hersteller- und Lieferantennetzwerks von Sultan Defense. Kontaktieren Sie unser Exportteam für B2B-Beschaffung, technische Spezifikationen und exportfertige Angebote.</p>','Vaneda','[]','{}','Vaneda — Sultan Defense','Teil des geprüften Hersteller- und Lieferantennetzwerks von Sultan Defense. Kontaktieren Sie unser Exportteam für B2B-Beschaffung, technische Spezifikationen un',NOW(3),NOW(3)) ON DUPLICATE KEY UPDATE title=VALUES(title),slug=VALUES(slug),description=VALUES(description),alt=VALUES(alt),meta_title=VALUES(meta_title),meta_description=VALUES(meta_description),updated_at=NOW(3);
INSERT INTO product_i18n (product_id,locale,title,slug,description,alt,tags,specifications,meta_title,meta_description,created_at,updated_at) VALUES ('a560ac55-e2f1-04d6-3919-b95fafda2ebe','ar','Vaneda','vaneda','<p>جزء من شبكة الموردين والمصنّعين المعتمدة لدى Sultan Defense. تواصل مع فريق التصدير لدينا للحصول على التوريد B2B والمواصفات الفنية وعروض الأسعار الجاهزة للتصدير.</p>','Vaneda','[]','{}','Vaneda — Sultan Defense','جزء من شبكة الموردين والمصنّعين المعتمدة لدى Sultan Defense. تواصل مع فريق التصدير لدينا للحصول على التوريد B2B والمواصفات الفنية وعروض الأسعار الجاهزة للتصدير.',NOW(3),NOW(3)) ON DUPLICATE KEY UPDATE title=VALUES(title),slug=VALUES(slug),description=VALUES(description),alt=VALUES(alt),meta_title=VALUES(meta_title),meta_description=VALUES(meta_description),updated_at=NOW(3);
INSERT INTO product_i18n (product_id,locale,title,slug,description,alt,tags,specifications,meta_title,meta_description,created_at,updated_at) VALUES ('a560ac55-e2f1-04d6-3919-b95fafda2ebe','ru','Vaneda','vaneda','<p>Часть проверенной сети производителей и поставщиков Sultan Defense. Свяжитесь с нашим экспортным отделом для B2B-закупок, технических характеристик и готовых к экспорту предложений.</p>','Vaneda','[]','{}','Vaneda — Sultan Defense','Часть проверенной сети производителей и поставщиков Sultan Defense. Свяжитесь с нашим экспортным отделом для B2B-закупок, технических характеристик и готовых к ',NOW(3),NOW(3)) ON DUPLICATE KEY UPDATE title=VALUES(title),slug=VALUES(slug),description=VALUES(description),alt=VALUES(alt),meta_title=VALUES(meta_title),meta_description=VALUES(meta_description),updated_at=NOW(3);

INSERT INTO storage_assets (id,name,bucket,path,folder,mime,size,url,provider,provider_public_id,provider_resource_type,provider_format,created_at,updated_at) VALUES ('1f3eabca-383a-ad65-cfcf-9387d17dcccc','yds-1.jpg','products','sultandefense/products/yds/yds-1.jpg','sultandefense/products/yds','image/jpeg',104810,'/media/sultandefense/products/yds/yds-1.jpg','local','sultandefense/products/yds/yds-1.jpg','image','jpg',NOW(3),NOW(3)) ON DUPLICATE KEY UPDATE url=VALUES(url),path=VALUES(path),size=VALUES(size),updated_at=NOW(3);
INSERT INTO storage_assets (id,name,bucket,path,folder,mime,size,url,provider,provider_public_id,provider_resource_type,provider_format,created_at,updated_at) VALUES ('0dd21698-a626-d780-72ee-0d17bc87c935','yds-2.jpg','products','sultandefense/products/yds/yds-2.jpg','sultandefense/products/yds','image/jpeg',77535,'/media/sultandefense/products/yds/yds-2.jpg','local','sultandefense/products/yds/yds-2.jpg','image','jpg',NOW(3),NOW(3)) ON DUPLICATE KEY UPDATE url=VALUES(url),path=VALUES(path),size=VALUES(size),updated_at=NOW(3);
INSERT INTO storage_assets (id,name,bucket,path,folder,mime,size,url,provider,provider_public_id,provider_resource_type,provider_format,created_at,updated_at) VALUES ('505da2d7-110e-6f32-9797-7ddc1ec3edd5','yds-3.jpg','products','sultandefense/products/yds/yds-3.jpg','sultandefense/products/yds','image/jpeg',78079,'/media/sultandefense/products/yds/yds-3.jpg','local','sultandefense/products/yds/yds-3.jpg','image','jpg',NOW(3),NOW(3)) ON DUPLICATE KEY UPDATE url=VALUES(url),path=VALUES(path),size=VALUES(size),updated_at=NOW(3);
INSERT INTO products (id,item_type,category_id,price,image_url,storage_asset_id,images,storage_image_ids,is_active,is_featured,order_num,created_at,updated_at) VALUES ('25f2dac4-6772-389c-7384-afd27993f428','sultandefense','cccc0009-4009-4009-8009-cccccccc0009',0,'/media/sultandefense/products/yds/yds-1.jpg','1f3eabca-383a-ad65-cfcf-9387d17dcccc','["/media/sultandefense/products/yds/yds-1.jpg","/media/sultandefense/products/yds/yds-2.jpg","/media/sultandefense/products/yds/yds-3.jpg"]','["1f3eabca-383a-ad65-cfcf-9387d17dcccc","0dd21698-a626-d780-72ee-0d17bc87c935","505da2d7-110e-6f32-9797-7ddc1ec3edd5"]',1,0,128,NOW(3),NOW(3)) ON DUPLICATE KEY UPDATE category_id=VALUES(category_id),image_url=VALUES(image_url),storage_asset_id=VALUES(storage_asset_id),images=VALUES(images),storage_image_ids=VALUES(storage_image_ids),is_active=1,updated_at=NOW(3);
INSERT INTO product_i18n (product_id,locale,title,slug,description,alt,tags,specifications,meta_title,meta_description,created_at,updated_at) VALUES ('25f2dac4-6772-389c-7384-afd27993f428','en','YDS','yds','<p>Part of Sultan Defense''s verified manufacturer and supplier network. Contact our export team for B2B procurement, technical specifications and export-ready quotations.</p>','YDS','[]','{}','YDS — Sultan Defense','Part of Sultan Defense''s verified manufacturer and supplier network. Contact our export team for B2B procurement, technical specifications and export-ready quot',NOW(3),NOW(3)) ON DUPLICATE KEY UPDATE title=VALUES(title),slug=VALUES(slug),description=VALUES(description),alt=VALUES(alt),meta_title=VALUES(meta_title),meta_description=VALUES(meta_description),updated_at=NOW(3);
INSERT INTO product_i18n (product_id,locale,title,slug,description,alt,tags,specifications,meta_title,meta_description,created_at,updated_at) VALUES ('25f2dac4-6772-389c-7384-afd27993f428','tr','YDS','yds','<p>Sultan Defense''in doğrulanmış üretici ve tedarikçi ağının bir parçası. B2B tedarik, teknik şartname ve ihracata hazır teklifler için ihracat ekibimizle iletişime geçin.</p>','YDS','[]','{}','YDS — Sultan Defense','Sultan Defense''in doğrulanmış üretici ve tedarikçi ağının bir parçası. B2B tedarik, teknik şartname ve ihracata hazır teklifler için ihracat ekibimizle iletişim',NOW(3),NOW(3)) ON DUPLICATE KEY UPDATE title=VALUES(title),slug=VALUES(slug),description=VALUES(description),alt=VALUES(alt),meta_title=VALUES(meta_title),meta_description=VALUES(meta_description),updated_at=NOW(3);
INSERT INTO product_i18n (product_id,locale,title,slug,description,alt,tags,specifications,meta_title,meta_description,created_at,updated_at) VALUES ('25f2dac4-6772-389c-7384-afd27993f428','de','YDS','yds','<p>Teil des geprüften Hersteller- und Lieferantennetzwerks von Sultan Defense. Kontaktieren Sie unser Exportteam für B2B-Beschaffung, technische Spezifikationen und exportfertige Angebote.</p>','YDS','[]','{}','YDS — Sultan Defense','Teil des geprüften Hersteller- und Lieferantennetzwerks von Sultan Defense. Kontaktieren Sie unser Exportteam für B2B-Beschaffung, technische Spezifikationen un',NOW(3),NOW(3)) ON DUPLICATE KEY UPDATE title=VALUES(title),slug=VALUES(slug),description=VALUES(description),alt=VALUES(alt),meta_title=VALUES(meta_title),meta_description=VALUES(meta_description),updated_at=NOW(3);
INSERT INTO product_i18n (product_id,locale,title,slug,description,alt,tags,specifications,meta_title,meta_description,created_at,updated_at) VALUES ('25f2dac4-6772-389c-7384-afd27993f428','ar','YDS','yds','<p>جزء من شبكة الموردين والمصنّعين المعتمدة لدى Sultan Defense. تواصل مع فريق التصدير لدينا للحصول على التوريد B2B والمواصفات الفنية وعروض الأسعار الجاهزة للتصدير.</p>','YDS','[]','{}','YDS — Sultan Defense','جزء من شبكة الموردين والمصنّعين المعتمدة لدى Sultan Defense. تواصل مع فريق التصدير لدينا للحصول على التوريد B2B والمواصفات الفنية وعروض الأسعار الجاهزة للتصدير.',NOW(3),NOW(3)) ON DUPLICATE KEY UPDATE title=VALUES(title),slug=VALUES(slug),description=VALUES(description),alt=VALUES(alt),meta_title=VALUES(meta_title),meta_description=VALUES(meta_description),updated_at=NOW(3);
INSERT INTO product_i18n (product_id,locale,title,slug,description,alt,tags,specifications,meta_title,meta_description,created_at,updated_at) VALUES ('25f2dac4-6772-389c-7384-afd27993f428','ru','YDS','yds','<p>Часть проверенной сети производителей и поставщиков Sultan Defense. Свяжитесь с нашим экспортным отделом для B2B-закупок, технических характеристик и готовых к экспорту предложений.</p>','YDS','[]','{}','YDS — Sultan Defense','Часть проверенной сети производителей и поставщиков Sultan Defense. Свяжитесь с нашим экспортным отделом для B2B-закупок, технических характеристик и готовых к ',NOW(3),NOW(3)) ON DUPLICATE KEY UPDATE title=VALUES(title),slug=VALUES(slug),description=VALUES(description),alt=VALUES(alt),meta_title=VALUES(meta_title),meta_description=VALUES(meta_description),updated_at=NOW(3);

INSERT INTO storage_assets (id,name,bucket,path,folder,mime,size,url,provider,provider_public_id,provider_resource_type,provider_format,created_at,updated_at) VALUES ('3b540895-defb-91aa-ca02-c99dac91fecc','altay-yazilim-1.jpg','products','sultandefense/products/altay-yazilim/altay-yazilim-1.jpg','sultandefense/products/altay-yazilim','image/jpeg',160970,'/media/sultandefense/products/altay-yazilim/altay-yazilim-1.jpg','local','sultandefense/products/altay-yazilim/altay-yazilim-1.jpg','image','jpg',NOW(3),NOW(3)) ON DUPLICATE KEY UPDATE url=VALUES(url),path=VALUES(path),size=VALUES(size),updated_at=NOW(3);
INSERT INTO storage_assets (id,name,bucket,path,folder,mime,size,url,provider,provider_public_id,provider_resource_type,provider_format,created_at,updated_at) VALUES ('821df358-67c2-1a71-020e-ef00f29647b8','altay-yazilim-2.jpg','products','sultandefense/products/altay-yazilim/altay-yazilim-2.jpg','sultandefense/products/altay-yazilim','image/jpeg',257550,'/media/sultandefense/products/altay-yazilim/altay-yazilim-2.jpg','local','sultandefense/products/altay-yazilim/altay-yazilim-2.jpg','image','jpg',NOW(3),NOW(3)) ON DUPLICATE KEY UPDATE url=VALUES(url),path=VALUES(path),size=VALUES(size),updated_at=NOW(3);
INSERT INTO storage_assets (id,name,bucket,path,folder,mime,size,url,provider,provider_public_id,provider_resource_type,provider_format,created_at,updated_at) VALUES ('3fab10bd-6f7f-be4a-600f-462d6b4fa10a','altay-yazilim-3.jpg','products','sultandefense/products/altay-yazilim/altay-yazilim-3.jpg','sultandefense/products/altay-yazilim','image/jpeg',42999,'/media/sultandefense/products/altay-yazilim/altay-yazilim-3.jpg','local','sultandefense/products/altay-yazilim/altay-yazilim-3.jpg','image','jpg',NOW(3),NOW(3)) ON DUPLICATE KEY UPDATE url=VALUES(url),path=VALUES(path),size=VALUES(size),updated_at=NOW(3);
INSERT INTO storage_assets (id,name,bucket,path,folder,mime,size,url,provider,provider_public_id,provider_resource_type,provider_format,created_at,updated_at) VALUES ('88bd10da-d7c7-211a-f1fa-83ce6c351b92','altay-yazilim-4.jpg','products','sultandefense/products/altay-yazilim/altay-yazilim-4.jpg','sultandefense/products/altay-yazilim','image/jpeg',105158,'/media/sultandefense/products/altay-yazilim/altay-yazilim-4.jpg','local','sultandefense/products/altay-yazilim/altay-yazilim-4.jpg','image','jpg',NOW(3),NOW(3)) ON DUPLICATE KEY UPDATE url=VALUES(url),path=VALUES(path),size=VALUES(size),updated_at=NOW(3);
INSERT INTO products (id,item_type,category_id,price,image_url,storage_asset_id,images,storage_image_ids,is_active,is_featured,order_num,created_at,updated_at) VALUES ('271b1dbe-c45a-3103-223a-00ac3ecf1620','sultandefense','cccc0010-4010-4010-8010-cccccccc0010',0,'/media/sultandefense/products/altay-yazilim/altay-yazilim-1.jpg','3b540895-defb-91aa-ca02-c99dac91fecc','["/media/sultandefense/products/altay-yazilim/altay-yazilim-1.jpg","/media/sultandefense/products/altay-yazilim/altay-yazilim-2.jpg","/media/sultandefense/products/altay-yazilim/altay-yazilim-3.jpg","/media/sultandefense/products/altay-yazilim/altay-yazilim-4.jpg"]','["3b540895-defb-91aa-ca02-c99dac91fecc","821df358-67c2-1a71-020e-ef00f29647b8","3fab10bd-6f7f-be4a-600f-462d6b4fa10a","88bd10da-d7c7-211a-f1fa-83ce6c351b92"]',1,0,129,NOW(3),NOW(3)) ON DUPLICATE KEY UPDATE category_id=VALUES(category_id),image_url=VALUES(image_url),storage_asset_id=VALUES(storage_asset_id),images=VALUES(images),storage_image_ids=VALUES(storage_image_ids),is_active=1,updated_at=NOW(3);
INSERT INTO product_i18n (product_id,locale,title,slug,description,alt,tags,specifications,meta_title,meta_description,created_at,updated_at) VALUES ('271b1dbe-c45a-3103-223a-00ac3ecf1620','en','Altay Yazilim','altay-yazilim','<p>Part of Sultan Defense''s verified manufacturer and supplier network. Contact our export team for B2B procurement, technical specifications and export-ready quotations.</p>','Altay Yazilim','[]','{}','Altay Yazilim — Sultan Defense','Part of Sultan Defense''s verified manufacturer and supplier network. Contact our export team for B2B procurement, technical specifications and export-ready quot',NOW(3),NOW(3)) ON DUPLICATE KEY UPDATE title=VALUES(title),slug=VALUES(slug),description=VALUES(description),alt=VALUES(alt),meta_title=VALUES(meta_title),meta_description=VALUES(meta_description),updated_at=NOW(3);
INSERT INTO product_i18n (product_id,locale,title,slug,description,alt,tags,specifications,meta_title,meta_description,created_at,updated_at) VALUES ('271b1dbe-c45a-3103-223a-00ac3ecf1620','tr','Altay Yazilim','altay-yazilim','<p>Sultan Defense''in doğrulanmış üretici ve tedarikçi ağının bir parçası. B2B tedarik, teknik şartname ve ihracata hazır teklifler için ihracat ekibimizle iletişime geçin.</p>','Altay Yazilim','[]','{}','Altay Yazilim — Sultan Defense','Sultan Defense''in doğrulanmış üretici ve tedarikçi ağının bir parçası. B2B tedarik, teknik şartname ve ihracata hazır teklifler için ihracat ekibimizle iletişim',NOW(3),NOW(3)) ON DUPLICATE KEY UPDATE title=VALUES(title),slug=VALUES(slug),description=VALUES(description),alt=VALUES(alt),meta_title=VALUES(meta_title),meta_description=VALUES(meta_description),updated_at=NOW(3);
INSERT INTO product_i18n (product_id,locale,title,slug,description,alt,tags,specifications,meta_title,meta_description,created_at,updated_at) VALUES ('271b1dbe-c45a-3103-223a-00ac3ecf1620','de','Altay Yazilim','altay-yazilim','<p>Teil des geprüften Hersteller- und Lieferantennetzwerks von Sultan Defense. Kontaktieren Sie unser Exportteam für B2B-Beschaffung, technische Spezifikationen und exportfertige Angebote.</p>','Altay Yazilim','[]','{}','Altay Yazilim — Sultan Defense','Teil des geprüften Hersteller- und Lieferantennetzwerks von Sultan Defense. Kontaktieren Sie unser Exportteam für B2B-Beschaffung, technische Spezifikationen un',NOW(3),NOW(3)) ON DUPLICATE KEY UPDATE title=VALUES(title),slug=VALUES(slug),description=VALUES(description),alt=VALUES(alt),meta_title=VALUES(meta_title),meta_description=VALUES(meta_description),updated_at=NOW(3);
INSERT INTO product_i18n (product_id,locale,title,slug,description,alt,tags,specifications,meta_title,meta_description,created_at,updated_at) VALUES ('271b1dbe-c45a-3103-223a-00ac3ecf1620','ar','Altay Yazilim','altay-yazilim','<p>جزء من شبكة الموردين والمصنّعين المعتمدة لدى Sultan Defense. تواصل مع فريق التصدير لدينا للحصول على التوريد B2B والمواصفات الفنية وعروض الأسعار الجاهزة للتصدير.</p>','Altay Yazilim','[]','{}','Altay Yazilim — Sultan Defense','جزء من شبكة الموردين والمصنّعين المعتمدة لدى Sultan Defense. تواصل مع فريق التصدير لدينا للحصول على التوريد B2B والمواصفات الفنية وعروض الأسعار الجاهزة للتصدير.',NOW(3),NOW(3)) ON DUPLICATE KEY UPDATE title=VALUES(title),slug=VALUES(slug),description=VALUES(description),alt=VALUES(alt),meta_title=VALUES(meta_title),meta_description=VALUES(meta_description),updated_at=NOW(3);
INSERT INTO product_i18n (product_id,locale,title,slug,description,alt,tags,specifications,meta_title,meta_description,created_at,updated_at) VALUES ('271b1dbe-c45a-3103-223a-00ac3ecf1620','ru','Altay Yazilim','altay-yazilim','<p>Часть проверенной сети производителей и поставщиков Sultan Defense. Свяжитесь с нашим экспортным отделом для B2B-закупок, технических характеристик и готовых к экспорту предложений.</p>','Altay Yazilim','[]','{}','Altay Yazilim — Sultan Defense','Часть проверенной сети производителей и поставщиков Sultan Defense. Свяжитесь с нашим экспортным отделом для B2B-закупок, технических характеристик и готовых к ',NOW(3),NOW(3)) ON DUPLICATE KEY UPDATE title=VALUES(title),slug=VALUES(slug),description=VALUES(description),alt=VALUES(alt),meta_title=VALUES(meta_title),meta_description=VALUES(meta_description),updated_at=NOW(3);

INSERT INTO storage_assets (id,name,bucket,path,folder,mime,size,url,provider,provider_public_id,provider_resource_type,provider_format,created_at,updated_at) VALUES ('be222a05-88f4-064d-f640-a48629995c93','bites-1.jpg','products','sultandefense/products/bites/bites-1.jpg','sultandefense/products/bites','image/jpeg',151849,'/media/sultandefense/products/bites/bites-1.jpg','local','sultandefense/products/bites/bites-1.jpg','image','jpg',NOW(3),NOW(3)) ON DUPLICATE KEY UPDATE url=VALUES(url),path=VALUES(path),size=VALUES(size),updated_at=NOW(3);
INSERT INTO storage_assets (id,name,bucket,path,folder,mime,size,url,provider,provider_public_id,provider_resource_type,provider_format,created_at,updated_at) VALUES ('5abcf32f-f8f5-032e-b8ba-55003011101f','bites-2.jpg','products','sultandefense/products/bites/bites-2.jpg','sultandefense/products/bites','image/jpeg',99507,'/media/sultandefense/products/bites/bites-2.jpg','local','sultandefense/products/bites/bites-2.jpg','image','jpg',NOW(3),NOW(3)) ON DUPLICATE KEY UPDATE url=VALUES(url),path=VALUES(path),size=VALUES(size),updated_at=NOW(3);
INSERT INTO storage_assets (id,name,bucket,path,folder,mime,size,url,provider,provider_public_id,provider_resource_type,provider_format,created_at,updated_at) VALUES ('19a853b6-ba7c-68b2-f6cd-39b1b7937de7','bites-3.jpg','products','sultandefense/products/bites/bites-3.jpg','sultandefense/products/bites','image/jpeg',62995,'/media/sultandefense/products/bites/bites-3.jpg','local','sultandefense/products/bites/bites-3.jpg','image','jpg',NOW(3),NOW(3)) ON DUPLICATE KEY UPDATE url=VALUES(url),path=VALUES(path),size=VALUES(size),updated_at=NOW(3);
INSERT INTO storage_assets (id,name,bucket,path,folder,mime,size,url,provider,provider_public_id,provider_resource_type,provider_format,created_at,updated_at) VALUES ('4ca62f34-a4ce-aff1-9bbb-6b081ec5217f','bites-4.jpg','products','sultandefense/products/bites/bites-4.jpg','sultandefense/products/bites','image/jpeg',24328,'/media/sultandefense/products/bites/bites-4.jpg','local','sultandefense/products/bites/bites-4.jpg','image','jpg',NOW(3),NOW(3)) ON DUPLICATE KEY UPDATE url=VALUES(url),path=VALUES(path),size=VALUES(size),updated_at=NOW(3);
INSERT INTO storage_assets (id,name,bucket,path,folder,mime,size,url,provider,provider_public_id,provider_resource_type,provider_format,created_at,updated_at) VALUES ('125f03b7-93ca-ddad-3e99-c6c42b1e4cac','bites-5.jpg','products','sultandefense/products/bites/bites-5.jpg','sultandefense/products/bites','image/jpeg',50308,'/media/sultandefense/products/bites/bites-5.jpg','local','sultandefense/products/bites/bites-5.jpg','image','jpg',NOW(3),NOW(3)) ON DUPLICATE KEY UPDATE url=VALUES(url),path=VALUES(path),size=VALUES(size),updated_at=NOW(3);
INSERT INTO storage_assets (id,name,bucket,path,folder,mime,size,url,provider,provider_public_id,provider_resource_type,provider_format,created_at,updated_at) VALUES ('cd808124-e452-4b35-d93c-a81f697dd019','bites-6.jpg','products','sultandefense/products/bites/bites-6.jpg','sultandefense/products/bites','image/jpeg',19200,'/media/sultandefense/products/bites/bites-6.jpg','local','sultandefense/products/bites/bites-6.jpg','image','jpg',NOW(3),NOW(3)) ON DUPLICATE KEY UPDATE url=VALUES(url),path=VALUES(path),size=VALUES(size),updated_at=NOW(3);
INSERT INTO storage_assets (id,name,bucket,path,folder,mime,size,url,provider,provider_public_id,provider_resource_type,provider_format,created_at,updated_at) VALUES ('b289cc4b-01ee-e9b7-c887-98c637d3f395','bites-7.jpg','products','sultandefense/products/bites/bites-7.jpg','sultandefense/products/bites','image/jpeg',31924,'/media/sultandefense/products/bites/bites-7.jpg','local','sultandefense/products/bites/bites-7.jpg','image','jpg',NOW(3),NOW(3)) ON DUPLICATE KEY UPDATE url=VALUES(url),path=VALUES(path),size=VALUES(size),updated_at=NOW(3);
INSERT INTO storage_assets (id,name,bucket,path,folder,mime,size,url,provider,provider_public_id,provider_resource_type,provider_format,created_at,updated_at) VALUES ('8565641f-8bbd-b174-c13e-9b6bcc26731c','bites-8.jpg','products','sultandefense/products/bites/bites-8.jpg','sultandefense/products/bites','image/jpeg',58509,'/media/sultandefense/products/bites/bites-8.jpg','local','sultandefense/products/bites/bites-8.jpg','image','jpg',NOW(3),NOW(3)) ON DUPLICATE KEY UPDATE url=VALUES(url),path=VALUES(path),size=VALUES(size),updated_at=NOW(3);
INSERT INTO storage_assets (id,name,bucket,path,folder,mime,size,url,provider,provider_public_id,provider_resource_type,provider_format,created_at,updated_at) VALUES ('5fbbb00a-7835-62f3-d60d-94fbc0c4519d','bites-9.jpg','products','sultandefense/products/bites/bites-9.jpg','sultandefense/products/bites','image/jpeg',25190,'/media/sultandefense/products/bites/bites-9.jpg','local','sultandefense/products/bites/bites-9.jpg','image','jpg',NOW(3),NOW(3)) ON DUPLICATE KEY UPDATE url=VALUES(url),path=VALUES(path),size=VALUES(size),updated_at=NOW(3);
INSERT INTO storage_assets (id,name,bucket,path,folder,mime,size,url,provider,provider_public_id,provider_resource_type,provider_format,created_at,updated_at) VALUES ('00e957ee-86fa-c94b-69ca-373254b582f3','bites-10.jpg','products','sultandefense/products/bites/bites-10.jpg','sultandefense/products/bites','image/jpeg',46611,'/media/sultandefense/products/bites/bites-10.jpg','local','sultandefense/products/bites/bites-10.jpg','image','jpg',NOW(3),NOW(3)) ON DUPLICATE KEY UPDATE url=VALUES(url),path=VALUES(path),size=VALUES(size),updated_at=NOW(3);
INSERT INTO storage_assets (id,name,bucket,path,folder,mime,size,url,provider,provider_public_id,provider_resource_type,provider_format,created_at,updated_at) VALUES ('6d84a3f1-a438-1d1c-8b03-ad9480fb86bf','bites-11.jpg','products','sultandefense/products/bites/bites-11.jpg','sultandefense/products/bites','image/jpeg',20022,'/media/sultandefense/products/bites/bites-11.jpg','local','sultandefense/products/bites/bites-11.jpg','image','jpg',NOW(3),NOW(3)) ON DUPLICATE KEY UPDATE url=VALUES(url),path=VALUES(path),size=VALUES(size),updated_at=NOW(3);
INSERT INTO storage_assets (id,name,bucket,path,folder,mime,size,url,provider,provider_public_id,provider_resource_type,provider_format,created_at,updated_at) VALUES ('cc98c3a6-a415-0616-901a-8dc098a3ba22','bites-12.jpg','products','sultandefense/products/bites/bites-12.jpg','sultandefense/products/bites','image/jpeg',39041,'/media/sultandefense/products/bites/bites-12.jpg','local','sultandefense/products/bites/bites-12.jpg','image','jpg',NOW(3),NOW(3)) ON DUPLICATE KEY UPDATE url=VALUES(url),path=VALUES(path),size=VALUES(size),updated_at=NOW(3);
INSERT INTO storage_assets (id,name,bucket,path,folder,mime,size,url,provider,provider_public_id,provider_resource_type,provider_format,created_at,updated_at) VALUES ('53231851-02f5-4406-9ea1-18ef603f2d16','bites-13.jpg','products','sultandefense/products/bites/bites-13.jpg','sultandefense/products/bites','image/jpeg',61805,'/media/sultandefense/products/bites/bites-13.jpg','local','sultandefense/products/bites/bites-13.jpg','image','jpg',NOW(3),NOW(3)) ON DUPLICATE KEY UPDATE url=VALUES(url),path=VALUES(path),size=VALUES(size),updated_at=NOW(3);
INSERT INTO storage_assets (id,name,bucket,path,folder,mime,size,url,provider,provider_public_id,provider_resource_type,provider_format,created_at,updated_at) VALUES ('1d3a316a-02bd-5810-6092-74decb954307','bites-14.jpg','products','sultandefense/products/bites/bites-14.jpg','sultandefense/products/bites','image/jpeg',126258,'/media/sultandefense/products/bites/bites-14.jpg','local','sultandefense/products/bites/bites-14.jpg','image','jpg',NOW(3),NOW(3)) ON DUPLICATE KEY UPDATE url=VALUES(url),path=VALUES(path),size=VALUES(size),updated_at=NOW(3);
INSERT INTO storage_assets (id,name,bucket,path,folder,mime,size,url,provider,provider_public_id,provider_resource_type,provider_format,created_at,updated_at) VALUES ('8e00f667-3fb4-7ddb-5504-34aa321cfe5c','bites-15.jpg','products','sultandefense/products/bites/bites-15.jpg','sultandefense/products/bites','image/jpeg',71531,'/media/sultandefense/products/bites/bites-15.jpg','local','sultandefense/products/bites/bites-15.jpg','image','jpg',NOW(3),NOW(3)) ON DUPLICATE KEY UPDATE url=VALUES(url),path=VALUES(path),size=VALUES(size),updated_at=NOW(3);
INSERT INTO storage_assets (id,name,bucket,path,folder,mime,size,url,provider,provider_public_id,provider_resource_type,provider_format,created_at,updated_at) VALUES ('7447246f-27c0-e62e-6521-830328db4d63','bites-16.jpg','products','sultandefense/products/bites/bites-16.jpg','sultandefense/products/bites','image/jpeg',46239,'/media/sultandefense/products/bites/bites-16.jpg','local','sultandefense/products/bites/bites-16.jpg','image','jpg',NOW(3),NOW(3)) ON DUPLICATE KEY UPDATE url=VALUES(url),path=VALUES(path),size=VALUES(size),updated_at=NOW(3);
INSERT INTO storage_assets (id,name,bucket,path,folder,mime,size,url,provider,provider_public_id,provider_resource_type,provider_format,created_at,updated_at) VALUES ('1e7950e1-4939-661b-a7f8-ab4e5b32c3d0','bites-17.jpg','products','sultandefense/products/bites/bites-17.jpg','sultandefense/products/bites','image/jpeg',71235,'/media/sultandefense/products/bites/bites-17.jpg','local','sultandefense/products/bites/bites-17.jpg','image','jpg',NOW(3),NOW(3)) ON DUPLICATE KEY UPDATE url=VALUES(url),path=VALUES(path),size=VALUES(size),updated_at=NOW(3);
INSERT INTO storage_assets (id,name,bucket,path,folder,mime,size,url,provider,provider_public_id,provider_resource_type,provider_format,created_at,updated_at) VALUES ('f8a83d07-19cc-f9f3-ab6a-90b7cd1c18b1','bites-18.jpg','products','sultandefense/products/bites/bites-18.jpg','sultandefense/products/bites','image/jpeg',27525,'/media/sultandefense/products/bites/bites-18.jpg','local','sultandefense/products/bites/bites-18.jpg','image','jpg',NOW(3),NOW(3)) ON DUPLICATE KEY UPDATE url=VALUES(url),path=VALUES(path),size=VALUES(size),updated_at=NOW(3);
INSERT INTO products (id,item_type,category_id,price,image_url,storage_asset_id,images,storage_image_ids,is_active,is_featured,order_num,created_at,updated_at) VALUES ('86f38c20-8cbf-f0c2-4e82-ae230578f065','sultandefense','cccc0010-4010-4010-8010-cccccccc0010',0,'/media/sultandefense/products/bites/bites-1.jpg','be222a05-88f4-064d-f640-a48629995c93','["/media/sultandefense/products/bites/bites-1.jpg","/media/sultandefense/products/bites/bites-2.jpg","/media/sultandefense/products/bites/bites-3.jpg","/media/sultandefense/products/bites/bites-4.jpg","/media/sultandefense/products/bites/bites-5.jpg","/media/sultandefense/products/bites/bites-6.jpg","/media/sultandefense/products/bites/bites-7.jpg","/media/sultandefense/products/bites/bites-8.jpg","/media/sultandefense/products/bites/bites-9.jpg","/media/sultandefense/products/bites/bites-10.jpg","/media/sultandefense/products/bites/bites-11.jpg","/media/sultandefense/products/bites/bites-12.jpg","/media/sultandefense/products/bites/bites-13.jpg","/media/sultandefense/products/bites/bites-14.jpg","/media/sultandefense/products/bites/bites-15.jpg","/media/sultandefense/products/bites/bites-16.jpg","/media/sultandefense/products/bites/bites-17.jpg","/media/sultandefense/products/bites/bites-18.jpg"]','["be222a05-88f4-064d-f640-a48629995c93","5abcf32f-f8f5-032e-b8ba-55003011101f","19a853b6-ba7c-68b2-f6cd-39b1b7937de7","4ca62f34-a4ce-aff1-9bbb-6b081ec5217f","125f03b7-93ca-ddad-3e99-c6c42b1e4cac","cd808124-e452-4b35-d93c-a81f697dd019","b289cc4b-01ee-e9b7-c887-98c637d3f395","8565641f-8bbd-b174-c13e-9b6bcc26731c","5fbbb00a-7835-62f3-d60d-94fbc0c4519d","00e957ee-86fa-c94b-69ca-373254b582f3","6d84a3f1-a438-1d1c-8b03-ad9480fb86bf","cc98c3a6-a415-0616-901a-8dc098a3ba22","53231851-02f5-4406-9ea1-18ef603f2d16","1d3a316a-02bd-5810-6092-74decb954307","8e00f667-3fb4-7ddb-5504-34aa321cfe5c","7447246f-27c0-e62e-6521-830328db4d63","1e7950e1-4939-661b-a7f8-ab4e5b32c3d0","f8a83d07-19cc-f9f3-ab6a-90b7cd1c18b1"]',1,0,130,NOW(3),NOW(3)) ON DUPLICATE KEY UPDATE category_id=VALUES(category_id),image_url=VALUES(image_url),storage_asset_id=VALUES(storage_asset_id),images=VALUES(images),storage_image_ids=VALUES(storage_image_ids),is_active=1,updated_at=NOW(3);
INSERT INTO product_i18n (product_id,locale,title,slug,description,alt,tags,specifications,meta_title,meta_description,created_at,updated_at) VALUES ('86f38c20-8cbf-f0c2-4e82-ae230578f065','en','Bites','bites','<p>Part of Sultan Defense''s verified manufacturer and supplier network. Contact our export team for B2B procurement, technical specifications and export-ready quotations.</p>','Bites','[]','{}','Bites — Sultan Defense','Part of Sultan Defense''s verified manufacturer and supplier network. Contact our export team for B2B procurement, technical specifications and export-ready quot',NOW(3),NOW(3)) ON DUPLICATE KEY UPDATE title=VALUES(title),slug=VALUES(slug),description=VALUES(description),alt=VALUES(alt),meta_title=VALUES(meta_title),meta_description=VALUES(meta_description),updated_at=NOW(3);
INSERT INTO product_i18n (product_id,locale,title,slug,description,alt,tags,specifications,meta_title,meta_description,created_at,updated_at) VALUES ('86f38c20-8cbf-f0c2-4e82-ae230578f065','tr','Bites','bites','<p>Sultan Defense''in doğrulanmış üretici ve tedarikçi ağının bir parçası. B2B tedarik, teknik şartname ve ihracata hazır teklifler için ihracat ekibimizle iletişime geçin.</p>','Bites','[]','{}','Bites — Sultan Defense','Sultan Defense''in doğrulanmış üretici ve tedarikçi ağının bir parçası. B2B tedarik, teknik şartname ve ihracata hazır teklifler için ihracat ekibimizle iletişim',NOW(3),NOW(3)) ON DUPLICATE KEY UPDATE title=VALUES(title),slug=VALUES(slug),description=VALUES(description),alt=VALUES(alt),meta_title=VALUES(meta_title),meta_description=VALUES(meta_description),updated_at=NOW(3);
INSERT INTO product_i18n (product_id,locale,title,slug,description,alt,tags,specifications,meta_title,meta_description,created_at,updated_at) VALUES ('86f38c20-8cbf-f0c2-4e82-ae230578f065','de','Bites','bites','<p>Teil des geprüften Hersteller- und Lieferantennetzwerks von Sultan Defense. Kontaktieren Sie unser Exportteam für B2B-Beschaffung, technische Spezifikationen und exportfertige Angebote.</p>','Bites','[]','{}','Bites — Sultan Defense','Teil des geprüften Hersteller- und Lieferantennetzwerks von Sultan Defense. Kontaktieren Sie unser Exportteam für B2B-Beschaffung, technische Spezifikationen un',NOW(3),NOW(3)) ON DUPLICATE KEY UPDATE title=VALUES(title),slug=VALUES(slug),description=VALUES(description),alt=VALUES(alt),meta_title=VALUES(meta_title),meta_description=VALUES(meta_description),updated_at=NOW(3);
INSERT INTO product_i18n (product_id,locale,title,slug,description,alt,tags,specifications,meta_title,meta_description,created_at,updated_at) VALUES ('86f38c20-8cbf-f0c2-4e82-ae230578f065','ar','Bites','bites','<p>جزء من شبكة الموردين والمصنّعين المعتمدة لدى Sultan Defense. تواصل مع فريق التصدير لدينا للحصول على التوريد B2B والمواصفات الفنية وعروض الأسعار الجاهزة للتصدير.</p>','Bites','[]','{}','Bites — Sultan Defense','جزء من شبكة الموردين والمصنّعين المعتمدة لدى Sultan Defense. تواصل مع فريق التصدير لدينا للحصول على التوريد B2B والمواصفات الفنية وعروض الأسعار الجاهزة للتصدير.',NOW(3),NOW(3)) ON DUPLICATE KEY UPDATE title=VALUES(title),slug=VALUES(slug),description=VALUES(description),alt=VALUES(alt),meta_title=VALUES(meta_title),meta_description=VALUES(meta_description),updated_at=NOW(3);
INSERT INTO product_i18n (product_id,locale,title,slug,description,alt,tags,specifications,meta_title,meta_description,created_at,updated_at) VALUES ('86f38c20-8cbf-f0c2-4e82-ae230578f065','ru','Bites','bites','<p>Часть проверенной сети производителей и поставщиков Sultan Defense. Свяжитесь с нашим экспортным отделом для B2B-закупок, технических характеристик и готовых к экспорту предложений.</p>','Bites','[]','{}','Bites — Sultan Defense','Часть проверенной сети производителей и поставщиков Sultan Defense. Свяжитесь с нашим экспортным отделом для B2B-закупок, технических характеристик и готовых к ',NOW(3),NOW(3)) ON DUPLICATE KEY UPDATE title=VALUES(title),slug=VALUES(slug),description=VALUES(description),alt=VALUES(alt),meta_title=VALUES(meta_title),meta_description=VALUES(meta_description),updated_at=NOW(3);

INSERT INTO storage_assets (id,name,bucket,path,folder,mime,size,url,provider,provider_public_id,provider_resource_type,provider_format,created_at,updated_at) VALUES ('e5358270-c100-5780-09d2-50f519ba828c','milsoft-1.jpg','products','sultandefense/products/milsoft/milsoft-1.jpg','sultandefense/products/milsoft','image/jpeg',105302,'/media/sultandefense/products/milsoft/milsoft-1.jpg','local','sultandefense/products/milsoft/milsoft-1.jpg','image','jpg',NOW(3),NOW(3)) ON DUPLICATE KEY UPDATE url=VALUES(url),path=VALUES(path),size=VALUES(size),updated_at=NOW(3);
INSERT INTO storage_assets (id,name,bucket,path,folder,mime,size,url,provider,provider_public_id,provider_resource_type,provider_format,created_at,updated_at) VALUES ('cfab0337-50af-d75a-1c91-2008c733d475','milsoft-2.jpg','products','sultandefense/products/milsoft/milsoft-2.jpg','sultandefense/products/milsoft','image/jpeg',29588,'/media/sultandefense/products/milsoft/milsoft-2.jpg','local','sultandefense/products/milsoft/milsoft-2.jpg','image','jpg',NOW(3),NOW(3)) ON DUPLICATE KEY UPDATE url=VALUES(url),path=VALUES(path),size=VALUES(size),updated_at=NOW(3);
INSERT INTO storage_assets (id,name,bucket,path,folder,mime,size,url,provider,provider_public_id,provider_resource_type,provider_format,created_at,updated_at) VALUES ('45054aab-3da0-bfc5-5719-eb0724261a82','milsoft-3.jpg','products','sultandefense/products/milsoft/milsoft-3.jpg','sultandefense/products/milsoft','image/jpeg',47729,'/media/sultandefense/products/milsoft/milsoft-3.jpg','local','sultandefense/products/milsoft/milsoft-3.jpg','image','jpg',NOW(3),NOW(3)) ON DUPLICATE KEY UPDATE url=VALUES(url),path=VALUES(path),size=VALUES(size),updated_at=NOW(3);
INSERT INTO storage_assets (id,name,bucket,path,folder,mime,size,url,provider,provider_public_id,provider_resource_type,provider_format,created_at,updated_at) VALUES ('7fc949de-ce6e-47d0-7527-78fc88205576','milsoft-4.jpg','products','sultandefense/products/milsoft/milsoft-4.jpg','sultandefense/products/milsoft','image/jpeg',35207,'/media/sultandefense/products/milsoft/milsoft-4.jpg','local','sultandefense/products/milsoft/milsoft-4.jpg','image','jpg',NOW(3),NOW(3)) ON DUPLICATE KEY UPDATE url=VALUES(url),path=VALUES(path),size=VALUES(size),updated_at=NOW(3);
INSERT INTO storage_assets (id,name,bucket,path,folder,mime,size,url,provider,provider_public_id,provider_resource_type,provider_format,created_at,updated_at) VALUES ('e75e31a9-a47c-05fa-83a1-1e8e8d2eab19','milsoft-5.jpg','products','sultandefense/products/milsoft/milsoft-5.jpg','sultandefense/products/milsoft','image/jpeg',51234,'/media/sultandefense/products/milsoft/milsoft-5.jpg','local','sultandefense/products/milsoft/milsoft-5.jpg','image','jpg',NOW(3),NOW(3)) ON DUPLICATE KEY UPDATE url=VALUES(url),path=VALUES(path),size=VALUES(size),updated_at=NOW(3);
INSERT INTO products (id,item_type,category_id,price,image_url,storage_asset_id,images,storage_image_ids,is_active,is_featured,order_num,created_at,updated_at) VALUES ('760de015-56e1-08e1-553e-9db1668ac9ad','sultandefense','cccc0010-4010-4010-8010-cccccccc0010',0,'/media/sultandefense/products/milsoft/milsoft-1.jpg','e5358270-c100-5780-09d2-50f519ba828c','["/media/sultandefense/products/milsoft/milsoft-1.jpg","/media/sultandefense/products/milsoft/milsoft-2.jpg","/media/sultandefense/products/milsoft/milsoft-3.jpg","/media/sultandefense/products/milsoft/milsoft-4.jpg","/media/sultandefense/products/milsoft/milsoft-5.jpg"]','["e5358270-c100-5780-09d2-50f519ba828c","cfab0337-50af-d75a-1c91-2008c733d475","45054aab-3da0-bfc5-5719-eb0724261a82","7fc949de-ce6e-47d0-7527-78fc88205576","e75e31a9-a47c-05fa-83a1-1e8e8d2eab19"]',1,0,131,NOW(3),NOW(3)) ON DUPLICATE KEY UPDATE category_id=VALUES(category_id),image_url=VALUES(image_url),storage_asset_id=VALUES(storage_asset_id),images=VALUES(images),storage_image_ids=VALUES(storage_image_ids),is_active=1,updated_at=NOW(3);
INSERT INTO product_i18n (product_id,locale,title,slug,description,alt,tags,specifications,meta_title,meta_description,created_at,updated_at) VALUES ('760de015-56e1-08e1-553e-9db1668ac9ad','en','Milsoft','milsoft','<p>Part of Sultan Defense''s verified manufacturer and supplier network. Contact our export team for B2B procurement, technical specifications and export-ready quotations.</p>','Milsoft','[]','{}','Milsoft — Sultan Defense','Part of Sultan Defense''s verified manufacturer and supplier network. Contact our export team for B2B procurement, technical specifications and export-ready quot',NOW(3),NOW(3)) ON DUPLICATE KEY UPDATE title=VALUES(title),slug=VALUES(slug),description=VALUES(description),alt=VALUES(alt),meta_title=VALUES(meta_title),meta_description=VALUES(meta_description),updated_at=NOW(3);
INSERT INTO product_i18n (product_id,locale,title,slug,description,alt,tags,specifications,meta_title,meta_description,created_at,updated_at) VALUES ('760de015-56e1-08e1-553e-9db1668ac9ad','tr','Milsoft','milsoft','<p>Sultan Defense''in doğrulanmış üretici ve tedarikçi ağının bir parçası. B2B tedarik, teknik şartname ve ihracata hazır teklifler için ihracat ekibimizle iletişime geçin.</p>','Milsoft','[]','{}','Milsoft — Sultan Defense','Sultan Defense''in doğrulanmış üretici ve tedarikçi ağının bir parçası. B2B tedarik, teknik şartname ve ihracata hazır teklifler için ihracat ekibimizle iletişim',NOW(3),NOW(3)) ON DUPLICATE KEY UPDATE title=VALUES(title),slug=VALUES(slug),description=VALUES(description),alt=VALUES(alt),meta_title=VALUES(meta_title),meta_description=VALUES(meta_description),updated_at=NOW(3);
INSERT INTO product_i18n (product_id,locale,title,slug,description,alt,tags,specifications,meta_title,meta_description,created_at,updated_at) VALUES ('760de015-56e1-08e1-553e-9db1668ac9ad','de','Milsoft','milsoft','<p>Teil des geprüften Hersteller- und Lieferantennetzwerks von Sultan Defense. Kontaktieren Sie unser Exportteam für B2B-Beschaffung, technische Spezifikationen und exportfertige Angebote.</p>','Milsoft','[]','{}','Milsoft — Sultan Defense','Teil des geprüften Hersteller- und Lieferantennetzwerks von Sultan Defense. Kontaktieren Sie unser Exportteam für B2B-Beschaffung, technische Spezifikationen un',NOW(3),NOW(3)) ON DUPLICATE KEY UPDATE title=VALUES(title),slug=VALUES(slug),description=VALUES(description),alt=VALUES(alt),meta_title=VALUES(meta_title),meta_description=VALUES(meta_description),updated_at=NOW(3);
INSERT INTO product_i18n (product_id,locale,title,slug,description,alt,tags,specifications,meta_title,meta_description,created_at,updated_at) VALUES ('760de015-56e1-08e1-553e-9db1668ac9ad','ar','Milsoft','milsoft','<p>جزء من شبكة الموردين والمصنّعين المعتمدة لدى Sultan Defense. تواصل مع فريق التصدير لدينا للحصول على التوريد B2B والمواصفات الفنية وعروض الأسعار الجاهزة للتصدير.</p>','Milsoft','[]','{}','Milsoft — Sultan Defense','جزء من شبكة الموردين والمصنّعين المعتمدة لدى Sultan Defense. تواصل مع فريق التصدير لدينا للحصول على التوريد B2B والمواصفات الفنية وعروض الأسعار الجاهزة للتصدير.',NOW(3),NOW(3)) ON DUPLICATE KEY UPDATE title=VALUES(title),slug=VALUES(slug),description=VALUES(description),alt=VALUES(alt),meta_title=VALUES(meta_title),meta_description=VALUES(meta_description),updated_at=NOW(3);
INSERT INTO product_i18n (product_id,locale,title,slug,description,alt,tags,specifications,meta_title,meta_description,created_at,updated_at) VALUES ('760de015-56e1-08e1-553e-9db1668ac9ad','ru','Milsoft','milsoft','<p>Часть проверенной сети производителей и поставщиков Sultan Defense. Свяжитесь с нашим экспортным отделом для B2B-закупок, технических характеристик и готовых к экспорту предложений.</p>','Milsoft','[]','{}','Milsoft — Sultan Defense','Часть проверенной сети производителей и поставщиков Sultan Defense. Свяжитесь с нашим экспортным отделом для B2B-закупок, технических характеристик и готовых к ',NOW(3),NOW(3)) ON DUPLICATE KEY UPDATE title=VALUES(title),slug=VALUES(slug),description=VALUES(description),alt=VALUES(alt),meta_title=VALUES(meta_title),meta_description=VALUES(meta_description),updated_at=NOW(3);

INSERT INTO storage_assets (id,name,bucket,path,folder,mime,size,url,provider,provider_public_id,provider_resource_type,provider_format,created_at,updated_at) VALUES ('1af82067-1151-8907-4188-a04153691bab','savronik-1.jpg','products','sultandefense/products/savronik/savronik-1.jpg','sultandefense/products/savronik','image/jpeg',17501,'/media/sultandefense/products/savronik/savronik-1.jpg','local','sultandefense/products/savronik/savronik-1.jpg','image','jpg',NOW(3),NOW(3)) ON DUPLICATE KEY UPDATE url=VALUES(url),path=VALUES(path),size=VALUES(size),updated_at=NOW(3);
INSERT INTO storage_assets (id,name,bucket,path,folder,mime,size,url,provider,provider_public_id,provider_resource_type,provider_format,created_at,updated_at) VALUES ('7f6b3748-af70-0e54-ca84-1f0707ae6797','savronik-2.jpg','products','sultandefense/products/savronik/savronik-2.jpg','sultandefense/products/savronik','image/jpeg',18027,'/media/sultandefense/products/savronik/savronik-2.jpg','local','sultandefense/products/savronik/savronik-2.jpg','image','jpg',NOW(3),NOW(3)) ON DUPLICATE KEY UPDATE url=VALUES(url),path=VALUES(path),size=VALUES(size),updated_at=NOW(3);
INSERT INTO storage_assets (id,name,bucket,path,folder,mime,size,url,provider,provider_public_id,provider_resource_type,provider_format,created_at,updated_at) VALUES ('929a0b1a-e4b8-5dd0-54f8-5843335892d3','savronik-3.jpg','products','sultandefense/products/savronik/savronik-3.jpg','sultandefense/products/savronik','image/jpeg',175540,'/media/sultandefense/products/savronik/savronik-3.jpg','local','sultandefense/products/savronik/savronik-3.jpg','image','jpg',NOW(3),NOW(3)) ON DUPLICATE KEY UPDATE url=VALUES(url),path=VALUES(path),size=VALUES(size),updated_at=NOW(3);
INSERT INTO storage_assets (id,name,bucket,path,folder,mime,size,url,provider,provider_public_id,provider_resource_type,provider_format,created_at,updated_at) VALUES ('1a950c8d-940a-68e6-2f64-4331acc0512b','savronik-4.jpg','products','sultandefense/products/savronik/savronik-4.jpg','sultandefense/products/savronik','image/jpeg',48022,'/media/sultandefense/products/savronik/savronik-4.jpg','local','sultandefense/products/savronik/savronik-4.jpg','image','jpg',NOW(3),NOW(3)) ON DUPLICATE KEY UPDATE url=VALUES(url),path=VALUES(path),size=VALUES(size),updated_at=NOW(3);
INSERT INTO storage_assets (id,name,bucket,path,folder,mime,size,url,provider,provider_public_id,provider_resource_type,provider_format,created_at,updated_at) VALUES ('f6b395a4-2882-0861-c209-3d55af15ff2f','savronik-5.jpg','products','sultandefense/products/savronik/savronik-5.jpg','sultandefense/products/savronik','image/jpeg',17741,'/media/sultandefense/products/savronik/savronik-5.jpg','local','sultandefense/products/savronik/savronik-5.jpg','image','jpg',NOW(3),NOW(3)) ON DUPLICATE KEY UPDATE url=VALUES(url),path=VALUES(path),size=VALUES(size),updated_at=NOW(3);
INSERT INTO storage_assets (id,name,bucket,path,folder,mime,size,url,provider,provider_public_id,provider_resource_type,provider_format,created_at,updated_at) VALUES ('35390456-e574-20a9-a549-fd1a45d5bed3','savronik-6.jpg','products','sultandefense/products/savronik/savronik-6.jpg','sultandefense/products/savronik','image/jpeg',27665,'/media/sultandefense/products/savronik/savronik-6.jpg','local','sultandefense/products/savronik/savronik-6.jpg','image','jpg',NOW(3),NOW(3)) ON DUPLICATE KEY UPDATE url=VALUES(url),path=VALUES(path),size=VALUES(size),updated_at=NOW(3);
INSERT INTO storage_assets (id,name,bucket,path,folder,mime,size,url,provider,provider_public_id,provider_resource_type,provider_format,created_at,updated_at) VALUES ('63c80d1d-ed44-04be-9751-ab8f17c5c4c8','savronik-7.jpg','products','sultandefense/products/savronik/savronik-7.jpg','sultandefense/products/savronik','image/jpeg',17769,'/media/sultandefense/products/savronik/savronik-7.jpg','local','sultandefense/products/savronik/savronik-7.jpg','image','jpg',NOW(3),NOW(3)) ON DUPLICATE KEY UPDATE url=VALUES(url),path=VALUES(path),size=VALUES(size),updated_at=NOW(3);
INSERT INTO storage_assets (id,name,bucket,path,folder,mime,size,url,provider,provider_public_id,provider_resource_type,provider_format,created_at,updated_at) VALUES ('6833c312-ba00-9199-6675-133b92ad9c68','savronik-8.jpg','products','sultandefense/products/savronik/savronik-8.jpg','sultandefense/products/savronik','image/jpeg',26261,'/media/sultandefense/products/savronik/savronik-8.jpg','local','sultandefense/products/savronik/savronik-8.jpg','image','jpg',NOW(3),NOW(3)) ON DUPLICATE KEY UPDATE url=VALUES(url),path=VALUES(path),size=VALUES(size),updated_at=NOW(3);
INSERT INTO storage_assets (id,name,bucket,path,folder,mime,size,url,provider,provider_public_id,provider_resource_type,provider_format,created_at,updated_at) VALUES ('94b39cdd-e5b8-a4f0-b096-65fae16ad1ad','savronik-9.jpg','products','sultandefense/products/savronik/savronik-9.jpg','sultandefense/products/savronik','image/jpeg',18458,'/media/sultandefense/products/savronik/savronik-9.jpg','local','sultandefense/products/savronik/savronik-9.jpg','image','jpg',NOW(3),NOW(3)) ON DUPLICATE KEY UPDATE url=VALUES(url),path=VALUES(path),size=VALUES(size),updated_at=NOW(3);
INSERT INTO storage_assets (id,name,bucket,path,folder,mime,size,url,provider,provider_public_id,provider_resource_type,provider_format,created_at,updated_at) VALUES ('58b4f373-8a75-a3e1-b416-d3caf3e3c8b4','savronik-10.jpg','products','sultandefense/products/savronik/savronik-10.jpg','sultandefense/products/savronik','image/jpeg',53132,'/media/sultandefense/products/savronik/savronik-10.jpg','local','sultandefense/products/savronik/savronik-10.jpg','image','jpg',NOW(3),NOW(3)) ON DUPLICATE KEY UPDATE url=VALUES(url),path=VALUES(path),size=VALUES(size),updated_at=NOW(3);
INSERT INTO storage_assets (id,name,bucket,path,folder,mime,size,url,provider,provider_public_id,provider_resource_type,provider_format,created_at,updated_at) VALUES ('12bb972e-e241-4fd0-6fa5-63ea13e45cf3','savronik-11.jpg','products','sultandefense/products/savronik/savronik-11.jpg','sultandefense/products/savronik','image/jpeg',21200,'/media/sultandefense/products/savronik/savronik-11.jpg','local','sultandefense/products/savronik/savronik-11.jpg','image','jpg',NOW(3),NOW(3)) ON DUPLICATE KEY UPDATE url=VALUES(url),path=VALUES(path),size=VALUES(size),updated_at=NOW(3);
INSERT INTO storage_assets (id,name,bucket,path,folder,mime,size,url,provider,provider_public_id,provider_resource_type,provider_format,created_at,updated_at) VALUES ('487cebc0-b8ad-19a7-382b-ddf9b52d3e72','savronik-12.jpg','products','sultandefense/products/savronik/savronik-12.jpg','sultandefense/products/savronik','image/jpeg',31485,'/media/sultandefense/products/savronik/savronik-12.jpg','local','sultandefense/products/savronik/savronik-12.jpg','image','jpg',NOW(3),NOW(3)) ON DUPLICATE KEY UPDATE url=VALUES(url),path=VALUES(path),size=VALUES(size),updated_at=NOW(3);
INSERT INTO storage_assets (id,name,bucket,path,folder,mime,size,url,provider,provider_public_id,provider_resource_type,provider_format,created_at,updated_at) VALUES ('c5bf0b04-85ef-32eb-82d1-e5eb5f3b3182','savronik-13.jpg','products','sultandefense/products/savronik/savronik-13.jpg','sultandefense/products/savronik','image/jpeg',48082,'/media/sultandefense/products/savronik/savronik-13.jpg','local','sultandefense/products/savronik/savronik-13.jpg','image','jpg',NOW(3),NOW(3)) ON DUPLICATE KEY UPDATE url=VALUES(url),path=VALUES(path),size=VALUES(size),updated_at=NOW(3);
INSERT INTO storage_assets (id,name,bucket,path,folder,mime,size,url,provider,provider_public_id,provider_resource_type,provider_format,created_at,updated_at) VALUES ('ad79a45f-5c28-0d28-31c6-185adfb77807','savronik-14.jpg','products','sultandefense/products/savronik/savronik-14.jpg','sultandefense/products/savronik','image/jpeg',44231,'/media/sultandefense/products/savronik/savronik-14.jpg','local','sultandefense/products/savronik/savronik-14.jpg','image','jpg',NOW(3),NOW(3)) ON DUPLICATE KEY UPDATE url=VALUES(url),path=VALUES(path),size=VALUES(size),updated_at=NOW(3);
INSERT INTO storage_assets (id,name,bucket,path,folder,mime,size,url,provider,provider_public_id,provider_resource_type,provider_format,created_at,updated_at) VALUES ('056411de-2569-0fda-d0d2-0b20c8cc5880','savronik-15.jpg','products','sultandefense/products/savronik/savronik-15.jpg','sultandefense/products/savronik','image/jpeg',74436,'/media/sultandefense/products/savronik/savronik-15.jpg','local','sultandefense/products/savronik/savronik-15.jpg','image','jpg',NOW(3),NOW(3)) ON DUPLICATE KEY UPDATE url=VALUES(url),path=VALUES(path),size=VALUES(size),updated_at=NOW(3);
INSERT INTO storage_assets (id,name,bucket,path,folder,mime,size,url,provider,provider_public_id,provider_resource_type,provider_format,created_at,updated_at) VALUES ('9cca066c-aa80-deff-41f6-2f71c125a4c2','savronik-16.jpg','products','sultandefense/products/savronik/savronik-16.jpg','sultandefense/products/savronik','image/jpeg',55824,'/media/sultandefense/products/savronik/savronik-16.jpg','local','sultandefense/products/savronik/savronik-16.jpg','image','jpg',NOW(3),NOW(3)) ON DUPLICATE KEY UPDATE url=VALUES(url),path=VALUES(path),size=VALUES(size),updated_at=NOW(3);
INSERT INTO storage_assets (id,name,bucket,path,folder,mime,size,url,provider,provider_public_id,provider_resource_type,provider_format,created_at,updated_at) VALUES ('f6d7b7b7-0916-6d89-4dae-b6e4e39701b0','savronik-17.jpg','products','sultandefense/products/savronik/savronik-17.jpg','sultandefense/products/savronik','image/jpeg',86013,'/media/sultandefense/products/savronik/savronik-17.jpg','local','sultandefense/products/savronik/savronik-17.jpg','image','jpg',NOW(3),NOW(3)) ON DUPLICATE KEY UPDATE url=VALUES(url),path=VALUES(path),size=VALUES(size),updated_at=NOW(3);
INSERT INTO storage_assets (id,name,bucket,path,folder,mime,size,url,provider,provider_public_id,provider_resource_type,provider_format,created_at,updated_at) VALUES ('e869bcc7-cd5f-9d05-4ee5-945eb412f280','savronik-18.jpg','products','sultandefense/products/savronik/savronik-18.jpg','sultandefense/products/savronik','image/jpeg',124502,'/media/sultandefense/products/savronik/savronik-18.jpg','local','sultandefense/products/savronik/savronik-18.jpg','image','jpg',NOW(3),NOW(3)) ON DUPLICATE KEY UPDATE url=VALUES(url),path=VALUES(path),size=VALUES(size),updated_at=NOW(3);
INSERT INTO storage_assets (id,name,bucket,path,folder,mime,size,url,provider,provider_public_id,provider_resource_type,provider_format,created_at,updated_at) VALUES ('3c28b218-0bca-1203-f1e0-544d3758cf20','savronik-19.jpg','products','sultandefense/products/savronik/savronik-19.jpg','sultandefense/products/savronik','image/jpeg',23082,'/media/sultandefense/products/savronik/savronik-19.jpg','local','sultandefense/products/savronik/savronik-19.jpg','image','jpg',NOW(3),NOW(3)) ON DUPLICATE KEY UPDATE url=VALUES(url),path=VALUES(path),size=VALUES(size),updated_at=NOW(3);
INSERT INTO storage_assets (id,name,bucket,path,folder,mime,size,url,provider,provider_public_id,provider_resource_type,provider_format,created_at,updated_at) VALUES ('2cd69636-eeae-5fd5-dcf3-86e41dad70f0','savronik-20.jpg','products','sultandefense/products/savronik/savronik-20.jpg','sultandefense/products/savronik','image/jpeg',28739,'/media/sultandefense/products/savronik/savronik-20.jpg','local','sultandefense/products/savronik/savronik-20.jpg','image','jpg',NOW(3),NOW(3)) ON DUPLICATE KEY UPDATE url=VALUES(url),path=VALUES(path),size=VALUES(size),updated_at=NOW(3);
INSERT INTO storage_assets (id,name,bucket,path,folder,mime,size,url,provider,provider_public_id,provider_resource_type,provider_format,created_at,updated_at) VALUES ('c5e22b0e-12d9-1875-3fb8-8e904c2dda94','savronik-21.jpg','products','sultandefense/products/savronik/savronik-21.jpg','sultandefense/products/savronik','image/jpeg',24028,'/media/sultandefense/products/savronik/savronik-21.jpg','local','sultandefense/products/savronik/savronik-21.jpg','image','jpg',NOW(3),NOW(3)) ON DUPLICATE KEY UPDATE url=VALUES(url),path=VALUES(path),size=VALUES(size),updated_at=NOW(3);
INSERT INTO storage_assets (id,name,bucket,path,folder,mime,size,url,provider,provider_public_id,provider_resource_type,provider_format,created_at,updated_at) VALUES ('eb3bd20e-09e1-f1e0-1905-2f276949902b','savronik-22.jpg','products','sultandefense/products/savronik/savronik-22.jpg','sultandefense/products/savronik','image/jpeg',33167,'/media/sultandefense/products/savronik/savronik-22.jpg','local','sultandefense/products/savronik/savronik-22.jpg','image','jpg',NOW(3),NOW(3)) ON DUPLICATE KEY UPDATE url=VALUES(url),path=VALUES(path),size=VALUES(size),updated_at=NOW(3);
INSERT INTO storage_assets (id,name,bucket,path,folder,mime,size,url,provider,provider_public_id,provider_resource_type,provider_format,created_at,updated_at) VALUES ('97ab3a5a-2543-1493-380a-39972e28690e','savronik-23.jpg','products','sultandefense/products/savronik/savronik-23.jpg','sultandefense/products/savronik','image/jpeg',48829,'/media/sultandefense/products/savronik/savronik-23.jpg','local','sultandefense/products/savronik/savronik-23.jpg','image','jpg',NOW(3),NOW(3)) ON DUPLICATE KEY UPDATE url=VALUES(url),path=VALUES(path),size=VALUES(size),updated_at=NOW(3);
INSERT INTO storage_assets (id,name,bucket,path,folder,mime,size,url,provider,provider_public_id,provider_resource_type,provider_format,created_at,updated_at) VALUES ('1957897a-ad78-2fa2-54e0-c7fd751fc323','savronik-24.jpg','products','sultandefense/products/savronik/savronik-24.jpg','sultandefense/products/savronik','image/jpeg',45473,'/media/sultandefense/products/savronik/savronik-24.jpg','local','sultandefense/products/savronik/savronik-24.jpg','image','jpg',NOW(3),NOW(3)) ON DUPLICATE KEY UPDATE url=VALUES(url),path=VALUES(path),size=VALUES(size),updated_at=NOW(3);
INSERT INTO storage_assets (id,name,bucket,path,folder,mime,size,url,provider,provider_public_id,provider_resource_type,provider_format,created_at,updated_at) VALUES ('a39a25e2-f5e6-71ec-15b9-e3052e0f9963','savronik-25.jpg','products','sultandefense/products/savronik/savronik-25.jpg','sultandefense/products/savronik','image/jpeg',27534,'/media/sultandefense/products/savronik/savronik-25.jpg','local','sultandefense/products/savronik/savronik-25.jpg','image','jpg',NOW(3),NOW(3)) ON DUPLICATE KEY UPDATE url=VALUES(url),path=VALUES(path),size=VALUES(size),updated_at=NOW(3);
INSERT INTO storage_assets (id,name,bucket,path,folder,mime,size,url,provider,provider_public_id,provider_resource_type,provider_format,created_at,updated_at) VALUES ('6e53bfe0-4e10-cc13-47fc-74ce9d46cdbf','savronik-26.jpg','products','sultandefense/products/savronik/savronik-26.jpg','sultandefense/products/savronik','image/jpeg',21380,'/media/sultandefense/products/savronik/savronik-26.jpg','local','sultandefense/products/savronik/savronik-26.jpg','image','jpg',NOW(3),NOW(3)) ON DUPLICATE KEY UPDATE url=VALUES(url),path=VALUES(path),size=VALUES(size),updated_at=NOW(3);
INSERT INTO storage_assets (id,name,bucket,path,folder,mime,size,url,provider,provider_public_id,provider_resource_type,provider_format,created_at,updated_at) VALUES ('4670f8bb-a662-c9bc-bf36-cb269ea3bd00','savronik-27.jpg','products','sultandefense/products/savronik/savronik-27.jpg','sultandefense/products/savronik','image/jpeg',68798,'/media/sultandefense/products/savronik/savronik-27.jpg','local','sultandefense/products/savronik/savronik-27.jpg','image','jpg',NOW(3),NOW(3)) ON DUPLICATE KEY UPDATE url=VALUES(url),path=VALUES(path),size=VALUES(size),updated_at=NOW(3);
INSERT INTO storage_assets (id,name,bucket,path,folder,mime,size,url,provider,provider_public_id,provider_resource_type,provider_format,created_at,updated_at) VALUES ('fb97d3c7-311d-663b-187e-3241b651939a','savronik-28.jpg','products','sultandefense/products/savronik/savronik-28.jpg','sultandefense/products/savronik','image/jpeg',97576,'/media/sultandefense/products/savronik/savronik-28.jpg','local','sultandefense/products/savronik/savronik-28.jpg','image','jpg',NOW(3),NOW(3)) ON DUPLICATE KEY UPDATE url=VALUES(url),path=VALUES(path),size=VALUES(size),updated_at=NOW(3);
INSERT INTO storage_assets (id,name,bucket,path,folder,mime,size,url,provider,provider_public_id,provider_resource_type,provider_format,created_at,updated_at) VALUES ('d130eace-fe83-8b64-d760-41492637c5af','savronik-29.jpg','products','sultandefense/products/savronik/savronik-29.jpg','sultandefense/products/savronik','image/jpeg',27173,'/media/sultandefense/products/savronik/savronik-29.jpg','local','sultandefense/products/savronik/savronik-29.jpg','image','jpg',NOW(3),NOW(3)) ON DUPLICATE KEY UPDATE url=VALUES(url),path=VALUES(path),size=VALUES(size),updated_at=NOW(3);
INSERT INTO storage_assets (id,name,bucket,path,folder,mime,size,url,provider,provider_public_id,provider_resource_type,provider_format,created_at,updated_at) VALUES ('2ccf8eb3-849b-3e3c-6dea-74d78f20acc1','savronik-30.jpg','products','sultandefense/products/savronik/savronik-30.jpg','sultandefense/products/savronik','image/jpeg',23969,'/media/sultandefense/products/savronik/savronik-30.jpg','local','sultandefense/products/savronik/savronik-30.jpg','image','jpg',NOW(3),NOW(3)) ON DUPLICATE KEY UPDATE url=VALUES(url),path=VALUES(path),size=VALUES(size),updated_at=NOW(3);
INSERT INTO storage_assets (id,name,bucket,path,folder,mime,size,url,provider,provider_public_id,provider_resource_type,provider_format,created_at,updated_at) VALUES ('e1fa8972-572f-28fa-2044-c9205dec401b','savronik-31.jpg','products','sultandefense/products/savronik/savronik-31.jpg','sultandefense/products/savronik','image/jpeg',40721,'/media/sultandefense/products/savronik/savronik-31.jpg','local','sultandefense/products/savronik/savronik-31.jpg','image','jpg',NOW(3),NOW(3)) ON DUPLICATE KEY UPDATE url=VALUES(url),path=VALUES(path),size=VALUES(size),updated_at=NOW(3);
INSERT INTO products (id,item_type,category_id,price,image_url,storage_asset_id,images,storage_image_ids,is_active,is_featured,order_num,created_at,updated_at) VALUES ('d86a3615-720b-a870-9082-0c04960eac90','sultandefense','cccc0010-4010-4010-8010-cccccccc0010',0,'/media/sultandefense/products/savronik/savronik-1.jpg','1af82067-1151-8907-4188-a04153691bab','["/media/sultandefense/products/savronik/savronik-1.jpg","/media/sultandefense/products/savronik/savronik-2.jpg","/media/sultandefense/products/savronik/savronik-3.jpg","/media/sultandefense/products/savronik/savronik-4.jpg","/media/sultandefense/products/savronik/savronik-5.jpg","/media/sultandefense/products/savronik/savronik-6.jpg","/media/sultandefense/products/savronik/savronik-7.jpg","/media/sultandefense/products/savronik/savronik-8.jpg","/media/sultandefense/products/savronik/savronik-9.jpg","/media/sultandefense/products/savronik/savronik-10.jpg","/media/sultandefense/products/savronik/savronik-11.jpg","/media/sultandefense/products/savronik/savronik-12.jpg","/media/sultandefense/products/savronik/savronik-13.jpg","/media/sultandefense/products/savronik/savronik-14.jpg","/media/sultandefense/products/savronik/savronik-15.jpg","/media/sultandefense/products/savronik/savronik-16.jpg","/media/sultandefense/products/savronik/savronik-17.jpg","/media/sultandefense/products/savronik/savronik-18.jpg","/media/sultandefense/products/savronik/savronik-19.jpg","/media/sultandefense/products/savronik/savronik-20.jpg","/media/sultandefense/products/savronik/savronik-21.jpg","/media/sultandefense/products/savronik/savronik-22.jpg","/media/sultandefense/products/savronik/savronik-23.jpg","/media/sultandefense/products/savronik/savronik-24.jpg","/media/sultandefense/products/savronik/savronik-25.jpg","/media/sultandefense/products/savronik/savronik-26.jpg","/media/sultandefense/products/savronik/savronik-27.jpg","/media/sultandefense/products/savronik/savronik-28.jpg","/media/sultandefense/products/savronik/savronik-29.jpg","/media/sultandefense/products/savronik/savronik-30.jpg","/media/sultandefense/products/savronik/savronik-31.jpg"]','["1af82067-1151-8907-4188-a04153691bab","7f6b3748-af70-0e54-ca84-1f0707ae6797","929a0b1a-e4b8-5dd0-54f8-5843335892d3","1a950c8d-940a-68e6-2f64-4331acc0512b","f6b395a4-2882-0861-c209-3d55af15ff2f","35390456-e574-20a9-a549-fd1a45d5bed3","63c80d1d-ed44-04be-9751-ab8f17c5c4c8","6833c312-ba00-9199-6675-133b92ad9c68","94b39cdd-e5b8-a4f0-b096-65fae16ad1ad","58b4f373-8a75-a3e1-b416-d3caf3e3c8b4","12bb972e-e241-4fd0-6fa5-63ea13e45cf3","487cebc0-b8ad-19a7-382b-ddf9b52d3e72","c5bf0b04-85ef-32eb-82d1-e5eb5f3b3182","ad79a45f-5c28-0d28-31c6-185adfb77807","056411de-2569-0fda-d0d2-0b20c8cc5880","9cca066c-aa80-deff-41f6-2f71c125a4c2","f6d7b7b7-0916-6d89-4dae-b6e4e39701b0","e869bcc7-cd5f-9d05-4ee5-945eb412f280","3c28b218-0bca-1203-f1e0-544d3758cf20","2cd69636-eeae-5fd5-dcf3-86e41dad70f0","c5e22b0e-12d9-1875-3fb8-8e904c2dda94","eb3bd20e-09e1-f1e0-1905-2f276949902b","97ab3a5a-2543-1493-380a-39972e28690e","1957897a-ad78-2fa2-54e0-c7fd751fc323","a39a25e2-f5e6-71ec-15b9-e3052e0f9963","6e53bfe0-4e10-cc13-47fc-74ce9d46cdbf","4670f8bb-a662-c9bc-bf36-cb269ea3bd00","fb97d3c7-311d-663b-187e-3241b651939a","d130eace-fe83-8b64-d760-41492637c5af","2ccf8eb3-849b-3e3c-6dea-74d78f20acc1","e1fa8972-572f-28fa-2044-c9205dec401b"]',1,0,132,NOW(3),NOW(3)) ON DUPLICATE KEY UPDATE category_id=VALUES(category_id),image_url=VALUES(image_url),storage_asset_id=VALUES(storage_asset_id),images=VALUES(images),storage_image_ids=VALUES(storage_image_ids),is_active=1,updated_at=NOW(3);
INSERT INTO product_i18n (product_id,locale,title,slug,description,alt,tags,specifications,meta_title,meta_description,created_at,updated_at) VALUES ('d86a3615-720b-a870-9082-0c04960eac90','en','Savronik','savronik','<p>Part of Sultan Defense''s verified manufacturer and supplier network. Contact our export team for B2B procurement, technical specifications and export-ready quotations.</p>','Savronik','[]','{}','Savronik — Sultan Defense','Part of Sultan Defense''s verified manufacturer and supplier network. Contact our export team for B2B procurement, technical specifications and export-ready quot',NOW(3),NOW(3)) ON DUPLICATE KEY UPDATE title=VALUES(title),slug=VALUES(slug),description=VALUES(description),alt=VALUES(alt),meta_title=VALUES(meta_title),meta_description=VALUES(meta_description),updated_at=NOW(3);
INSERT INTO product_i18n (product_id,locale,title,slug,description,alt,tags,specifications,meta_title,meta_description,created_at,updated_at) VALUES ('d86a3615-720b-a870-9082-0c04960eac90','tr','Savronik','savronik','<p>Sultan Defense''in doğrulanmış üretici ve tedarikçi ağının bir parçası. B2B tedarik, teknik şartname ve ihracata hazır teklifler için ihracat ekibimizle iletişime geçin.</p>','Savronik','[]','{}','Savronik — Sultan Defense','Sultan Defense''in doğrulanmış üretici ve tedarikçi ağının bir parçası. B2B tedarik, teknik şartname ve ihracata hazır teklifler için ihracat ekibimizle iletişim',NOW(3),NOW(3)) ON DUPLICATE KEY UPDATE title=VALUES(title),slug=VALUES(slug),description=VALUES(description),alt=VALUES(alt),meta_title=VALUES(meta_title),meta_description=VALUES(meta_description),updated_at=NOW(3);
INSERT INTO product_i18n (product_id,locale,title,slug,description,alt,tags,specifications,meta_title,meta_description,created_at,updated_at) VALUES ('d86a3615-720b-a870-9082-0c04960eac90','de','Savronik','savronik','<p>Teil des geprüften Hersteller- und Lieferantennetzwerks von Sultan Defense. Kontaktieren Sie unser Exportteam für B2B-Beschaffung, technische Spezifikationen und exportfertige Angebote.</p>','Savronik','[]','{}','Savronik — Sultan Defense','Teil des geprüften Hersteller- und Lieferantennetzwerks von Sultan Defense. Kontaktieren Sie unser Exportteam für B2B-Beschaffung, technische Spezifikationen un',NOW(3),NOW(3)) ON DUPLICATE KEY UPDATE title=VALUES(title),slug=VALUES(slug),description=VALUES(description),alt=VALUES(alt),meta_title=VALUES(meta_title),meta_description=VALUES(meta_description),updated_at=NOW(3);
INSERT INTO product_i18n (product_id,locale,title,slug,description,alt,tags,specifications,meta_title,meta_description,created_at,updated_at) VALUES ('d86a3615-720b-a870-9082-0c04960eac90','ar','Savronik','savronik','<p>جزء من شبكة الموردين والمصنّعين المعتمدة لدى Sultan Defense. تواصل مع فريق التصدير لدينا للحصول على التوريد B2B والمواصفات الفنية وعروض الأسعار الجاهزة للتصدير.</p>','Savronik','[]','{}','Savronik — Sultan Defense','جزء من شبكة الموردين والمصنّعين المعتمدة لدى Sultan Defense. تواصل مع فريق التصدير لدينا للحصول على التوريد B2B والمواصفات الفنية وعروض الأسعار الجاهزة للتصدير.',NOW(3),NOW(3)) ON DUPLICATE KEY UPDATE title=VALUES(title),slug=VALUES(slug),description=VALUES(description),alt=VALUES(alt),meta_title=VALUES(meta_title),meta_description=VALUES(meta_description),updated_at=NOW(3);
INSERT INTO product_i18n (product_id,locale,title,slug,description,alt,tags,specifications,meta_title,meta_description,created_at,updated_at) VALUES ('d86a3615-720b-a870-9082-0c04960eac90','ru','Savronik','savronik','<p>Часть проверенной сети производителей и поставщиков Sultan Defense. Свяжитесь с нашим экспортным отделом для B2B-закупок, технических характеристик и готовых к экспорту предложений.</p>','Savronik','[]','{}','Savronik — Sultan Defense','Часть проверенной сети производителей и поставщиков Sultan Defense. Свяжитесь с нашим экспортным отделом для B2B-закупок, технических характеристик и готовых к ',NOW(3),NOW(3)) ON DUPLICATE KEY UPDATE title=VALUES(title),slug=VALUES(slug),description=VALUES(description),alt=VALUES(alt),meta_title=VALUES(meta_title),meta_description=VALUES(meta_description),updated_at=NOW(3);

INSERT INTO storage_assets (id,name,bucket,path,folder,mime,size,url,provider,provider_public_id,provider_resource_type,provider_format,created_at,updated_at) VALUES ('f3419d41-962b-6c7d-149d-00b1aa4812ef','simbt-1.jpg','products','sultandefense/products/simbt/simbt-1.jpg','sultandefense/products/simbt','image/jpeg',93882,'/media/sultandefense/products/simbt/simbt-1.jpg','local','sultandefense/products/simbt/simbt-1.jpg','image','jpg',NOW(3),NOW(3)) ON DUPLICATE KEY UPDATE url=VALUES(url),path=VALUES(path),size=VALUES(size),updated_at=NOW(3);
INSERT INTO storage_assets (id,name,bucket,path,folder,mime,size,url,provider,provider_public_id,provider_resource_type,provider_format,created_at,updated_at) VALUES ('04bf6f0b-59df-bd2a-44d3-c33243443675','simbt-2.jpg','products','sultandefense/products/simbt/simbt-2.jpg','sultandefense/products/simbt','image/jpeg',62378,'/media/sultandefense/products/simbt/simbt-2.jpg','local','sultandefense/products/simbt/simbt-2.jpg','image','jpg',NOW(3),NOW(3)) ON DUPLICATE KEY UPDATE url=VALUES(url),path=VALUES(path),size=VALUES(size),updated_at=NOW(3);
INSERT INTO storage_assets (id,name,bucket,path,folder,mime,size,url,provider,provider_public_id,provider_resource_type,provider_format,created_at,updated_at) VALUES ('89546875-7e80-edd3-f4f9-a7e6c632cc75','simbt-3.jpg','products','sultandefense/products/simbt/simbt-3.jpg','sultandefense/products/simbt','image/jpeg',128707,'/media/sultandefense/products/simbt/simbt-3.jpg','local','sultandefense/products/simbt/simbt-3.jpg','image','jpg',NOW(3),NOW(3)) ON DUPLICATE KEY UPDATE url=VALUES(url),path=VALUES(path),size=VALUES(size),updated_at=NOW(3);
INSERT INTO products (id,item_type,category_id,price,image_url,storage_asset_id,images,storage_image_ids,is_active,is_featured,order_num,created_at,updated_at) VALUES ('acd3e834-8e4b-58bf-16d5-f06887c2f335','sultandefense','cccc0010-4010-4010-8010-cccccccc0010',0,'/media/sultandefense/products/simbt/simbt-1.jpg','f3419d41-962b-6c7d-149d-00b1aa4812ef','["/media/sultandefense/products/simbt/simbt-1.jpg","/media/sultandefense/products/simbt/simbt-2.jpg","/media/sultandefense/products/simbt/simbt-3.jpg"]','["f3419d41-962b-6c7d-149d-00b1aa4812ef","04bf6f0b-59df-bd2a-44d3-c33243443675","89546875-7e80-edd3-f4f9-a7e6c632cc75"]',1,0,133,NOW(3),NOW(3)) ON DUPLICATE KEY UPDATE category_id=VALUES(category_id),image_url=VALUES(image_url),storage_asset_id=VALUES(storage_asset_id),images=VALUES(images),storage_image_ids=VALUES(storage_image_ids),is_active=1,updated_at=NOW(3);
INSERT INTO product_i18n (product_id,locale,title,slug,description,alt,tags,specifications,meta_title,meta_description,created_at,updated_at) VALUES ('acd3e834-8e4b-58bf-16d5-f06887c2f335','en','Simbt','simbt','<p>Part of Sultan Defense''s verified manufacturer and supplier network. Contact our export team for B2B procurement, technical specifications and export-ready quotations.</p>','Simbt','[]','{}','Simbt — Sultan Defense','Part of Sultan Defense''s verified manufacturer and supplier network. Contact our export team for B2B procurement, technical specifications and export-ready quot',NOW(3),NOW(3)) ON DUPLICATE KEY UPDATE title=VALUES(title),slug=VALUES(slug),description=VALUES(description),alt=VALUES(alt),meta_title=VALUES(meta_title),meta_description=VALUES(meta_description),updated_at=NOW(3);
INSERT INTO product_i18n (product_id,locale,title,slug,description,alt,tags,specifications,meta_title,meta_description,created_at,updated_at) VALUES ('acd3e834-8e4b-58bf-16d5-f06887c2f335','tr','Simbt','simbt','<p>Sultan Defense''in doğrulanmış üretici ve tedarikçi ağının bir parçası. B2B tedarik, teknik şartname ve ihracata hazır teklifler için ihracat ekibimizle iletişime geçin.</p>','Simbt','[]','{}','Simbt — Sultan Defense','Sultan Defense''in doğrulanmış üretici ve tedarikçi ağının bir parçası. B2B tedarik, teknik şartname ve ihracata hazır teklifler için ihracat ekibimizle iletişim',NOW(3),NOW(3)) ON DUPLICATE KEY UPDATE title=VALUES(title),slug=VALUES(slug),description=VALUES(description),alt=VALUES(alt),meta_title=VALUES(meta_title),meta_description=VALUES(meta_description),updated_at=NOW(3);
INSERT INTO product_i18n (product_id,locale,title,slug,description,alt,tags,specifications,meta_title,meta_description,created_at,updated_at) VALUES ('acd3e834-8e4b-58bf-16d5-f06887c2f335','de','Simbt','simbt','<p>Teil des geprüften Hersteller- und Lieferantennetzwerks von Sultan Defense. Kontaktieren Sie unser Exportteam für B2B-Beschaffung, technische Spezifikationen und exportfertige Angebote.</p>','Simbt','[]','{}','Simbt — Sultan Defense','Teil des geprüften Hersteller- und Lieferantennetzwerks von Sultan Defense. Kontaktieren Sie unser Exportteam für B2B-Beschaffung, technische Spezifikationen un',NOW(3),NOW(3)) ON DUPLICATE KEY UPDATE title=VALUES(title),slug=VALUES(slug),description=VALUES(description),alt=VALUES(alt),meta_title=VALUES(meta_title),meta_description=VALUES(meta_description),updated_at=NOW(3);
INSERT INTO product_i18n (product_id,locale,title,slug,description,alt,tags,specifications,meta_title,meta_description,created_at,updated_at) VALUES ('acd3e834-8e4b-58bf-16d5-f06887c2f335','ar','Simbt','simbt','<p>جزء من شبكة الموردين والمصنّعين المعتمدة لدى Sultan Defense. تواصل مع فريق التصدير لدينا للحصول على التوريد B2B والمواصفات الفنية وعروض الأسعار الجاهزة للتصدير.</p>','Simbt','[]','{}','Simbt — Sultan Defense','جزء من شبكة الموردين والمصنّعين المعتمدة لدى Sultan Defense. تواصل مع فريق التصدير لدينا للحصول على التوريد B2B والمواصفات الفنية وعروض الأسعار الجاهزة للتصدير.',NOW(3),NOW(3)) ON DUPLICATE KEY UPDATE title=VALUES(title),slug=VALUES(slug),description=VALUES(description),alt=VALUES(alt),meta_title=VALUES(meta_title),meta_description=VALUES(meta_description),updated_at=NOW(3);
INSERT INTO product_i18n (product_id,locale,title,slug,description,alt,tags,specifications,meta_title,meta_description,created_at,updated_at) VALUES ('acd3e834-8e4b-58bf-16d5-f06887c2f335','ru','Simbt','simbt','<p>Часть проверенной сети производителей и поставщиков Sultan Defense. Свяжитесь с нашим экспортным отделом для B2B-закупок, технических характеристик и готовых к экспорту предложений.</p>','Simbt','[]','{}','Simbt — Sultan Defense','Часть проверенной сети производителей и поставщиков Sultan Defense. Свяжитесь с нашим экспортным отделом для B2B-закупок, технических характеристик и готовых к ',NOW(3),NOW(3)) ON DUPLICATE KEY UPDATE title=VALUES(title),slug=VALUES(slug),description=VALUES(description),alt=VALUES(alt),meta_title=VALUES(meta_title),meta_description=VALUES(meta_description),updated_at=NOW(3);

